side,ablation,k,n_features,features,silhouette,davies_bouldin,stability_mean,stability_std,gt_ari,gt_purity,composite_score
ct,full,3,44,"adr, adr_std, kpr, survival_rate, damage_per_round, damage_taken_per_round, damage_diff_per_round, util_damage_per_round, assists_per_round, flash_assists_per_round, trade_kill_rate, death_traded_rate, trade_participation, opening_kill_rate, opening_death_rate, opening_duel_success, multi_kill_rate, rifle_kill_share, awp_kill_share, grenades_per_round, he_grenades_per_round, flashbangs_per_round, smokes_per_round, fire_nades_per_round, decoys_per_round, avg_distance_to_enemy, avg_distance_to_enemy_std, avg_distance_to_team_centroid, avg_distance_to_team_centroid_std, relative_team_centroid_distance, relative_team_centroid_distance_std, avg_distance_moved_per_round, avg_distance_moved_per_round_std, avg_distance_to_closest_teammate, avg_distance_to_closest_teammate_std, time_near_enemy_rate, time_near_enemy_rate_std, first_contact_rate, first_contact_rate_std, time_stationary_rate, time_stationary_rate_std, kast_std, impact_std, rating_std",0.12814648271705278,2.3884995834674747,0.7474362576869512,0.17774566192387445,0.5617696401500357,0.7737226277372263,0.3381580052403835
ct,full,4,44,"adr, adr_std, kpr, survival_rate, damage_per_round, damage_taken_per_round, damage_diff_per_round, util_damage_per_round, assists_per_round, flash_assists_per_round, trade_kill_rate, death_traded_rate, trade_participation, opening_kill_rate, opening_death_rate, opening_duel_success, multi_kill_rate, rifle_kill_share, awp_kill_share, grenades_per_round, he_grenades_per_round, flashbangs_per_round, smokes_per_round, fire_nades_per_round, decoys_per_round, avg_distance_to_enemy, avg_distance_to_enemy_std, avg_distance_to_team_centroid, avg_distance_to_team_centroid_std, relative_team_centroid_distance, relative_team_centroid_distance_std, avg_distance_moved_per_round, avg_distance_moved_per_round_std, avg_distance_to_closest_teammate, avg_distance_to_closest_teammate_std, time_near_enemy_rate, time_near_enemy_rate_std, first_contact_rate, first_contact_rate_std, time_stationary_rate, time_stationary_rate_std, kast_std, impact_std, rating_std",0.11222616182964362,2.4082950476457246,0.5630677337783346,0.10045362483672192,0.45591943974475313,0.7299270072992701,0.2886164740644396
ct,full,5,44,"adr, adr_std, kpr, survival_rate, damage_per_round, damage_taken_per_round, damage_diff_per_round, util_damage_per_round, assists_per_round, flash_assists_per_round, trade_kill_rate, death_traded_rate, trade_participation, opening_kill_rate, opening_death_rate, opening_duel_success, multi_kill_rate, rifle_kill_share, awp_kill_share, grenades_per_round, he_grenades_per_round, flashbangs_per_round, smokes_per_round, fire_nades_per_round, decoys_per_round, avg_distance_to_enemy, avg_distance_to_enemy_std, avg_distance_to_team_centroid, avg_distance_to_team_centroid_std, relative_team_centroid_distance, relative_team_centroid_distance_std, avg_distance_moved_per_round, avg_distance_moved_per_round_std, avg_distance_to_closest_teammate, avg_distance_to_closest_teammate_std, time_near_enemy_rate, time_near_enemy_rate_std, first_contact_rate, first_contact_rate_std, time_stationary_rate, time_stationary_rate_std, kast_std, impact_std, rating_std",0.10071119400191011,2.3514267921694754,0.5076482530466957,0.09982635544915995,0.41656548221173334,0.7883211678832117,0.2630893126523277
ct,full,6,44,"adr, adr_std, kpr, survival_rate, damage_per_round, damage_taken_per_round, damage_diff_per_round, util_damage_per_round, assists_per_round, flash_assists_per_round, trade_kill_rate, death_traded_rate, trade_participation, opening_kill_rate, opening_death_rate, opening_duel_success, multi_kill_rate, rifle_kill_share, awp_kill_share, grenades_per_round, he_grenades_per_round, flashbangs_per_round, smokes_per_round, fire_nades_per_round, decoys_per_round, avg_distance_to_enemy, avg_distance_to_enemy_std, avg_distance_to_team_centroid, avg_distance_to_team_centroid_std, relative_team_centroid_distance, relative_team_centroid_distance_std, avg_distance_moved_per_round, avg_distance_moved_per_round_std, avg_distance_to_closest_teammate, avg_distance_to_closest_teammate_std, time_near_enemy_rate, time_near_enemy_rate_std, first_contact_rate, first_contact_rate_std, time_stationary_rate, time_stationary_rate_std, kast_std, impact_std, rating_std",0.09725321794993425,2.4629192970926064,0.5127417559576589,0.09816153464246302,0.41859097176733356,0.7664233576642335,0.2624881146535972
ct,full,7,44,"adr, adr_std, kpr, survival_rate, damage_per_round, damage_taken_per_round, damage_diff_per_round, util_damage_per_round, assists_per_round, flash_assists_per_round, trade_kill_rate, death_traded_rate, trade_participation, opening_kill_rate, opening_death_rate, opening_duel_success, multi_kill_rate, rifle_kill_share, awp_kill_share, grenades_per_round, he_grenades_per_round, flashbangs_per_round, smokes_per_round, fire_nades_per_round, decoys_per_round, avg_distance_to_enemy, avg_distance_to_enemy_std, avg_distance_to_team_centroid, avg_distance_to_team_centroid_std, relative_team_centroid_distance, relative_team_centroid_distance_std, avg_distance_moved_per_round, avg_distance_moved_per_round_std, avg_distance_to_closest_teammate, avg_distance_to_closest_teammate_std, time_near_enemy_rate, time_near_enemy_rate_std, first_contact_rate, first_contact_rate_std, time_stationary_rate, time_stationary_rate_std, kast_std, impact_std, rating_std",0.09917908511119664,2.279283217301252,0.4952296999181551,0.09636248167990381,0.32645905387194984,0.7372262773722628,0.26020745908837467
ct,full,8,44,"adr, adr_std, kpr, survival_rate, damage_per_round, damage_taken_per_round, damage_diff_per_round, util_damage_per_round, assists_per_round, flash_assists_per_round, trade_kill_rate, death_traded_rate, trade_participation, opening_kill_rate, opening_death_rate, opening_duel_success, multi_kill_rate, rifle_kill_share, awp_kill_share, grenades_per_round, he_grenades_per_round, flashbangs_per_round, smokes_per_round, fire_nades_per_round, decoys_per_round, avg_distance_to_enemy, avg_distance_to_enemy_std, avg_distance_to_team_centroid, avg_distance_to_team_centroid_std, relative_team_centroid_distance, relative_team_centroid_distance_std, avg_distance_moved_per_round, avg_distance_moved_per_round_std, avg_distance_to_closest_teammate, avg_distance_to_closest_teammate_std, time_near_enemy_rate, time_near_enemy_rate_std, first_contact_rate, first_contact_rate_std, time_stationary_rate, time_stationary_rate_std, kast_std, impact_std, rating_std",0.09344266021771962,2.093154484665442,0.49712209679479874,0.08233898308305353,0.3463235020211972,0.7299270072992701,0.2679492203993944
ct,combat_only,3,7,"survival_rate, damage_per_round, damage_taken_per_round, damage_diff_per_round, multi_kill_rate, rifle_kill_share, awp_kill_share",0.31363254832253296,1.1064012633903726,0.7815640268066588,0.16163749964169255,0.2862453999792192,0.6131386861313869,0.46837230093311377
ct,combat_only,4,7,"survival_rate, damage_per_round, damage_taken_per_round, damage_diff_per_round, multi_kill_rate, rifle_kill_share, awp_kill_share",0.28181717558319763,1.0727625766942879,0.7435193584957134,0.16592885144460398,0.30771563054128864,0.6715328467153284,0.4402526576538881
ct,combat_only,5,7,"survival_rate, damage_per_round, damage_taken_per_round, damage_diff_per_round, multi_kill_rate, rifle_kill_share, awp_kill_share",0.26895375245063885,1.105786569616567,0.6523580928027064,0.18207272430996319,0.24494461427903744,0.6715328467153284,0.39067203529410344
ct,combat_only,6,7,"survival_rate, damage_per_round, damage_taken_per_round, damage_diff_per_round, multi_kill_rate, rifle_kill_share, awp_kill_share",0.25907058192608606,1.1180088541204745,0.5374895140019378,0.1447037666900361,0.2181381177923187,0.6715328467153284,0.35517084327232123
ct,combat_only,7,7,"survival_rate, damage_per_round, damage_taken_per_round, damage_diff_per_round, multi_kill_rate, rifle_kill_share, awp_kill_share",0.26024863355013184,1.0895224453642214,0.5188566244154963,0.13204577398950576,0.20325617292151243,0.6788321167883211,0.35453944404623444
ct,combat_only,8,7,"survival_rate, damage_per_round, damage_taken_per_round, damage_diff_per_round, multi_kill_rate, rifle_kill_share, awp_kill_share",0.2639287328437283,1.0946396762117327,0.5810389816262934,0.12920495328852635,0.1850176783092488,0.6642335766423357,0.3817869204008206
ct,no_combat,3,37,"adr, adr_std, kpr, util_damage_per_round, assists_per_round, flash_assists_per_round, trade_kill_rate, death_traded_rate, trade_participation, opening_kill_rate, opening_death_rate, opening_duel_success, grenades_per_round, he_grenades_per_round, flashbangs_per_round, smokes_per_round, fire_nades_per_round, decoys_per_round, avg_distance_to_enemy, avg_distance_to_enemy_std, avg_distance_to_team_centroid, avg_distance_to_team_centroid_std, relative_team_centroid_distance, relative_team_centroid_distance_std, avg_distance_moved_per_round, avg_distance_moved_per_round_std, avg_distance_to_closest_teammate, avg_distance_to_closest_teammate_std, time_near_enemy_rate, time_near_enemy_rate_std, first_contact_rate, first_contact_rate_std, time_stationary_rate, time_stationary_rate_std, kast_std, impact_std, rating_std",0.11162995880430057,2.4801010761949427,0.6842368815891845,0.20663022130227593,0.5796410271193525,0.7737226277372263,0.29316424280659725
ct,no_combat,4,37,"adr, adr_std, kpr, util_damage_per_round, assists_per_round, flash_assists_per_round, trade_kill_rate, death_traded_rate, trade_participation, opening_kill_rate, opening_death_rate, opening_duel_success, grenades_per_round, he_grenades_per_round, flashbangs_per_round, smokes_per_round, fire_nades_per_round, decoys_per_round, avg_distance_to_enemy, avg_distance_to_enemy_std, avg_distance_to_team_centroid, avg_distance_to_team_centroid_std, relative_team_centroid_distance, relative_team_centroid_distance_std, avg_distance_moved_per_round, avg_distance_moved_per_round_std, avg_distance_to_closest_teammate, avg_distance_to_closest_teammate_std, time_near_enemy_rate, time_near_enemy_rate_std, first_contact_rate, first_contact_rate_std, time_stationary_rate, time_stationary_rate_std, kast_std, impact_std, rating_std",0.09641241574615493,2.4378827332546895,0.43560655312489016,0.10013002007773038,0.4174055160853958,0.7226277372262774,0.23093092042276084
ct,no_combat,5,37,"adr, adr_std, kpr, util_damage_per_round, assists_per_round, flash_assists_per_round, trade_kill_rate, death_traded_rate, trade_participation, opening_kill_rate, opening_death_rate, opening_duel_success, grenades_per_round, he_grenades_per_round, flashbangs_per_round, smokes_per_round, fire_nades_per_round, decoys_per_round, avg_distance_to_enemy, avg_distance_to_enemy_std, avg_distance_to_team_centroid, avg_distance_to_team_centroid_std, relative_team_centroid_distance, relative_team_centroid_distance_std, avg_distance_moved_per_round, avg_distance_moved_per_round_std, avg_distance_to_closest_teammate, avg_distance_to_closest_teammate_std, time_near_enemy_rate, time_near_enemy_rate_std, first_contact_rate, first_contact_rate_std, time_stationary_rate, time_stationary_rate_std, kast_std, impact_std, rating_std",0.09495089990235192,2.4194546321086703,0.5057710408824589,0.11005335354934016,0.3233498247532071,0.7153284671532847,0.2547562939426461
ct,no_combat,6,37,"adr, adr_std, kpr, util_damage_per_round, assists_per_round, flash_assists_per_round, trade_kill_rate, death_traded_rate, trade_participation, opening_kill_rate, opening_death_rate, opening_duel_success, grenades_per_round, he_grenades_per_round, flashbangs_per_round, smokes_per_round, fire_nades_per_round, decoys_per_round, avg_distance_to_enemy, avg_distance_to_enemy_std, avg_distance_to_team_centroid, avg_distance_to_team_centroid_std, relative_team_centroid_distance, relative_team_centroid_distance_std, avg_distance_moved_per_round, avg_distance_moved_per_round_std, avg_distance_to_closest_teammate, avg_distance_to_closest_teammate_std, time_near_enemy_rate, time_near_enemy_rate_std, first_contact_rate, first_contact_rate_std, time_stationary_rate, time_stationary_rate_std, kast_std, impact_std, rating_std",0.09476049380487027,2.13547395372287,0.5042914516321135,0.11755359350710966,0.3756355316730923,0.708029197080292,0.2563855507522725
ct,no_combat,7,37,"adr, adr_std, kpr, util_damage_per_round, assists_per_round, flash_assists_per_round, trade_kill_rate, death_traded_rate, trade_participation, opening_kill_rate, opening_death_rate, opening_duel_success, grenades_per_round, he_grenades_per_round, flashbangs_per_round, smokes_per_round, fire_nades_per_round, decoys_per_round, avg_distance_to_enemy, avg_distance_to_enemy_std, avg_distance_to_team_centroid, avg_distance_to_team_centroid_std, relative_team_centroid_distance, relative_team_centroid_distance_std, avg_distance_moved_per_round, avg_distance_moved_per_round_std, avg_distance_to_closest_teammate, avg_distance_to_closest_teammate_std, time_near_enemy_rate, time_near_enemy_rate_std, first_contact_rate, first_contact_rate_std, time_stationary_rate, time_stationary_rate_std, kast_std, impact_std, rating_std",0.08934178079805816,2.252897536744484,0.46872685533369135,0.09793822729629466,0.2937030183736087,0.7372262773722628,0.24553580934251595
ct,no_combat,8,37,"adr, adr_std, kpr, util_damage_per_round, assists_per_round, flash_assists_per_round, trade_kill_rate, death_traded_rate, trade_participation, opening_kill_rate, opening_death_rate, opening_duel_success, grenades_per_round, he_grenades_per_round, flashbangs_per_round, smokes_per_round, fire_nades_per_round, decoys_per_round, avg_distance_to_enemy, avg_distance_to_enemy_std, avg_distance_to_team_centroid, avg_distance_to_team_centroid_std, relative_team_centroid_distance, relative_team_centroid_distance_std, avg_distance_moved_per_round, avg_distance_moved_per_round_std, avg_distance_to_closest_teammate, avg_distance_to_closest_teammate_std, time_near_enemy_rate, time_near_enemy_rate_std, first_contact_rate, first_contact_rate_std, time_stationary_rate, time_stationary_rate_std, kast_std, impact_std, rating_std",0.08406341149099807,2.0475850284301496,0.4505468832737252,0.08370778970991698,0.375508030670471,0.7372262773722628,0.24598673457220432
ct,opening_aggression_only,3,5,"opening_kill_rate, opening_death_rate, opening_duel_success, first_contact_rate, time_near_enemy_rate",0.2541121225172388,1.2886579712360033,0.8317528156716252,0.14203491429006024,0.2009598153886997,0.5547445255474452,0.46491946653807076
ct,opening_aggression_only,4,5,"opening_kill_rate, opening_death_rate, opening_duel_success, first_contact_rate, time_near_enemy_rate",0.2435090130607828,1.2594322284002704,0.6088690342356258,0.14541882179492327,0.2022590968587414,0.5912408759124088,0.3713015034308695
ct,opening_aggression_only,5,5,"opening_kill_rate, opening_death_rate, opening_duel_success, first_contact_rate, time_near_enemy_rate",0.2297233200942736,1.3152674431007905,0.5680260244568555,0.11271787812699872,0.2039866415375219,0.6058394160583942,0.3603956956121842
ct,opening_aggression_only,6,5,"opening_kill_rate, opening_death_rate, opening_duel_success, first_contact_rate, time_near_enemy_rate",0.2193391252158549,1.2951196795060684,0.4828904771365933,0.10507165862018754,0.18956619052992305,0.5912408759124088,0.32600460274661563
ct,opening_aggression_only,7,5,"opening_kill_rate, opening_death_rate, opening_duel_success, first_contact_rate, time_near_enemy_rate",0.21070957058075115,1.287551074869846,0.46108315549311724,0.10096842088266952,0.17784967372537128,0.6058394160583942,0.3157594639507148
ct,opening_aggression_only,8,5,"opening_kill_rate, opening_death_rate, opening_duel_success, first_contact_rate, time_near_enemy_rate",0.21015974292875436,1.2213173482640787,0.46144280606642196,0.09664222890719751,0.17740570958159335,0.6204379562043796,0.3200207903591483
ct,no_opening_aggression,3,39,"adr, adr_std, kpr, survival_rate, damage_per_round, damage_taken_per_round, damage_diff_per_round, util_damage_per_round, assists_per_round, flash_assists_per_round, trade_kill_rate, death_traded_rate, trade_participation, multi_kill_rate, rifle_kill_share, awp_kill_share, grenades_per_round, he_grenades_per_round, flashbangs_per_round, smokes_per_round, fire_nades_per_round, decoys_per_round, avg_distance_to_enemy, avg_distance_to_enemy_std, avg_distance_to_team_centroid, avg_distance_to_team_centroid_std, relative_team_centroid_distance, relative_team_centroid_distance_std, avg_distance_moved_per_round, avg_distance_moved_per_round_std, avg_distance_to_closest_teammate, avg_distance_to_closest_teammate_std, time_near_enemy_rate_std, first_contact_rate_std, time_stationary_rate, time_stationary_rate_std, kast_std, impact_std, rating_std",0.12150497267256098,2.336306286886454,0.70045401710783,0.1784635613649513,0.5149470307503734,0.7591240875912408,0.31734470588733527
ct,no_opening_aggression,4,39,"adr, adr_std, kpr, survival_rate, damage_per_round, damage_taken_per_round, damage_diff_per_round, util_damage_per_round, assists_per_round, flash_assists_per_round, trade_kill_rate, death_traded_rate, trade_participation, multi_kill_rate, rifle_kill_share, awp_kill_share, grenades_per_round, he_grenades_per_round, flashbangs_per_round, smokes_per_round, fire_nades_per_round, decoys_per_round, avg_distance_to_enemy, avg_distance_to_enemy_std, avg_distance_to_team_centroid, avg_distance_to_team_centroid_std, relative_team_centroid_distance, relative_team_centroid_distance_std, avg_distance_moved_per_round, avg_distance_moved_per_round_std, avg_distance_to_closest_teammate, avg_distance_to_closest_teammate_std, time_near_enemy_rate_std, first_contact_rate_std, time_stationary_rate, time_stationary_rate_std, kast_std, impact_std, rating_std",0.11605304671417258,2.3424666072218314,0.5723662278793354,0.12662202971355166,0.40871084584594963,0.7664233576642335,0.28455494824127314
ct,no_opening_aggression,5,39,"adr, adr_std, kpr, survival_rate, damage_per_round, damage_taken_per_round, damage_diff_per_round, util_damage_per_round, assists_per_round, flash_assists_per_round, trade_kill_rate, death_traded_rate, trade_participation, multi_kill_rate, rifle_kill_share, awp_kill_share, grenades_per_round, he_grenades_per_round, flashbangs_per_round, smokes_per_round, fire_nades_per_round, decoys_per_round, avg_distance_to_enemy, avg_distance_to_enemy_std, avg_distance_to_team_centroid, avg_distance_to_team_centroid_std, relative_team_centroid_distance, relative_team_centroid_distance_std, avg_distance_moved_per_round, avg_distance_moved_per_round_std, avg_distance_to_closest_teammate, avg_distance_to_closest_teammate_std, time_near_enemy_rate_std, first_contact_rate_std, time_stationary_rate, time_stationary_rate_std, kast_std, impact_std, rating_std",0.11092062870118499,2.3078418077881744,0.5435985612709631,0.11971836627776869,0.354541436386629,0.7591240875912408,0.27438271299594436
ct,no_opening_aggression,6,39,"adr, adr_std, kpr, survival_rate, damage_per_round, damage_taken_per_round, damage_diff_per_round, util_damage_per_round, assists_per_round, flash_assists_per_round, trade_kill_rate, death_traded_rate, trade_participation, multi_kill_rate, rifle_kill_share, awp_kill_share, grenades_per_round, he_grenades_per_round, flashbangs_per_round, smokes_per_round, fire_nades_per_round, decoys_per_round, avg_distance_to_enemy, avg_distance_to_enemy_std, avg_distance_to_team_centroid, avg_distance_to_team_centroid_std, relative_team_centroid_distance, relative_team_centroid_distance_std, avg_distance_moved_per_round, avg_distance_moved_per_round_std, avg_distance_to_closest_teammate, avg_distance_to_closest_teammate_std, time_near_enemy_rate_std, first_contact_rate_std, time_stationary_rate, time_stationary_rate_std, kast_std, impact_std, rating_std",0.09961236162635705,2.2216972106245496,0.5177980448472831,0.10902860193767952,0.40650901373676607,0.7518248175182481,0.2654318021638466
ct,no_opening_aggression,7,39,"adr, adr_std, kpr, survival_rate, damage_per_round, damage_taken_per_round, damage_diff_per_round, util_damage_per_round, assists_per_round, flash_assists_per_round, trade_kill_rate, death_traded_rate, trade_participation, multi_kill_rate, rifle_kill_share, awp_kill_share, grenades_per_round, he_grenades_per_round, flashbangs_per_round, smokes_per_round, fire_nades_per_round, decoys_per_round, avg_distance_to_enemy, avg_distance_to_enemy_std, avg_distance_to_team_centroid, avg_distance_to_team_centroid_std, relative_team_centroid_distance, relative_team_centroid_distance_std, avg_distance_moved_per_round, avg_distance_moved_per_round_std, avg_distance_to_closest_teammate, avg_distance_to_closest_teammate_std, time_near_enemy_rate_std, first_contact_rate_std, time_stationary_rate, time_stationary_rate_std, kast_std, impact_std, rating_std",0.10556015892655717,2.1446995780419145,0.5275791156348272,0.08677308857238411,0.36361085868762844,0.7737226277372263,0.28214555438292677
ct,no_opening_aggression,8,39,"adr, adr_std, kpr, survival_rate, damage_per_round, damage_taken_per_round, damage_diff_per_round, util_damage_per_round, assists_per_round, flash_assists_per_round, trade_kill_rate, death_traded_rate, trade_participation, multi_kill_rate, rifle_kill_share, awp_kill_share, grenades_per_round, he_grenades_per_round, flashbangs_per_round, smokes_per_round, fire_nades_per_round, decoys_per_round, avg_distance_to_enemy, avg_distance_to_enemy_std, avg_distance_to_team_centroid, avg_distance_to_team_centroid_std, relative_team_centroid_distance, relative_team_centroid_distance_std, avg_distance_moved_per_round, avg_distance_moved_per_round_std, avg_distance_to_closest_teammate, avg_distance_to_closest_teammate_std, time_near_enemy_rate_std, first_contact_rate_std, time_stationary_rate, time_stationary_rate_std, kast_std, impact_std, rating_std",0.09672328690953871,1.998740642329317,0.47434167825620704,0.08644439952118425,0.34602471599621726,0.7445255474452555,0.2605428904034531
ct,trading_teamwork_only,3,5,"trade_kill_rate, death_traded_rate, trade_participation, assists_per_round, flash_assists_per_round",0.4255218100253687,1.0348851566482395,0.7731006857889455,0.16123397673967307,0.0892761874234286,0.46715328467153283,0.513241052569854
ct,trading_teamwork_only,4,5,"trade_kill_rate, death_traded_rate, trade_participation, assists_per_round, flash_assists_per_round",0.35025727751767827,1.104552879499125,0.7912710902869686,0.14882880649261643,0.06271151791362065,0.46715328467153283,0.49211188665460726
ct,trading_teamwork_only,5,5,"trade_kill_rate, death_traded_rate, trade_participation, assists_per_round, flash_assists_per_round",0.3521648171360208,1.050351191730316,0.8166174281677661,0.10297713880610272,0.07394589936853105,0.48905109489051096,0.5238663076043373
ct,trading_teamwork_only,6,5,"trade_kill_rate, death_traded_rate, trade_participation, assists_per_round, flash_assists_per_round",0.335688488663932,1.0337077148275986,0.8115676378205948,0.1056861183023872,0.08732064746739969,0.48905109489051096,0.5149705519792487
ct,trading_teamwork_only,7,5,"trade_kill_rate, death_traded_rate, trade_participation, assists_per_round, flash_assists_per_round",0.319233356431668,1.053598551102953,0.7389210869078927,0.11194427574074026,0.09349058132965343,0.5109489051094891,0.47587408510931273
ct,trading_teamwork_only,8,5,"trade_kill_rate, death_traded_rate, trade_participation, assists_per_round, flash_assists_per_round",0.31311882580761274,1.0773056104462257,0.7105831035952004,0.10906807202278254,0.09626662751220362,0.5255474452554745,0.46213210639219765
ct,no_trading_teamwork,3,39,"adr, adr_std, kpr, survival_rate, damage_per_round, damage_taken_per_round, damage_diff_per_round, util_damage_per_round, opening_kill_rate, opening_death_rate, opening_duel_success, multi_kill_rate, rifle_kill_share, awp_kill_share, grenades_per_round, he_grenades_per_round, flashbangs_per_round, smokes_per_round, fire_nades_per_round, decoys_per_round, avg_distance_to_enemy, avg_distance_to_enemy_std, avg_distance_to_team_centroid, avg_distance_to_team_centroid_std, relative_team_centroid_distance, relative_team_centroid_distance_std, avg_distance_moved_per_round, avg_distance_moved_per_round_std, avg_distance_to_closest_teammate, avg_distance_to_closest_teammate_std, time_near_enemy_rate, time_near_enemy_rate_std, first_contact_rate, first_contact_rate_std, time_stationary_rate, time_stationary_rate_std, kast_std, impact_std, rating_std",0.14102480319935337,2.2175313198715725,0.7659817912011344,0.16943088354205743,0.5757622412545811,0.781021897810219,0.3571897414292422
ct,no_trading_teamwork,4,39,"adr, adr_std, kpr, survival_rate, damage_per_round, damage_taken_per_round, damage_diff_per_round, util_damage_per_round, opening_kill_rate, opening_death_rate, opening_duel_success, multi_kill_rate, rifle_kill_share, awp_kill_share, grenades_per_round, he_grenades_per_round, flashbangs_per_round, smokes_per_round, fire_nades_per_round, decoys_per_round, avg_distance_to_enemy, avg_distance_to_enemy_std, avg_distance_to_team_centroid, avg_distance_to_team_centroid_std, relative_team_centroid_distance, relative_team_centroid_distance_std, avg_distance_moved_per_round, avg_distance_moved_per_round_std, avg_distance_to_closest_teammate, avg_distance_to_closest_teammate_std, time_near_enemy_rate, time_near_enemy_rate_std, first_contact_rate, first_contact_rate_std, time_stationary_rate, time_stationary_rate_std, kast_std, impact_std, rating_std",0.13525153079560207,2.2190681716952496,0.631748664649376,0.10124973280416429,0.525122842902773,0.7883211678832117,0.32842996589121676
ct,no_trading_teamwork,5,39,"adr, adr_std, kpr, survival_rate, damage_per_round, damage_taken_per_round, damage_diff_per_round, util_damage_per_round, opening_kill_rate, opening_death_rate, opening_duel_success, multi_kill_rate, rifle_kill_share, awp_kill_share, grenades_per_round, he_grenades_per_round, flashbangs_per_round, smokes_per_round, fire_nades_per_round, decoys_per_round, avg_distance_to_enemy, avg_distance_to_enemy_std, avg_distance_to_team_centroid, avg_distance_to_team_centroid_std, relative_team_centroid_distance, relative_team_centroid_distance_std, avg_distance_moved_per_round, avg_distance_moved_per_round_std, avg_distance_to_closest_teammate, avg_distance_to_closest_teammate_std, time_near_enemy_rate, time_near_enemy_rate_std, first_contact_rate, first_contact_rate_std, time_stationary_rate, time_stationary_rate_std, kast_std, impact_std, rating_std",0.13446854532260072,2.117291233598949,0.6220271120579589,0.11045337768139647,0.5373036308813385,0.7883211678832117,0.3225751778268279
ct,no_trading_teamwork,6,39,"adr, adr_std, kpr, survival_rate, damage_per_round, damage_taken_per_round, damage_diff_per_round, util_damage_per_round, opening_kill_rate, opening_death_rate, opening_duel_success, multi_kill_rate, rifle_kill_share, awp_kill_share, grenades_per_round, he_grenades_per_round, flashbangs_per_round, smokes_per_round, fire_nades_per_round, decoys_per_round, avg_distance_to_enemy, avg_distance_to_enemy_std, avg_distance_to_team_centroid, avg_distance_to_team_centroid_std, relative_team_centroid_distance, relative_team_centroid_distance_std, avg_distance_moved_per_round, avg_distance_moved_per_round_std, avg_distance_to_closest_teammate, avg_distance_to_closest_teammate_std, time_near_enemy_rate, time_near_enemy_rate_std, first_contact_rate, first_contact_rate_std, time_stationary_rate, time_stationary_rate_std, kast_std, impact_std, rating_std",0.11155177067890083,2.022381413482213,0.5224389586235901,0.09589036469196503,0.47469946459932966,0.781021897810219,0.28141313086451314
ct,no_trading_teamwork,7,39,"adr, adr_std, kpr, survival_rate, damage_per_round, damage_taken_per_round, damage_diff_per_round, util_damage_per_round, opening_kill_rate, opening_death_rate, opening_duel_success, multi_kill_rate, rifle_kill_share, awp_kill_share, grenades_per_round, he_grenades_per_round, flashbangs_per_round, smokes_per_round, fire_nades_per_round, decoys_per_round, avg_distance_to_enemy, avg_distance_to_enemy_std, avg_distance_to_team_centroid, avg_distance_to_team_centroid_std, relative_team_centroid_distance, relative_team_centroid_distance_std, avg_distance_moved_per_round, avg_distance_moved_per_round_std, avg_distance_to_closest_teammate, avg_distance_to_closest_teammate_std, time_near_enemy_rate, time_near_enemy_rate_std, first_contact_rate, first_contact_rate_std, time_stationary_rate, time_stationary_rate_std, kast_std, impact_std, rating_std",0.10557712025872328,2.0913012714274655,0.49307065654661186,0.08708875995295368,0.39483627130359655,0.781021897810219,0.26932128012807166
ct,no_trading_teamwork,8,39,"adr, adr_std, kpr, survival_rate, damage_per_round, damage_taken_per_round, damage_diff_per_round, util_damage_per_round, opening_kill_rate, opening_death_rate, opening_duel_success, multi_kill_rate, rifle_kill_share, awp_kill_share, grenades_per_round, he_grenades_per_round, flashbangs_per_round, smokes_per_round, fire_nades_per_round, decoys_per_round, avg_distance_to_enemy, avg_distance_to_enemy_std, avg_distance_to_team_centroid, avg_distance_to_team_centroid_std, relative_team_centroid_distance, relative_team_centroid_distance_std, avg_distance_moved_per_round, avg_distance_moved_per_round_std, avg_distance_to_closest_teammate, avg_distance_to_closest_teammate_std, time_near_enemy_rate, time_near_enemy_rate_std, first_contact_rate, first_contact_rate_std, time_stationary_rate, time_stationary_rate_std, kast_std, impact_std, rating_std",0.10661278084549024,2.1620587620979346,0.4677536051809831,0.07962662270471244,0.47401166268094935,0.7737226277372263,0.2611458367965515
ct,utility_only,3,6,"grenades_per_round, he_grenades_per_round, flashbangs_per_round, smokes_per_round, fire_nades_per_round, util_damage_per_round",0.2275913475733505,1.3342736573293312,0.7400134821773201,0.18450192983369532,0.1538529307127359,0.5474452554744526,0.39892091708182453
ct,utility_only,4,6,"grenades_per_round, he_grenades_per_round, flashbangs_per_round, smokes_per_round, fire_nades_per_round, util_damage_per_round",0.20667461626355563,1.3986494903297435,0.593562298658275,0.15066523326697437,0.13768567970798573,0.5766423357664233,0.3432089250941167
ct,utility_only,5,6,"grenades_per_round, he_grenades_per_round, flashbangs_per_round, smokes_per_round, fire_nades_per_round, util_damage_per_round",0.1992679899180447,1.388268109542099,0.5082327611014159,0.10725596510838303,0.11441938220835213,0.5693430656934306,0.32384060606680687
ct,utility_only,6,6,"grenades_per_round, he_grenades_per_round, flashbangs_per_round, smokes_per_round, fire_nades_per_round, util_damage_per_round",0.18544699048304802,1.4521184744970619,0.5089069506658004,0.10834071649336462,0.09178068604916181,0.5401459854014599,0.31596741750001933
ct,utility_only,7,6,"grenades_per_round, he_grenades_per_round, flashbangs_per_round, smokes_per_round, fire_nades_per_round, util_damage_per_round",0.20018776824615206,1.3518699405138572,0.5096774485238796,0.10720182425976929,0.09932158507743723,0.5766423357664233,0.32610407302949124
ct,utility_only,8,6,"grenades_per_round, he_grenades_per_round, flashbangs_per_round, smokes_per_round, fire_nades_per_round, util_damage_per_round",0.20429177257440326,1.3250665845157281,0.5710593514592022,0.1218049436613758,0.10853999587107371,0.6131386861313869,0.3474375140687845
ct,no_utility,3,38,"adr, adr_std, kpr, survival_rate, damage_per_round, damage_taken_per_round, damage_diff_per_round, assists_per_round, flash_assists_per_round, trade_kill_rate, death_traded_rate, trade_participation, opening_kill_rate, opening_death_rate, opening_duel_success, multi_kill_rate, rifle_kill_share, awp_kill_share, decoys_per_round, avg_distance_to_enemy, avg_distance_to_enemy_std, avg_distance_to_team_centroid, avg_distance_to_team_centroid_std, relative_team_centroid_distance, relative_team_centroid_distance_std, avg_distance_moved_per_round, avg_distance_moved_per_round_std, avg_distance_to_closest_teammate, avg_distance_to_closest_teammate_std, time_near_enemy_rate, time_near_enemy_rate_std, first_contact_rate, first_contact_rate_std, time_stationary_rate, time_stationary_rate_std, kast_std, impact_std, rating_std",0.13370129412369688,2.2574126895968925,0.7839133047466416,0.17484914844766952,0.5240248746423348,0.7591240875912408,0.35850460249324356
ct,no_utility,4,38,"adr, adr_std, kpr, survival_rate, damage_per_round, damage_taken_per_round, damage_diff_per_round, assists_per_round, flash_assists_per_round, trade_kill_rate, death_traded_rate, trade_participation, opening_kill_rate, opening_death_rate, opening_duel_success, multi_kill_rate, rifle_kill_share, awp_kill_share, decoys_per_round, avg_distance_to_enemy, avg_distance_to_enemy_std, avg_distance_to_team_centroid, avg_distance_to_team_centroid_std, relative_team_centroid_distance, relative_team_centroid_distance_std, avg_distance_moved_per_round, avg_distance_moved_per_round_std, avg_distance_to_closest_teammate, avg_distance_to_closest_teammate_std, time_near_enemy_rate, time_near_enemy_rate_std, first_contact_rate, first_contact_rate_std, time_stationary_rate, time_stationary_rate_std, kast_std, impact_std, rating_std",0.12571962498597294,2.2811206649188973,0.6473803039482289,0.10443225757908034,0.5345748820120201,0.7664233576642335,0.3284218521129063
ct,no_utility,5,38,"adr, adr_std, kpr, survival_rate, damage_per_round, damage_taken_per_round, damage_diff_per_round, assists_per_round, flash_assists_per_round, trade_kill_rate, death_traded_rate, trade_participation, opening_kill_rate, opening_death_rate, opening_duel_success, multi_kill_rate, rifle_kill_share, awp_kill_share, decoys_per_round, avg_distance_to_enemy, avg_distance_to_enemy_std, avg_distance_to_team_centroid, avg_distance_to_team_centroid_std, relative_team_centroid_distance, relative_team_centroid_distance_std, avg_distance_moved_per_round, avg_distance_moved_per_round_std, avg_distance_to_closest_teammate, avg_distance_to_closest_teammate_std, time_near_enemy_rate, time_near_enemy_rate_std, first_contact_rate, first_contact_rate_std, time_stationary_rate, time_stationary_rate_std, kast_std, impact_std, rating_std",0.10209366297081292,2.3600814808649044,0.5622744705723914,0.1077462293864549,0.44768953505203857,0.7737226277372263,0.28217112775380987
ct,no_utility,6,38,"adr, adr_std, kpr, survival_rate, damage_per_round, damage_taken_per_round, damage_diff_per_round, assists_per_round, flash_assists_per_round, trade_kill_rate, death_traded_rate, trade_participation, opening_kill_rate, opening_death_rate, opening_duel_success, multi_kill_rate, rifle_kill_share, awp_kill_share, decoys_per_round, avg_distance_to_enemy, avg_distance_to_enemy_std, avg_distance_to_team_centroid, avg_distance_to_team_centroid_std, relative_team_centroid_distance, relative_team_centroid_distance_std, avg_distance_moved_per_round, avg_distance_moved_per_round_std, avg_distance_to_closest_teammate, avg_distance_to_closest_teammate_std, time_near_enemy_rate, time_near_enemy_rate_std, first_contact_rate, first_contact_rate_std, time_stationary_rate, time_stationary_rate_std, kast_std, impact_std, rating_std",0.1016223521336818,2.3366905295592177,0.5548451042628159,0.10091324955345696,0.3990839730571184,0.7664233576642335,0.2821613140060533
ct,no_utility,7,38,"adr, adr_std, kpr, survival_rate, damage_per_round, damage_taken_per_round, damage_diff_per_round, assists_per_round, flash_assists_per_round, trade_kill_rate, death_traded_rate, trade_participation, opening_kill_rate, opening_death_rate, opening_duel_success, multi_kill_rate, rifle_kill_share, awp_kill_share, decoys_per_round, avg_distance_to_enemy, avg_distance_to_enemy_std, avg_distance_to_team_centroid, avg_distance_to_team_centroid_std, relative_team_centroid_distance, relative_team_centroid_distance_std, avg_distance_moved_per_round, avg_distance_moved_per_round_std, avg_distance_to_closest_teammate, avg_distance_to_closest_teammate_std, time_near_enemy_rate, time_near_enemy_rate_std, first_contact_rate, first_contact_rate_std, time_stationary_rate, time_stationary_rate_std, kast_std, impact_std, rating_std",0.09964487061452831,2.0534663394068224,0.5258439812352418,0.08391697960406093,0.37524103955053506,0.7664233576642335,0.2821280790919326
ct,no_utility,8,38,"adr, adr_std, kpr, survival_rate, damage_per_round, damage_taken_per_round, damage_diff_per_round, assists_per_round, flash_assists_per_round, trade_kill_rate, death_traded_rate, trade_participation, opening_kill_rate, opening_death_rate, opening_duel_success, multi_kill_rate, rifle_kill_share, awp_kill_share, decoys_per_round, avg_distance_to_enemy, avg_distance_to_enemy_std, avg_distance_to_team_centroid, avg_distance_to_team_centroid_std, relative_team_centroid_distance, relative_team_centroid_distance_std, avg_distance_moved_per_round, avg_distance_moved_per_round_std, avg_distance_to_closest_teammate, avg_distance_to_closest_teammate_std, time_near_enemy_rate, time_near_enemy_rate_std, first_contact_rate, first_contact_rate_std, time_stationary_rate, time_stationary_rate_std, kast_std, impact_std, rating_std",0.09496550792897025,2.2093313000419474,0.5032858687845284,0.08866195243978561,0.3306583678302756,0.7664233576642335,0.26615404766271056
ct,positioning_movement_only,3,6,"avg_distance_to_enemy, avg_distance_to_team_centroid, relative_team_centroid_distance, avg_distance_moved_per_round, avg_distance_to_closest_teammate, time_stationary_rate",0.2554755027803861,1.3087126452385953,0.7143855906030576,0.13353140626804297,0.20493157401091405,0.5766423357664233,0.42116023910468886
ct,positioning_movement_only,4,6,"avg_distance_to_enemy, avg_distance_to_team_centroid, relative_team_centroid_distance, avg_distance_moved_per_round, avg_distance_to_closest_teammate, time_stationary_rate",0.23237862574280838,1.2263931667272474,0.6580616184218789,0.1999436394128349,0.24222097782793625,0.5766423357664233,0.3660300351105917
ct,positioning_movement_only,5,6,"avg_distance_to_enemy, avg_distance_to_team_centroid, relative_team_centroid_distance, avg_distance_moved_per_round, avg_distance_to_closest_teammate, time_stationary_rate",0.22529815028807423,1.295962060622692,0.7067516054565626,0.13166983165739676,0.22958997537788312,0.6204379562043796,0.4072614229791546
ct,positioning_movement_only,6,6,"avg_distance_to_enemy, avg_distance_to_team_centroid, relative_team_centroid_distance, avg_distance_moved_per_round, avg_distance_to_closest_teammate, time_stationary_rate",0.22723769880684302,1.1889839060224263,0.6360977841081668,0.1445191075965072,0.22408812311174411,0.6423357664233577,0.37889314238500127
ct,positioning_movement_only,7,6,"avg_distance_to_enemy, avg_distance_to_team_centroid, relative_team_centroid_distance, avg_distance_moved_per_round, avg_distance_to_closest_teammate, time_stationary_rate",0.2188041300063727,1.2235495889819852,0.5935459029034316,0.11085636492624734,0.23479529758388304,0.6642335766423357,0.37054374093115694
ct,positioning_movement_only,8,6,"avg_distance_to_enemy, avg_distance_to_team_centroid, relative_team_centroid_distance, avg_distance_moved_per_round, avg_distance_to_closest_teammate, time_stationary_rate",0.2134371587148278,1.2699096495691884,0.6052261289617161,0.10376594585457816,0.22226654109847654,0.7007299270072993,0.3740681705205183
ct,no_positioning_movement,3,38,"adr, adr_std, kpr, survival_rate, damage_per_round, damage_taken_per_round, damage_diff_per_round, util_damage_per_round, assists_per_round, flash_assists_per_round, trade_kill_rate, death_traded_rate, trade_participation, opening_kill_rate, opening_death_rate, opening_duel_success, multi_kill_rate, rifle_kill_share, awp_kill_share, grenades_per_round, he_grenades_per_round, flashbangs_per_round, smokes_per_round, fire_nades_per_round, decoys_per_round, avg_distance_to_enemy_std, avg_distance_to_team_centroid_std, relative_team_centroid_distance_std, avg_distance_moved_per_round_std, avg_distance_to_closest_teammate_std, time_near_enemy_rate, time_near_enemy_rate_std, first_contact_rate, first_contact_rate_std, time_stationary_rate_std, kast_std, impact_std, rating_std",0.11553297706920931,2.4327527189207068,0.5704329643296677,0.18552803139741447,0.4105188436080717,0.7007299270072993,0.25843744397712876
ct,no_positioning_movement,4,38,"adr, adr_std, kpr, survival_rate, damage_per_round, damage_taken_per_round, damage_diff_per_round, util_damage_per_round, assists_per_round, flash_assists_per_round, trade_kill_rate, death_traded_rate, trade_participation, opening_kill_rate, opening_death_rate, opening_duel_success, multi_kill_rate, rifle_kill_share, awp_kill_share, grenades_per_round, he_grenades_per_round, flashbangs_per_round, smokes_per_round, fire_nades_per_round, decoys_per_round, avg_distance_to_enemy_std, avg_distance_to_team_centroid_std, relative_team_centroid_distance_std, avg_distance_moved_per_round_std, avg_distance_to_closest_teammate_std, time_near_enemy_rate, time_near_enemy_rate_std, first_contact_rate, first_contact_rate_std, time_stationary_rate_std, kast_std, impact_std, rating_std",0.11012292320036324,2.436520634895323,0.5179315284926471,0.10866936180772713,0.3238025611113065,0.6423357664233577,0.26595243522142686
ct,no_positioning_movement,5,38,"adr, adr_std, kpr, survival_rate, damage_per_round, damage_taken_per_round, damage_diff_per_round, util_damage_per_round, assists_per_round, flash_assists_per_round, trade_kill_rate, death_traded_rate, trade_participation, opening_kill_rate, opening_death_rate, opening_duel_success, multi_kill_rate, rifle_kill_share, awp_kill_share, grenades_per_round, he_grenades_per_round, flashbangs_per_round, smokes_per_round, fire_nades_per_round, decoys_per_round, avg_distance_to_enemy_std, avg_distance_to_team_centroid_std, relative_team_centroid_distance_std, avg_distance_moved_per_round_std, avg_distance_to_closest_teammate_std, time_near_enemy_rate, time_near_enemy_rate_std, first_contact_rate, first_contact_rate_std, time_stationary_rate_std, kast_std, impact_std, rating_std",0.08964220386306085,2.3577839426108134,0.5006287645420805,0.09305252874490591,0.27913315997736626,0.656934306569343,0.2584504696837912
ct,no_positioning_movement,6,38,"adr, adr_std, kpr, survival_rate, damage_per_round, damage_taken_per_round, damage_diff_per_round, util_damage_per_round, assists_per_round, flash_assists_per_round, trade_kill_rate, death_traded_rate, trade_participation, opening_kill_rate, opening_death_rate, opening_duel_success, multi_kill_rate, rifle_kill_share, awp_kill_share, grenades_per_round, he_grenades_per_round, flashbangs_per_round, smokes_per_round, fire_nades_per_round, decoys_per_round, avg_distance_to_enemy_std, avg_distance_to_team_centroid_std, relative_team_centroid_distance_std, avg_distance_moved_per_round_std, avg_distance_to_closest_teammate_std, time_near_enemy_rate, time_near_enemy_rate_std, first_contact_rate, first_contact_rate_std, time_stationary_rate_std, kast_std, impact_std, rating_std",0.09625833402861872,2.2588783837919606,0.5101491335585028,0.08232170147794854,0.3112678037307883,0.6788321167883211,0.27100511457038556
ct,no_positioning_movement,7,38,"adr, adr_std, kpr, survival_rate, damage_per_round, damage_taken_per_round, damage_diff_per_round, util_damage_per_round, assists_per_round, flash_assists_per_round, trade_kill_rate, death_traded_rate, trade_participation, opening_kill_rate, opening_death_rate, opening_duel_success, multi_kill_rate, rifle_kill_share, awp_kill_share, grenades_per_round, he_grenades_per_round, flashbangs_per_round, smokes_per_round, fire_nades_per_round, decoys_per_round, avg_distance_to_enemy_std, avg_distance_to_team_centroid_std, relative_team_centroid_distance_std, avg_distance_moved_per_round_std, avg_distance_to_closest_teammate_std, time_near_enemy_rate, time_near_enemy_rate_std, first_contact_rate, first_contact_rate_std, time_stationary_rate_std, kast_std, impact_std, rating_std",0.08940291368131831,2.085482670043385,0.4754405358769994,0.07689590677203385,0.25599451891699376,0.6496350364963503,0.2599986973356272
ct,no_positioning_movement,8,38,"adr, adr_std, kpr, survival_rate, damage_per_round, damage_taken_per_round, damage_diff_per_round, util_damage_per_round, assists_per_round, flash_assists_per_round, trade_kill_rate, death_traded_rate, trade_participation, opening_kill_rate, opening_death_rate, opening_duel_success, multi_kill_rate, rifle_kill_share, awp_kill_share, grenades_per_round, he_grenades_per_round, flashbangs_per_round, smokes_per_round, fire_nades_per_round, decoys_per_round, avg_distance_to_enemy_std, avg_distance_to_team_centroid_std, relative_team_centroid_distance_std, avg_distance_moved_per_round_std, avg_distance_to_closest_teammate_std, time_near_enemy_rate, time_near_enemy_rate_std, first_contact_rate, first_contact_rate_std, time_stationary_rate_std, kast_std, impact_std, rating_std",0.08348960727557342,2.1965283968727913,0.5050767489339489,0.07675539455975,0.29292953618414297,0.7226277372262774,0.26729226304812004
ct,consistency_only,3,12,"adr_std, avg_distance_to_enemy_std, avg_distance_to_team_centroid_std, relative_team_centroid_distance_std, avg_distance_moved_per_round_std, avg_distance_to_closest_teammate_std, time_near_enemy_rate_std, first_contact_rate_std, time_stationary_rate_std, kast_std, impact_std, rating_std",0.15856347618684388,1.8461064856544702,0.6038029115317408,0.16403939441151863,0.09524704928712507,0.48905109489051096,0.30960223692218125
ct,consistency_only,4,12,"adr_std, avg_distance_to_enemy_std, avg_distance_to_team_centroid_std, relative_team_centroid_distance_std, avg_distance_moved_per_round_std, avg_distance_to_closest_teammate_std, time_near_enemy_rate_std, first_contact_rate_std, time_stationary_rate_std, kast_std, impact_std, rating_std",0.13350709431677138,1.8042043712897753,0.5815759111490854,0.1546952479451995,0.09292048893861166,0.5036496350364964,0.29547658087473216
ct,consistency_only,5,12,"adr_std, avg_distance_to_enemy_std, avg_distance_to_team_centroid_std, relative_team_centroid_distance_std, avg_distance_moved_per_round_std, avg_distance_to_closest_teammate_std, time_near_enemy_rate_std, first_contact_rate_std, time_stationary_rate_std, kast_std, impact_std, rating_std",0.13816124439713034,1.4948070662799509,0.5509593020636497,0.1293707881457377,0.08595857014179388,0.5036496350364964,0.30406642309550896
ct,consistency_only,6,12,"adr_std, avg_distance_to_enemy_std, avg_distance_to_team_centroid_std, relative_team_centroid_distance_std, avg_distance_moved_per_round_std, avg_distance_to_closest_teammate_std, time_near_enemy_rate_std, first_contact_rate_std, time_stationary_rate_std, kast_std, impact_std, rating_std",0.1257555954843271,1.611723578639068,0.46425025458837593,0.08745646594518301,0.10398416662433516,0.5255474452554745,0.27759753609160503
ct,consistency_only,7,12,"adr_std, avg_distance_to_enemy_std, avg_distance_to_team_centroid_std, relative_team_centroid_distance_std, avg_distance_moved_per_round_std, avg_distance_to_closest_teammate_std, time_near_enemy_rate_std, first_contact_rate_std, time_stationary_rate_std, kast_std, impact_std, rating_std",0.1233841222840102,1.5205381366333455,0.4443291283853062,0.09800711475582721,0.08868848114487038,0.49635036496350365,0.26723058923120563
ct,consistency_only,8,12,"adr_std, avg_distance_to_enemy_std, avg_distance_to_team_centroid_std, relative_team_centroid_distance_std, avg_distance_moved_per_round_std, avg_distance_to_closest_teammate_std, time_near_enemy_rate_std, first_contact_rate_std, time_stationary_rate_std, kast_std, impact_std, rating_std",0.09837850760758875,1.7450161709644234,0.3893502264891724,0.08327099567898442,0.06922821149880687,0.5182481751824818,0.23464241113927709
ct,no_consistency,3,32,"adr, kpr, survival_rate, damage_per_round, damage_taken_per_round, damage_diff_per_round, util_damage_per_round, assists_per_round, flash_assists_per_round, trade_kill_rate, death_traded_rate, trade_participation, opening_kill_rate, opening_death_rate, opening_duel_success, multi_kill_rate, rifle_kill_share, awp_kill_share, grenades_per_round, he_grenades_per_round, flashbangs_per_round, smokes_per_round, fire_nades_per_round, decoys_per_round, avg_distance_to_enemy, avg_distance_to_team_centroid, relative_team_centroid_distance, avg_distance_moved_per_round, avg_distance_to_closest_teammate, time_near_enemy_rate, first_contact_rate, time_stationary_rate",0.14985746073727438,2.0730197089225215,0.7231895176631055,0.19109645992564836,0.5248895948219641,0.7591240875912408,0.3378627707783731
ct,no_consistency,4,32,"adr, kpr, survival_rate, damage_per_round, damage_taken_per_round, damage_diff_per_round, util_damage_per_round, assists_per_round, flash_assists_per_round, trade_kill_rate, death_traded_rate, trade_participation, opening_kill_rate, opening_death_rate, opening_duel_success, multi_kill_rate, rifle_kill_share, awp_kill_share, grenades_per_round, he_grenades_per_round, flashbangs_per_round, smokes_per_round, fire_nades_per_round, decoys_per_round, avg_distance_to_enemy, avg_distance_to_team_centroid, relative_team_centroid_distance, avg_distance_moved_per_round, avg_distance_to_closest_teammate, time_near_enemy_rate, first_contact_rate, time_stationary_rate",0.14258312651040217,2.05664536965279,0.6361306256911746,0.13794563380946714,0.5231359314297415,0.7591240875912408,0.32173845569578124
ct,no_consistency,5,32,"adr, kpr, survival_rate, damage_per_round, damage_taken_per_round, damage_diff_per_round, util_damage_per_round, assists_per_round, flash_assists_per_round, trade_kill_rate, death_traded_rate, trade_participation, opening_kill_rate, opening_death_rate, opening_duel_success, multi_kill_rate, rifle_kill_share, awp_kill_share, grenades_per_round, he_grenades_per_round, flashbangs_per_round, smokes_per_round, fire_nades_per_round, decoys_per_round, avg_distance_to_enemy, avg_distance_to_team_centroid, relative_team_centroid_distance, avg_distance_moved_per_round, avg_distance_to_closest_teammate, time_near_enemy_rate, first_contact_rate, time_stationary_rate",0.13650904926748558,1.95098872645736,0.5488170309417437,0.13832396912606695,0.40854446185443716,0.7372262773722628,0.28657473940171463
ct,no_consistency,6,32,"adr, kpr, survival_rate, damage_per_round, damage_taken_per_round, damage_diff_per_round, util_damage_per_round, assists_per_round, flash_assists_per_round, trade_kill_rate, death_traded_rate, trade_participation, opening_kill_rate, opening_death_rate, opening_duel_success, multi_kill_rate, rifle_kill_share, awp_kill_share, grenades_per_round, he_grenades_per_round, flashbangs_per_round, smokes_per_round, fire_nades_per_round, decoys_per_round, avg_distance_to_enemy, avg_distance_to_team_centroid, relative_team_centroid_distance, avg_distance_moved_per_round, avg_distance_to_closest_teammate, time_near_enemy_rate, first_contact_rate, time_stationary_rate",0.12910852598269054,1.9047326093158687,0.5681430609119279,0.10789609768581458,0.3632804555655916,0.7737226277372263,0.3045953491058273
ct,no_consistency,7,32,"adr, kpr, survival_rate, damage_per_round, damage_taken_per_round, damage_diff_per_round, util_damage_per_round, assists_per_round, flash_assists_per_round, trade_kill_rate, death_traded_rate, trade_participation, opening_kill_rate, opening_death_rate, opening_duel_success, multi_kill_rate, rifle_kill_share, awp_kill_share, grenades_per_round, he_grenades_per_round, flashbangs_per_round, smokes_per_round, fire_nades_per_round, decoys_per_round, avg_distance_to_enemy, avg_distance_to_team_centroid, relative_team_centroid_distance, avg_distance_moved_per_round, avg_distance_to_closest_teammate, time_near_enemy_rate, first_contact_rate, time_stationary_rate",0.12703631784921546,1.9714795136766543,0.5451688674450295,0.10793135167449315,0.33005847694305684,0.7372262773722628,0.29301607185056233
ct,no_consistency,8,32,"adr, kpr, survival_rate, damage_per_round, damage_taken_per_round, damage_diff_per_round, util_damage_per_round, assists_per_round, flash_assists_per_round, trade_kill_rate, death_traded_rate, trade_participation, opening_kill_rate, opening_death_rate, opening_duel_success, multi_kill_rate, rifle_kill_share, awp_kill_share, grenades_per_round, he_grenades_per_round, flashbangs_per_round, smokes_per_round, fire_nades_per_round, decoys_per_round, avg_distance_to_enemy, avg_distance_to_team_centroid, relative_team_centroid_distance, avg_distance_moved_per_round, avg_distance_to_closest_teammate, time_near_enemy_rate, first_contact_rate, time_stationary_rate",0.11156580626471294,1.8144591510597197,0.5413610023088848,0.08651221843690325,0.2300561441260935,0.7299270072992701,0.29762744656861784
ct,no_weapon_share,3,42,"adr, adr_std, kpr, survival_rate, damage_per_round, damage_taken_per_round, damage_diff_per_round, util_damage_per_round, assists_per_round, flash_assists_per_round, trade_kill_rate, death_traded_rate, trade_participation, opening_kill_rate, opening_death_rate, opening_duel_success, multi_kill_rate, grenades_per_round, he_grenades_per_round, flashbangs_per_round, smokes_per_round, fire_nades_per_round, decoys_per_round, avg_distance_to_enemy, avg_distance_to_enemy_std, avg_distance_to_team_centroid, avg_distance_to_team_centroid_std, relative_team_centroid_distance, relative_team_centroid_distance_std, avg_distance_moved_per_round, avg_distance_moved_per_round_std, avg_distance_to_closest_teammate, avg_distance_to_closest_teammate_std, time_near_enemy_rate, time_near_enemy_rate_std, first_contact_rate, first_contact_rate_std, time_stationary_rate, time_stationary_rate_std, kast_std, impact_std, rating_std",0.10788353415657312,2.480069132417242,0.6936287345375887,0.1705123088836098,0.48112492761748216,0.7299270072992701,0.3098701066114333
ct,no_weapon_share,4,42,"adr, adr_std, kpr, survival_rate, damage_per_round, damage_taken_per_round, damage_diff_per_round, util_damage_per_round, assists_per_round, flash_assists_per_round, trade_kill_rate, death_traded_rate, trade_participation, opening_kill_rate, opening_death_rate, opening_duel_success, multi_kill_rate, grenades_per_round, he_grenades_per_round, flashbangs_per_round, smokes_per_round, fire_nades_per_round, decoys_per_round, avg_distance_to_enemy, avg_distance_to_enemy_std, avg_distance_to_team_centroid, avg_distance_to_team_centroid_std, relative_team_centroid_distance, relative_team_centroid_distance_std, avg_distance_moved_per_round, avg_distance_moved_per_round_std, avg_distance_to_closest_teammate, avg_distance_to_closest_teammate_std, time_near_enemy_rate, time_near_enemy_rate_std, first_contact_rate, first_contact_rate_std, time_stationary_rate, time_stationary_rate_std, kast_std, impact_std, rating_std",0.09885591200106991,2.5002279524742352,0.5576364623606552,0.12584373412535615,0.43376435827489884,0.7445255474452555,0.2693985918067301
ct,no_weapon_share,5,42,"adr, adr_std, kpr, survival_rate, damage_per_round, damage_taken_per_round, damage_diff_per_round, util_damage_per_round, assists_per_round, flash_assists_per_round, trade_kill_rate, death_traded_rate, trade_participation, opening_kill_rate, opening_death_rate, opening_duel_success, multi_kill_rate, grenades_per_round, he_grenades_per_round, flashbangs_per_round, smokes_per_round, fire_nades_per_round, decoys_per_round, avg_distance_to_enemy, avg_distance_to_enemy_std, avg_distance_to_team_centroid, avg_distance_to_team_centroid_std, relative_team_centroid_distance, relative_team_centroid_distance_std, avg_distance_moved_per_round, avg_distance_moved_per_round_std, avg_distance_to_closest_teammate, avg_distance_to_closest_teammate_std, time_near_enemy_rate, time_near_enemy_rate_std, first_contact_rate, first_contact_rate_std, time_stationary_rate, time_stationary_rate_std, kast_std, impact_std, rating_std",0.09244805427777118,2.443730612902658,0.5071804209931403,0.103755252602859,0.37187827311909316,0.7299270072992701,0.25642584106308797
ct,no_weapon_share,6,42,"adr, adr_std, kpr, survival_rate, damage_per_round, damage_taken_per_round, damage_diff_per_round, util_damage_per_round, assists_per_round, flash_assists_per_round, trade_kill_rate, death_traded_rate, trade_participation, opening_kill_rate, opening_death_rate, opening_duel_success, multi_kill_rate, grenades_per_round, he_grenades_per_round, flashbangs_per_round, smokes_per_round, fire_nades_per_round, decoys_per_round, avg_distance_to_enemy, avg_distance_to_enemy_std, avg_distance_to_team_centroid, avg_distance_to_team_centroid_std, relative_team_centroid_distance, relative_team_centroid_distance_std, avg_distance_moved_per_round, avg_distance_moved_per_round_std, avg_distance_to_closest_teammate, avg_distance_to_closest_teammate_std, time_near_enemy_rate, time_near_enemy_rate_std, first_contact_rate, first_contact_rate_std, time_stationary_rate, time_stationary_rate_std, kast_std, impact_std, rating_std",0.08954513549083788,2.456488686760552,0.4727851003002328,0.08592110978447898,0.3785719179043147,0.7664233576642335,0.24842583891957395
ct,no_weapon_share,7,42,"adr, adr_std, kpr, survival_rate, damage_per_round, damage_taken_per_round, damage_diff_per_round, util_damage_per_round, assists_per_round, flash_assists_per_round, trade_kill_rate, death_traded_rate, trade_participation, opening_kill_rate, opening_death_rate, opening_duel_success, multi_kill_rate, grenades_per_round, he_grenades_per_round, flashbangs_per_round, smokes_per_round, fire_nades_per_round, decoys_per_round, avg_distance_to_enemy, avg_distance_to_enemy_std, avg_distance_to_team_centroid, avg_distance_to_team_centroid_std, relative_team_centroid_distance, relative_team_centroid_distance_std, avg_distance_moved_per_round, avg_distance_moved_per_round_std, avg_distance_to_closest_teammate, avg_distance_to_closest_teammate_std, time_near_enemy_rate, time_near_enemy_rate_std, first_contact_rate, first_contact_rate_std, time_stationary_rate, time_stationary_rate_std, kast_std, impact_std, rating_std",0.09027244707838623,2.3514331992171043,0.5128547973110938,0.09161277888526173,0.3470530413333364,0.7664233576642335,0.26428174812947397
ct,no_weapon_share,8,42,"adr, adr_std, kpr, survival_rate, damage_per_round, damage_taken_per_round, damage_diff_per_round, util_damage_per_round, assists_per_round, flash_assists_per_round, trade_kill_rate, death_traded_rate, trade_participation, opening_kill_rate, opening_death_rate, opening_duel_success, multi_kill_rate, grenades_per_round, he_grenades_per_round, flashbangs_per_round, smokes_per_round, fire_nades_per_round, decoys_per_round, avg_distance_to_enemy, avg_distance_to_enemy_std, avg_distance_to_team_centroid, avg_distance_to_team_centroid_std, relative_team_centroid_distance, relative_team_centroid_distance_std, avg_distance_moved_per_round, avg_distance_moved_per_round_std, avg_distance_to_closest_teammate, avg_distance_to_closest_teammate_std, time_near_enemy_rate, time_near_enemy_rate_std, first_contact_rate, first_contact_rate_std, time_stationary_rate, time_stationary_rate_std, kast_std, impact_std, rating_std",0.07760912856321049,2.1368767804560695,0.45466481686364774,0.08220545580254204,0.3234592311646088,0.7664233576642335,0.24378508032304583
ct,tactics_only,3,22,"assists_per_round, avg_distance_moved_per_round, avg_distance_to_closest_teammate, avg_distance_to_enemy, avg_distance_to_team_centroid, death_traded_rate, fire_nades_per_round, first_contact_rate, flash_assists_per_round, flashbangs_per_round, grenades_per_round, he_grenades_per_round, opening_death_rate, opening_duel_success, opening_kill_rate, relative_team_centroid_distance, smokes_per_round, time_near_enemy_rate, time_stationary_rate, trade_kill_rate, trade_participation, util_damage_per_round",0.14042509935196368,2.006898039345909,0.5356201166840882,0.20962076842061672,0.39226238777031697,0.6861313868613139,0.25308350760728815
ct,tactics_only,4,22,"assists_per_round, avg_distance_moved_per_round, avg_distance_to_closest_teammate, avg_distance_to_enemy, avg_distance_to_team_centroid, death_traded_rate, fire_nades_per_round, first_contact_rate, flash_assists_per_round, flashbangs_per_round, grenades_per_round, he_grenades_per_round, opening_death_rate, opening_duel_success, opening_kill_rate, relative_team_centroid_distance, smokes_per_round, time_near_enemy_rate, time_stationary_rate, trade_kill_rate, trade_participation, util_damage_per_round",0.1506602737471762,1.882360284703201,0.6550666651543825,0.19132141936553734,0.3568924662306665,0.6934306569343066,0.3151497861339573
ct,tactics_only,5,22,"assists_per_round, avg_distance_moved_per_round, avg_distance_to_closest_teammate, avg_distance_to_enemy, avg_distance_to_team_centroid, death_traded_rate, fire_nades_per_round, first_contact_rate, flash_assists_per_round, flashbangs_per_round, grenades_per_round, he_grenades_per_round, opening_death_rate, opening_duel_success, opening_kill_rate, relative_team_centroid_distance, smokes_per_round, time_near_enemy_rate, time_stationary_rate, trade_kill_rate, trade_participation, util_damage_per_round",0.14904428380196635,1.7684864596521988,0.686855475092832,0.12483783887025363,0.3123186584134934,0.7226277372262774,0.3566664072284998
ct,tactics_only,6,22,"assists_per_round, avg_distance_moved_per_round, avg_distance_to_closest_teammate, avg_distance_to_enemy, avg_distance_to_team_centroid, death_traded_rate, fire_nades_per_round, first_contact_rate, flash_assists_per_round, flashbangs_per_round, grenades_per_round, he_grenades_per_round, opening_death_rate, opening_duel_success, opening_kill_rate, relative_team_centroid_distance, smokes_per_round, time_near_enemy_rate, time_stationary_rate, trade_kill_rate, trade_participation, util_damage_per_round",0.14194385735064638,1.833133539543528,0.6139323828871603,0.0843684607996391,0.30283474020391965,0.7372262773722628,0.3391963249819498
ct,tactics_only,7,22,"assists_per_round, avg_distance_moved_per_round, avg_distance_to_closest_teammate, avg_distance_to_enemy, avg_distance_to_team_centroid, death_traded_rate, fire_nades_per_round, first_contact_rate, flash_assists_per_round, flashbangs_per_round, grenades_per_round, he_grenades_per_round, opening_death_rate, opening_duel_success, opening_kill_rate, relative_team_centroid_distance, smokes_per_round, time_near_enemy_rate, time_stationary_rate, trade_kill_rate, trade_participation, util_damage_per_round",0.14132919039942063,1.8326794271666442,0.6259201524715983,0.08894220480498592,0.267817891677266,0.7299270072992701,0.3419273853691155
ct,tactics_only,8,22,"assists_per_round, avg_distance_moved_per_round, avg_distance_to_closest_teammate, avg_distance_to_enemy, avg_distance_to_team_centroid, death_traded_rate, fire_nades_per_round, first_contact_rate, flash_assists_per_round, flashbangs_per_round, grenades_per_round, he_grenades_per_round, opening_death_rate, opening_duel_success, opening_kill_rate, relative_team_centroid_distance, smokes_per_round, time_near_enemy_rate, time_stationary_rate, trade_kill_rate, trade_participation, util_damage_per_round",0.1357424852375079,1.8718969708350732,0.5777873501849602,0.09001167101862792,0.28440852830821056,0.7591240875912408,0.3190476470255774
t,full,3,44,"adr, adr_std, kpr, survival_rate, damage_per_round, damage_taken_per_round, damage_diff_per_round, util_damage_per_round, assists_per_round, flash_assists_per_round, trade_kill_rate, death_traded_rate, trade_participation, opening_kill_rate, opening_death_rate, opening_duel_success, multi_kill_rate, rifle_kill_share, awp_kill_share, grenades_per_round, he_grenades_per_round, flashbangs_per_round, smokes_per_round, fire_nades_per_round, decoys_per_round, avg_distance_to_enemy, avg_distance_to_enemy_std, avg_distance_to_team_centroid, avg_distance_to_team_centroid_std, relative_team_centroid_distance, relative_team_centroid_distance_std, avg_distance_moved_per_round, avg_distance_moved_per_round_std, avg_distance_to_closest_teammate, avg_distance_to_closest_teammate_std, time_near_enemy_rate, time_near_enemy_rate_std, first_contact_rate, first_contact_rate_std, time_stationary_rate, time_stationary_rate_std, kast_std, impact_std, rating_std",0.12644761033428556,2.4180140080119705,0.6250821945509941,0.19200434185094215,0.29274017446238426,0.5985401459854015,0.28232369613884867
t,full,4,44,"adr, adr_std, kpr, survival_rate, damage_per_round, damage_taken_per_round, damage_diff_per_round, util_damage_per_round, assists_per_round, flash_assists_per_round, trade_kill_rate, death_traded_rate, trade_participation, opening_kill_rate, opening_death_rate, opening_duel_success, multi_kill_rate, rifle_kill_share, awp_kill_share, grenades_per_round, he_grenades_per_round, flashbangs_per_round, smokes_per_round, fire_nades_per_round, decoys_per_round, avg_distance_to_enemy, avg_distance_to_enemy_std, avg_distance_to_team_centroid, avg_distance_to_team_centroid_std, relative_team_centroid_distance, relative_team_centroid_distance_std, avg_distance_moved_per_round, avg_distance_moved_per_round_std, avg_distance_to_closest_teammate, avg_distance_to_closest_teammate_std, time_near_enemy_rate, time_near_enemy_rate_std, first_contact_rate, first_contact_rate_std, time_stationary_rate, time_stationary_rate_std, kast_std, impact_std, rating_std",0.10518093310208403,2.2969545213317786,0.5327385537127783,0.15063656293174113,0.32863867759520954,0.6642335766423357,0.2555752134807491
t,full,5,44,"adr, adr_std, kpr, survival_rate, damage_per_round, damage_taken_per_round, damage_diff_per_round, util_damage_per_round, assists_per_round, flash_assists_per_round, trade_kill_rate, death_traded_rate, trade_participation, opening_kill_rate, opening_death_rate, opening_duel_success, multi_kill_rate, rifle_kill_share, awp_kill_share, grenades_per_round, he_grenades_per_round, flashbangs_per_round, smokes_per_round, fire_nades_per_round, decoys_per_round, avg_distance_to_enemy, avg_distance_to_enemy_std, avg_distance_to_team_centroid, avg_distance_to_team_centroid_std, relative_team_centroid_distance, relative_team_centroid_distance_std, avg_distance_moved_per_round, avg_distance_moved_per_round_std, avg_distance_to_closest_teammate, avg_distance_to_closest_teammate_std, time_near_enemy_rate, time_near_enemy_rate_std, first_contact_rate, first_contact_rate_std, time_stationary_rate, time_stationary_rate_std, kast_std, impact_std, rating_std",0.10289555512496189,2.1935125934329287,0.5662611220471497,0.13544014365710497,0.42658895922659246,0.7737226277372263,0.276113577962609
t,full,6,44,"adr, adr_std, kpr, survival_rate, damage_per_round, damage_taken_per_round, damage_diff_per_round, util_damage_per_round, assists_per_round, flash_assists_per_round, trade_kill_rate, death_traded_rate, trade_participation, opening_kill_rate, opening_death_rate, opening_duel_success, multi_kill_rate, rifle_kill_share, awp_kill_share, grenades_per_round, he_grenades_per_round, flashbangs_per_round, smokes_per_round, fire_nades_per_round, decoys_per_round, avg_distance_to_enemy, avg_distance_to_enemy_std, avg_distance_to_team_centroid, avg_distance_to_team_centroid_std, relative_team_centroid_distance, relative_team_centroid_distance_std, avg_distance_moved_per_round, avg_distance_moved_per_round_std, avg_distance_to_closest_teammate, avg_distance_to_closest_teammate_std, time_near_enemy_rate, time_near_enemy_rate_std, first_contact_rate, first_contact_rate_std, time_stationary_rate, time_stationary_rate_std, kast_std, impact_std, rating_std",0.10511237058476108,2.186205304728565,0.5539147745804407,0.13756198842526418,0.39622929830578396,0.7664233576642335,0.27135665682661225
t,full,7,44,"adr, adr_std, kpr, survival_rate, damage_per_round, damage_taken_per_round, damage_diff_per_round, util_damage_per_round, assists_per_round, flash_assists_per_round, trade_kill_rate, death_traded_rate, trade_participation, opening_kill_rate, opening_death_rate, opening_duel_success, multi_kill_rate, rifle_kill_share, awp_kill_share, grenades_per_round, he_grenades_per_round, flashbangs_per_round, smokes_per_round, fire_nades_per_round, decoys_per_round, avg_distance_to_enemy, avg_distance_to_enemy_std, avg_distance_to_team_centroid, avg_distance_to_team_centroid_std, relative_team_centroid_distance, relative_team_centroid_distance_std, avg_distance_moved_per_round, avg_distance_moved_per_round_std, avg_distance_to_closest_teammate, avg_distance_to_closest_teammate_std, time_near_enemy_rate, time_near_enemy_rate_std, first_contact_rate, first_contact_rate_std, time_stationary_rate, time_stationary_rate_std, kast_std, impact_std, rating_std",0.08704493642873759,2.2891731967836573,0.5093950964392098,0.09542484102278016,0.3047122722159379,0.7372262773722628,0.2612116312146665
t,full,8,44,"adr, adr_std, kpr, survival_rate, damage_per_round, damage_taken_per_round, damage_diff_per_round, util_damage_per_round, assists_per_round, flash_assists_per_round, trade_kill_rate, death_traded_rate, trade_participation, opening_kill_rate, opening_death_rate, opening_duel_success, multi_kill_rate, rifle_kill_share, awp_kill_share, grenades_per_round, he_grenades_per_round, flashbangs_per_round, smokes_per_round, fire_nades_per_round, decoys_per_round, avg_distance_to_enemy, avg_distance_to_enemy_std, avg_distance_to_team_centroid, avg_distance_to_team_centroid_std, relative_team_centroid_distance, relative_team_centroid_distance_std, avg_distance_moved_per_round, avg_distance_moved_per_round_std, avg_distance_to_closest_teammate, avg_distance_to_closest_teammate_std, time_near_enemy_rate, time_near_enemy_rate_std, first_contact_rate, first_contact_rate_std, time_stationary_rate, time_stationary_rate_std, kast_std, impact_std, rating_std",0.0937980934594112,1.9994696996137649,0.44022847091211825,0.0776509840062974,0.3053846097367509,0.7299270072992701,0.24922868534925524
t,combat_only,3,7,"survival_rate, damage_per_round, damage_taken_per_round, damage_diff_per_round, multi_kill_rate, rifle_kill_share, awp_kill_share",0.30206704338905527,1.0650471739912823,0.7313247616511949,0.1495290660182021,0.25631774312978306,0.5912408759124088,0.4503951833544875
t,combat_only,4,7,"survival_rate, damage_per_round, damage_taken_per_round, damage_diff_per_round, multi_kill_rate, rifle_kill_share, awp_kill_share",0.31649161883724275,1.0224059726319505,0.76770781945284,0.15567962402288366,0.24771064458592748,0.5985401459854015,0.4703000387180575
t,combat_only,5,7,"survival_rate, damage_per_round, damage_taken_per_round, damage_diff_per_round, multi_kill_rate, rifle_kill_share, awp_kill_share",0.2861422671618692,1.113119336422645,0.7007533405222724,0.149333923707709,0.22614585084130048,0.5985401459854015,0.42967148153592327
t,combat_only,6,7,"survival_rate, damage_per_round, damage_taken_per_round, damage_diff_per_round, multi_kill_rate, rifle_kill_share, awp_kill_share",0.28241728238560476,1.1010749808199485,0.7597130334532894,0.1403762518818228,0.186386253216743,0.6058394160583942,0.45589099379944964
t,combat_only,7,7,"survival_rate, damage_per_round, damage_taken_per_round, damage_diff_per_round, multi_kill_rate, rifle_kill_share, awp_kill_share",0.25788052137692713,1.1157512274203325,0.6267628836365364,0.12132440262046908,0.15472018904473855,0.5912408759124088,0.3998566729047791
t,combat_only,8,7,"survival_rate, damage_per_round, damage_taken_per_round, damage_diff_per_round, multi_kill_rate, rifle_kill_share, awp_kill_share",0.26663615900309784,1.1002115625512399,0.6657395448053453,0.1272584889250101,0.13778906530417012,0.5912408759124088,0.4172753874844519
t,no_combat,3,37,"adr, adr_std, kpr, util_damage_per_round, assists_per_round, flash_assists_per_round, trade_kill_rate, death_traded_rate, trade_participation, opening_kill_rate, opening_death_rate, opening_duel_success, grenades_per_round, he_grenades_per_round, flashbangs_per_round, smokes_per_round, fire_nades_per_round, decoys_per_round, avg_distance_to_enemy, avg_distance_to_enemy_std, avg_distance_to_team_centroid, avg_distance_to_team_centroid_std, relative_team_centroid_distance, relative_team_centroid_distance_std, avg_distance_moved_per_round, avg_distance_moved_per_round_std, avg_distance_to_closest_teammate, avg_distance_to_closest_teammate_std, time_near_enemy_rate, time_near_enemy_rate_std, first_contact_rate, first_contact_rate_std, time_stationary_rate, time_stationary_rate_std, kast_std, impact_std, rating_std",0.10688404376861668,2.5105092822018342,0.5977825568238057,0.1524979518721816,0.24883750922547215,0.5985401459854015,0.2778392501664441
t,no_combat,4,37,"adr, adr_std, kpr, util_damage_per_round, assists_per_round, flash_assists_per_round, trade_kill_rate, death_traded_rate, trade_participation, opening_kill_rate, opening_death_rate, opening_duel_success, grenades_per_round, he_grenades_per_round, flashbangs_per_round, smokes_per_round, fire_nades_per_round, decoys_per_round, avg_distance_to_enemy, avg_distance_to_enemy_std, avg_distance_to_team_centroid, avg_distance_to_team_centroid_std, relative_team_centroid_distance, relative_team_centroid_distance_std, avg_distance_moved_per_round, avg_distance_moved_per_round_std, avg_distance_to_closest_teammate, avg_distance_to_closest_teammate_std, time_near_enemy_rate, time_near_enemy_rate_std, first_contact_rate, first_contact_rate_std, time_stationary_rate, time_stationary_rate_std, kast_std, impact_std, rating_std",0.10353743307189409,2.3694211318791214,0.5506435140973728,0.1961648429515457,0.36411357760213614,0.7299270072992701,0.24256381856934847
t,no_combat,5,37,"adr, adr_std, kpr, util_damage_per_round, assists_per_round, flash_assists_per_round, trade_kill_rate, death_traded_rate, trade_participation, opening_kill_rate, opening_death_rate, opening_duel_success, grenades_per_round, he_grenades_per_round, flashbangs_per_round, smokes_per_round, fire_nades_per_round, decoys_per_round, avg_distance_to_enemy, avg_distance_to_enemy_std, avg_distance_to_team_centroid, avg_distance_to_team_centroid_std, relative_team_centroid_distance, relative_team_centroid_distance_std, avg_distance_moved_per_round, avg_distance_moved_per_round_std, avg_distance_to_closest_teammate, avg_distance_to_closest_teammate_std, time_near_enemy_rate, time_near_enemy_rate_std, first_contact_rate, first_contact_rate_std, time_stationary_rate, time_stationary_rate_std, kast_std, impact_std, rating_std",0.09726704552707482,2.3706734929354285,0.5442944770257068,0.12160210962558303,0.37633490775280254,0.7372262773722628,0.26731908804305277
t,no_combat,6,37,"adr, adr_std, kpr, util_damage_per_round, assists_per_round, flash_assists_per_round, trade_kill_rate, death_traded_rate, trade_participation, opening_kill_rate, opening_death_rate, opening_duel_success, grenades_per_round, he_grenades_per_round, flashbangs_per_round, smokes_per_round, fire_nades_per_round, decoys_per_round, avg_distance_to_enemy, avg_distance_to_enemy_std, avg_distance_to_team_centroid, avg_distance_to_team_centroid_std, relative_team_centroid_distance, relative_team_centroid_distance_std, avg_distance_moved_per_round, avg_distance_moved_per_round_std, avg_distance_to_closest_teammate, avg_distance_to_closest_teammate_std, time_near_enemy_rate, time_near_enemy_rate_std, first_contact_rate, first_contact_rate_std, time_stationary_rate, time_stationary_rate_std, kast_std, impact_std, rating_std",0.08987419348685115,2.276632603852011,0.5697873356061219,0.10043268029350656,0.30447911623450774,0.7007299270072993,0.28472981392530894
t,no_combat,7,37,"adr, adr_std, kpr, util_damage_per_round, assists_per_round, flash_assists_per_round, trade_kill_rate, death_traded_rate, trade_participation, opening_kill_rate, opening_death_rate, opening_duel_success, grenades_per_round, he_grenades_per_round, flashbangs_per_round, smokes_per_round, fire_nades_per_round, decoys_per_round, avg_distance_to_enemy, avg_distance_to_enemy_std, avg_distance_to_team_centroid, avg_distance_to_team_centroid_std, relative_team_centroid_distance, relative_team_centroid_distance_std, avg_distance_moved_per_round, avg_distance_moved_per_round_std, avg_distance_to_closest_teammate, avg_distance_to_closest_teammate_std, time_near_enemy_rate, time_near_enemy_rate_std, first_contact_rate, first_contact_rate_std, time_stationary_rate, time_stationary_rate_std, kast_std, impact_std, rating_std",0.09650693254749942,2.029689083999934,0.5249145078466647,0.09390387969270035,0.3465720685355378,0.7445255474452555,0.2770203987407631
t,no_combat,8,37,"adr, adr_std, kpr, util_damage_per_round, assists_per_round, flash_assists_per_round, trade_kill_rate, death_traded_rate, trade_participation, opening_kill_rate, opening_death_rate, opening_duel_success, grenades_per_round, he_grenades_per_round, flashbangs_per_round, smokes_per_round, fire_nades_per_round, decoys_per_round, avg_distance_to_enemy, avg_distance_to_enemy_std, avg_distance_to_team_centroid, avg_distance_to_team_centroid_std, relative_team_centroid_distance, relative_team_centroid_distance_std, avg_distance_moved_per_round, avg_distance_moved_per_round_std, avg_distance_to_closest_teammate, avg_distance_to_closest_teammate_std, time_near_enemy_rate, time_near_enemy_rate_std, first_contact_rate, first_contact_rate_std, time_stationary_rate, time_stationary_rate_std, kast_std, impact_std, rating_std",0.0703065761557156,2.122135601636877,0.5159463128689835,0.08377297008292739,0.25902467857553724,0.6788321167883211,0.2650506842753504
t,opening_aggression_only,3,5,"opening_kill_rate, opening_death_rate, opening_duel_success, first_contact_rate, time_near_enemy_rate",0.28064504258117173,1.2206520564076704,0.7190479780679013,0.20972671413148833,0.21304315431312512,0.5401459854014599,0.4060501592865857
t,opening_aggression_only,4,5,"opening_kill_rate, opening_death_rate, opening_duel_success, first_contact_rate, time_near_enemy_rate",0.24546912018295272,1.277975124746725,0.7321270398832809,0.1606207726290517,0.31603436262609075,0.6934306569343066,0.414587426256418
t,opening_aggression_only,5,5,"opening_kill_rate, opening_death_rate, opening_duel_success, first_contact_rate, time_near_enemy_rate",0.2531214506178918,1.0500461795345104,0.7501792617149664,0.13190413076319932,0.32855260714529166,0.7007299270072993,0.44611741056983784
t,opening_aggression_only,6,5,"opening_kill_rate, opening_death_rate, opening_duel_success, first_contact_rate, time_near_enemy_rate",0.2353151242633411,1.1142696717651075,0.654952818905016,0.11531557106850754,0.2621216596319027,0.6423357664233577,0.40457626119336787
t,opening_aggression_only,7,5,"opening_kill_rate, opening_death_rate, opening_duel_success, first_contact_rate, time_near_enemy_rate",0.22189473255556058,1.1612093229629947,0.5647928667756669,0.11783273661663918,0.1998128772876311,0.6131386861313869,0.36008272670980235
t,opening_aggression_only,8,5,"opening_kill_rate, opening_death_rate, opening_duel_success, first_contact_rate, time_near_enemy_rate",0.22105816787354204,1.1505965282384016,0.5789967217273788,0.11773288828421125,0.21027720114148937,0.6496350364963503,0.3659262537327598
t,no_opening_aggression,3,39,"adr, adr_std, kpr, survival_rate, damage_per_round, damage_taken_per_round, damage_diff_per_round, util_damage_per_round, assists_per_round, flash_assists_per_round, trade_kill_rate, death_traded_rate, trade_participation, multi_kill_rate, rifle_kill_share, awp_kill_share, grenades_per_round, he_grenades_per_round, flashbangs_per_round, smokes_per_round, fire_nades_per_round, decoys_per_round, avg_distance_to_enemy, avg_distance_to_enemy_std, avg_distance_to_team_centroid, avg_distance_to_team_centroid_std, relative_team_centroid_distance, relative_team_centroid_distance_std, avg_distance_moved_per_round, avg_distance_moved_per_round_std, avg_distance_to_closest_teammate, avg_distance_to_closest_teammate_std, time_near_enemy_rate_std, first_contact_rate_std, time_stationary_rate, time_stationary_rate_std, kast_std, impact_std, rating_std",0.11974715755968604,2.3990746647486882,0.5832054953784757,0.1823562661143469,0.2974657797778137,0.6131386861313869,0.2670780977599192
t,no_opening_aggression,4,39,"adr, adr_std, kpr, survival_rate, damage_per_round, damage_taken_per_round, damage_diff_per_round, util_damage_per_round, assists_per_round, flash_assists_per_round, trade_kill_rate, death_traded_rate, trade_participation, multi_kill_rate, rifle_kill_share, awp_kill_share, grenades_per_round, he_grenades_per_round, flashbangs_per_round, smokes_per_round, fire_nades_per_round, decoys_per_round, avg_distance_to_enemy, avg_distance_to_enemy_std, avg_distance_to_team_centroid, avg_distance_to_team_centroid_std, relative_team_centroid_distance, relative_team_centroid_distance_std, avg_distance_moved_per_round, avg_distance_moved_per_round_std, avg_distance_to_closest_teammate, avg_distance_to_closest_teammate_std, time_near_enemy_rate_std, first_contact_rate_std, time_stationary_rate, time_stationary_rate_std, kast_std, impact_std, rating_std",0.10289710647752918,2.253943290046016,0.5175732291025131,0.1478893680166457,0.3212621729732784,0.6496350364963503,0.2504962732005758
t,no_opening_aggression,5,39,"adr, adr_std, kpr, survival_rate, damage_per_round, damage_taken_per_round, damage_diff_per_round, util_damage_per_round, assists_per_round, flash_assists_per_round, trade_kill_rate, death_traded_rate, trade_participation, multi_kill_rate, rifle_kill_share, awp_kill_share, grenades_per_round, he_grenades_per_round, flashbangs_per_round, smokes_per_round, fire_nades_per_round, decoys_per_round, avg_distance_to_enemy, avg_distance_to_enemy_std, avg_distance_to_team_centroid, avg_distance_to_team_centroid_std, relative_team_centroid_distance, relative_team_centroid_distance_std, avg_distance_moved_per_round, avg_distance_moved_per_round_std, avg_distance_to_closest_teammate, avg_distance_to_closest_teammate_std, time_near_enemy_rate_std, first_contact_rate_std, time_stationary_rate, time_stationary_rate_std, kast_std, impact_std, rating_std",0.10129602234851802,2.2476385649351025,0.49628131345731263,0.14504843115541166,0.371733777841306,0.7299270072992701,0.2425947694742811
t,no_opening_aggression,6,39,"adr, adr_std, kpr, survival_rate, damage_per_round, damage_taken_per_round, damage_diff_per_round, util_damage_per_round, assists_per_round, flash_assists_per_round, trade_kill_rate, death_traded_rate, trade_participation, multi_kill_rate, rifle_kill_share, awp_kill_share, grenades_per_round, he_grenades_per_round, flashbangs_per_round, smokes_per_round, fire_nades_per_round, decoys_per_round, avg_distance_to_enemy, avg_distance_to_enemy_std, avg_distance_to_team_centroid, avg_distance_to_team_centroid_std, relative_team_centroid_distance, relative_team_centroid_distance_std, avg_distance_moved_per_round, avg_distance_moved_per_round_std, avg_distance_to_closest_teammate, avg_distance_to_closest_teammate_std, time_near_enemy_rate_std, first_contact_rate_std, time_stationary_rate, time_stationary_rate_std, kast_std, impact_std, rating_std",0.10505411115684059,2.1935194010389973,0.514279656781713,0.09718344701755499,0.33595501581726384,0.7226277372262774,0.27148695942348267
t,no_opening_aggression,7,39,"adr, adr_std, kpr, survival_rate, damage_per_round, damage_taken_per_round, damage_diff_per_round, util_damage_per_round, assists_per_round, flash_assists_per_round, trade_kill_rate, death_traded_rate, trade_participation, multi_kill_rate, rifle_kill_share, awp_kill_share, grenades_per_round, he_grenades_per_round, flashbangs_per_round, smokes_per_round, fire_nades_per_round, decoys_per_round, avg_distance_to_enemy, avg_distance_to_enemy_std, avg_distance_to_team_centroid, avg_distance_to_team_centroid_std, relative_team_centroid_distance, relative_team_centroid_distance_std, avg_distance_moved_per_round, avg_distance_moved_per_round_std, avg_distance_to_closest_teammate, avg_distance_to_closest_teammate_std, time_near_enemy_rate_std, first_contact_rate_std, time_stationary_rate, time_stationary_rate_std, kast_std, impact_std, rating_std",0.10171333299454215,2.1466109586940307,0.4920280844286028,0.09165866963472229,0.33112222088898136,0.708029197080292,0.2643935464110233
t,no_opening_aggression,8,39,"adr, adr_std, kpr, survival_rate, damage_per_round, damage_taken_per_round, damage_diff_per_round, util_damage_per_round, assists_per_round, flash_assists_per_round, trade_kill_rate, death_traded_rate, trade_participation, multi_kill_rate, rifle_kill_share, awp_kill_share, grenades_per_round, he_grenades_per_round, flashbangs_per_round, smokes_per_round, fire_nades_per_round, decoys_per_round, avg_distance_to_enemy, avg_distance_to_enemy_std, avg_distance_to_team_centroid, avg_distance_to_team_centroid_std, relative_team_centroid_distance, relative_team_centroid_distance_std, avg_distance_moved_per_round, avg_distance_moved_per_round_std, avg_distance_to_closest_teammate, avg_distance_to_closest_teammate_std, time_near_enemy_rate_std, first_contact_rate_std, time_stationary_rate, time_stationary_rate_std, kast_std, impact_std, rating_std",0.08838631092444292,2.103754068204629,0.4626623223730187,0.07405214619984071,0.24383516570643268,0.7007299270072993,0.25523668999898164
t,trading_teamwork_only,3,5,"trade_kill_rate, death_traded_rate, trade_participation, assists_per_round, flash_assists_per_round",0.4473930078784748,1.0426627978275114,0.7025566202593868,0.18023825605716884,0.11357908600802025,0.49635036496350365,0.4857959614319052
t,trading_teamwork_only,4,5,"trade_kill_rate, death_traded_rate, trade_participation, assists_per_round, flash_assists_per_round",0.3979760772855314,1.0352991467487267,0.8556490683082236,0.12230462454989557,0.11994453025453178,0.5036496350364964,0.5507938615621877
t,trading_teamwork_only,5,5,"trade_kill_rate, death_traded_rate, trade_participation, assists_per_round, flash_assists_per_round",0.3734427399740212,1.033688359360086,0.7813037604394405,0.13678482400425362,0.12020664174210516,0.5182481751824818,0.5055281552374763
t,trading_teamwork_only,6,5,"trade_kill_rate, death_traded_rate, trade_participation, assists_per_round, flash_assists_per_round",0.2998718289812221,1.078309388422302,0.6663429776688328,0.14932405237844465,0.09316142164013118,0.5182481751824818,0.42298836470857365
t,trading_teamwork_only,7,5,"trade_kill_rate, death_traded_rate, trade_participation, assists_per_round, flash_assists_per_round",0.3222811400621748,1.005595312052512,0.6602164545696364,0.13303825142079262,0.10103480627940166,0.5182481751824818,0.4395047521861233
t,trading_teamwork_only,8,5,"trade_kill_rate, death_traded_rate, trade_participation, assists_per_round, flash_assists_per_round",0.32977636044787234,0.9179681124891382,0.6520415299799269,0.12748996859276726,0.09900363822332679,0.5328467153284672,0.4460081891378818
t,no_trading_teamwork,3,39,"adr, adr_std, kpr, survival_rate, damage_per_round, damage_taken_per_round, damage_diff_per_round, util_damage_per_round, opening_kill_rate, opening_death_rate, opening_duel_success, multi_kill_rate, rifle_kill_share, awp_kill_share, grenades_per_round, he_grenades_per_round, flashbangs_per_round, smokes_per_round, fire_nades_per_round, decoys_per_round, avg_distance_to_enemy, avg_distance_to_enemy_std, avg_distance_to_team_centroid, avg_distance_to_team_centroid_std, relative_team_centroid_distance, relative_team_centroid_distance_std, avg_distance_moved_per_round, avg_distance_moved_per_round_std, avg_distance_to_closest_teammate, avg_distance_to_closest_teammate_std, time_near_enemy_rate, time_near_enemy_rate_std, first_contact_rate, first_contact_rate_std, time_stationary_rate, time_stationary_rate_std, kast_std, impact_std, rating_std",0.13587021348389883,2.2624798027500885,0.6248704595511787,0.18601308987011964,0.29785592623329027,0.6131386861313869,0.29119409476889613
t,no_trading_teamwork,4,39,"adr, adr_std, kpr, survival_rate, damage_per_round, damage_taken_per_round, damage_diff_per_round, util_damage_per_round, opening_kill_rate, opening_death_rate, opening_duel_success, multi_kill_rate, rifle_kill_share, awp_kill_share, grenades_per_round, he_grenades_per_round, flashbangs_per_round, smokes_per_round, fire_nades_per_round, decoys_per_round, avg_distance_to_enemy, avg_distance_to_enemy_std, avg_distance_to_team_centroid, avg_distance_to_team_centroid_std, relative_team_centroid_distance, relative_team_centroid_distance_std, avg_distance_moved_per_round, avg_distance_moved_per_round_std, avg_distance_to_closest_teammate, avg_distance_to_closest_teammate_std, time_near_enemy_rate, time_near_enemy_rate_std, first_contact_rate, first_contact_rate_std, time_stationary_rate, time_stationary_rate_std, kast_std, impact_std, rating_std",0.12531121788097146,2.2143236827591055,0.5496333263854967,0.14450584571041492,0.29373610543506323,0.656934306569343,0.2743969666586801
t,no_trading_teamwork,5,39,"adr, adr_std, kpr, survival_rate, damage_per_round, damage_taken_per_round, damage_diff_per_round, util_damage_per_round, opening_kill_rate, opening_death_rate, opening_duel_success, multi_kill_rate, rifle_kill_share, awp_kill_share, grenades_per_round, he_grenades_per_round, flashbangs_per_round, smokes_per_round, fire_nades_per_round, decoys_per_round, avg_distance_to_enemy, avg_distance_to_enemy_std, avg_distance_to_team_centroid, avg_distance_to_team_centroid_std, relative_team_centroid_distance, relative_team_centroid_distance_std, avg_distance_moved_per_round, avg_distance_moved_per_round_std, avg_distance_to_closest_teammate, avg_distance_to_closest_teammate_std, time_near_enemy_rate, time_near_enemy_rate_std, first_contact_rate, first_contact_rate_std, time_stationary_rate, time_stationary_rate_std, kast_std, impact_std, rating_std",0.11824725193228432,2.0604398100184773,0.5795557674316695,0.1311536792215856,0.40494173021107915,0.7518248175182481,0.2920098204942532
t,no_trading_teamwork,6,39,"adr, adr_std, kpr, survival_rate, damage_per_round, damage_taken_per_round, damage_diff_per_round, util_damage_per_round, opening_kill_rate, opening_death_rate, opening_duel_success, multi_kill_rate, rifle_kill_share, awp_kill_share, grenades_per_round, he_grenades_per_round, flashbangs_per_round, smokes_per_round, fire_nades_per_round, decoys_per_round, avg_distance_to_enemy, avg_distance_to_enemy_std, avg_distance_to_team_centroid, avg_distance_to_team_centroid_std, relative_team_centroid_distance, relative_team_centroid_distance_std, avg_distance_moved_per_round, avg_distance_moved_per_round_std, avg_distance_to_closest_teammate, avg_distance_to_closest_teammate_std, time_near_enemy_rate, time_near_enemy_rate_std, first_contact_rate, first_contact_rate_std, time_stationary_rate, time_stationary_rate_std, kast_std, impact_std, rating_std",0.11341658814042857,2.0777421539801324,0.5428759050794207,0.09274446084340254,0.35127947875336835,0.7372262773722628,0.29040191455258274
t,no_trading_teamwork,7,39,"adr, adr_std, kpr, survival_rate, damage_per_round, damage_taken_per_round, damage_diff_per_round, util_damage_per_round, opening_kill_rate, opening_death_rate, opening_duel_success, multi_kill_rate, rifle_kill_share, awp_kill_share, grenades_per_round, he_grenades_per_round, flashbangs_per_round, smokes_per_round, fire_nades_per_round, decoys_per_round, avg_distance_to_enemy, avg_distance_to_enemy_std, avg_distance_to_team_centroid, avg_distance_to_team_centroid_std, relative_team_centroid_distance, relative_team_centroid_distance_std, avg_distance_moved_per_round, avg_distance_moved_per_round_std, avg_distance_to_closest_teammate, avg_distance_to_closest_teammate_std, time_near_enemy_rate, time_near_enemy_rate_std, first_contact_rate, first_contact_rate_std, time_stationary_rate, time_stationary_rate_std, kast_std, impact_std, rating_std",0.11224409642739606,2.0398432407173095,0.5563774071201737,0.11869614327778974,0.3297229535621802,0.7518248175182481,0.28576301043769226
t,no_trading_teamwork,8,39,"adr, adr_std, kpr, survival_rate, damage_per_round, damage_taken_per_round, damage_diff_per_round, util_damage_per_round, opening_kill_rate, opening_death_rate, opening_duel_success, multi_kill_rate, rifle_kill_share, awp_kill_share, grenades_per_round, he_grenades_per_round, flashbangs_per_round, smokes_per_round, fire_nades_per_round, decoys_per_round, avg_distance_to_enemy, avg_distance_to_enemy_std, avg_distance_to_team_centroid, avg_distance_to_team_centroid_std, relative_team_centroid_distance, relative_team_centroid_distance_std, avg_distance_moved_per_round, avg_distance_moved_per_round_std, avg_distance_to_closest_teammate, avg_distance_to_closest_teammate_std, time_near_enemy_rate, time_near_enemy_rate_std, first_contact_rate, first_contact_rate_std, time_stationary_rate, time_stationary_rate_std, kast_std, impact_std, rating_std",0.11347167613032666,1.79117907860251,0.5510227460936179,0.11845115577517554,0.35048193317962917,0.7664233576642335,0.2900716126515266
t,utility_only,3,6,"grenades_per_round, he_grenades_per_round, flashbangs_per_round, smokes_per_round, fire_nades_per_round, util_damage_per_round",0.26363391998377705,1.2108409196370935,0.6589952477601432,0.2673653148004852,0.09259412274994579,0.43795620437956206,0.35256885684317496
t,utility_only,4,6,"grenades_per_round, he_grenades_per_round, flashbangs_per_round, smokes_per_round, fire_nades_per_round, util_damage_per_round",0.2515410590716823,1.2375213977966086,0.6566481528705151,0.1718021207972092,0.1758134102577489,0.5693430656934306,0.3839394565098747
t,utility_only,5,6,"grenades_per_round, he_grenades_per_round, flashbangs_per_round, smokes_per_round, fire_nades_per_round, util_damage_per_round",0.2378731736908022,1.2726566423062076,0.5776785729769535,0.14532088312764144,0.20841622874177404,0.6058394160583942,0.3560950803109427
t,utility_only,6,6,"grenades_per_round, he_grenades_per_round, flashbangs_per_round, smokes_per_round, fire_nades_per_round, util_damage_per_round",0.23418293836166526,1.215054146029168,0.5930179291054227,0.13453479522709713,0.172162434105475,0.6204379562043796,0.36735767543664255
t,utility_only,7,6,"grenades_per_round, he_grenades_per_round, flashbangs_per_round, smokes_per_round, fire_nades_per_round, util_damage_per_round",0.23042532746861502,1.2458828716886752,0.6316080053571205,0.0959958772496807,0.1823681433631737,0.6423357664233577,0.3954668212738447
t,utility_only,8,6,"grenades_per_round, he_grenades_per_round, flashbangs_per_round, smokes_per_round, fire_nades_per_round, util_damage_per_round",0.2294090429294015,1.2113048802492845,0.6255746011640418,0.10640113955369565,0.18246134573909334,0.6715328467153284,0.389877337097904
t,no_utility,3,38,"adr, adr_std, kpr, survival_rate, damage_per_round, damage_taken_per_round, damage_diff_per_round, assists_per_round, flash_assists_per_round, trade_kill_rate, death_traded_rate, trade_participation, opening_kill_rate, opening_death_rate, opening_duel_success, multi_kill_rate, rifle_kill_share, awp_kill_share, decoys_per_round, avg_distance_to_enemy, avg_distance_to_enemy_std, avg_distance_to_team_centroid, avg_distance_to_team_centroid_std, relative_team_centroid_distance, relative_team_centroid_distance_std, avg_distance_moved_per_round, avg_distance_moved_per_round_std, avg_distance_to_closest_teammate, avg_distance_to_closest_teammate_std, time_near_enemy_rate, time_near_enemy_rate_std, first_contact_rate, first_contact_rate_std, time_stationary_rate, time_stationary_rate_std, kast_std, impact_std, rating_std",0.11904568695067998,2.277019172101034,0.658582792370249,0.17844920720504837,0.3012427577283661,0.6277372262773723,0.300702782970881
t,no_utility,4,38,"adr, adr_std, kpr, survival_rate, damage_per_round, damage_taken_per_round, damage_diff_per_round, assists_per_round, flash_assists_per_round, trade_kill_rate, death_traded_rate, trade_participation, opening_kill_rate, opening_death_rate, opening_duel_success, multi_kill_rate, rifle_kill_share, awp_kill_share, decoys_per_round, avg_distance_to_enemy, avg_distance_to_enemy_std, avg_distance_to_team_centroid, avg_distance_to_team_centroid_std, relative_team_centroid_distance, relative_team_centroid_distance_std, avg_distance_moved_per_round, avg_distance_moved_per_round_std, avg_distance_to_closest_teammate, avg_distance_to_closest_teammate_std, time_near_enemy_rate, time_near_enemy_rate_std, first_contact_rate, first_contact_rate_std, time_stationary_rate, time_stationary_rate_std, kast_std, impact_std, rating_std",0.09957298658201272,2.303190820271587,0.4877098217660844,0.11250787584352313,0.4048320272706354,0.7299270072992701,0.2504574892920196
t,no_utility,5,38,"adr, adr_std, kpr, survival_rate, damage_per_round, damage_taken_per_round, damage_diff_per_round, assists_per_round, flash_assists_per_round, trade_kill_rate, death_traded_rate, trade_participation, opening_kill_rate, opening_death_rate, opening_duel_success, multi_kill_rate, rifle_kill_share, awp_kill_share, decoys_per_round, avg_distance_to_enemy, avg_distance_to_enemy_std, avg_distance_to_team_centroid, avg_distance_to_team_centroid_std, relative_team_centroid_distance, relative_team_centroid_distance_std, avg_distance_moved_per_round, avg_distance_moved_per_round_std, avg_distance_to_closest_teammate, avg_distance_to_closest_teammate_std, time_near_enemy_rate, time_near_enemy_rate_std, first_contact_rate, first_contact_rate_std, time_stationary_rate, time_stationary_rate_std, kast_std, impact_std, rating_std",0.10530093732832538,2.1486788705651922,0.5095266701631379,0.1389860747389161,0.2991586990094766,0.6861313868613139,0.2538553167292805
t,no_utility,6,38,"adr, adr_std, kpr, survival_rate, damage_per_round, damage_taken_per_round, damage_diff_per_round, assists_per_round, flash_assists_per_round, trade_kill_rate, death_traded_rate, trade_participation, opening_kill_rate, opening_death_rate, opening_duel_success, multi_kill_rate, rifle_kill_share, awp_kill_share, decoys_per_round, avg_distance_to_enemy, avg_distance_to_enemy_std, avg_distance_to_team_centroid, avg_distance_to_team_centroid_std, relative_team_centroid_distance, relative_team_centroid_distance_std, avg_distance_moved_per_round, avg_distance_moved_per_round_std, avg_distance_to_closest_teammate, avg_distance_to_closest_teammate_std, time_near_enemy_rate, time_near_enemy_rate_std, first_contact_rate, first_contact_rate_std, time_stationary_rate, time_stationary_rate_std, kast_std, impact_std, rating_std",0.10247806368590175,2.041763278884042,0.4764771875279865,0.15031611059130928,0.30679682345528453,0.6934306569343066,0.2372069924520828
t,no_utility,7,38,"adr, adr_std, kpr, survival_rate, damage_per_round, damage_taken_per_round, damage_diff_per_round, assists_per_round, flash_assists_per_round, trade_kill_rate, death_traded_rate, trade_participation, opening_kill_rate, opening_death_rate, opening_duel_success, multi_kill_rate, rifle_kill_share, awp_kill_share, decoys_per_round, avg_distance_to_enemy, avg_distance_to_enemy_std, avg_distance_to_team_centroid, avg_distance_to_team_centroid_std, relative_team_centroid_distance, relative_team_centroid_distance_std, avg_distance_moved_per_round, avg_distance_moved_per_round_std, avg_distance_to_closest_teammate, avg_distance_to_closest_teammate_std, time_near_enemy_rate, time_near_enemy_rate_std, first_contact_rate, first_contact_rate_std, time_stationary_rate, time_stationary_rate_std, kast_std, impact_std, rating_std",0.09802690269534862,2.1266376498786936,0.5013095080303656,0.08347316958788471,0.31696816160353325,0.7153284671532847,0.27031177495249126
t,no_utility,8,38,"adr, adr_std, kpr, survival_rate, damage_per_round, damage_taken_per_round, damage_diff_per_round, assists_per_round, flash_assists_per_round, trade_kill_rate, death_traded_rate, trade_participation, opening_kill_rate, opening_death_rate, opening_duel_success, multi_kill_rate, rifle_kill_share, awp_kill_share, decoys_per_round, avg_distance_to_enemy, avg_distance_to_enemy_std, avg_distance_to_team_centroid, avg_distance_to_team_centroid_std, relative_team_centroid_distance, relative_team_centroid_distance_std, avg_distance_moved_per_round, avg_distance_moved_per_round_std, avg_distance_to_closest_teammate, avg_distance_to_closest_teammate_std, time_near_enemy_rate, time_near_enemy_rate_std, first_contact_rate, first_contact_rate_std, time_stationary_rate, time_stationary_rate_std, kast_std, impact_std, rating_std",0.08751679396728508,2.0834392265748987,0.4550013643478518,0.07165961699249018,0.29223181192877007,0.7007299270072993,0.2532060537674651
t,positioning_movement_only,3,6,"avg_distance_to_enemy, avg_distance_to_team_centroid, relative_team_centroid_distance, avg_distance_moved_per_round, avg_distance_to_closest_teammate, time_stationary_rate",0.2442430398630082,1.3164417047178303,0.6976741892205532,0.2048870050599535,0.12974741537871035,0.5182481751824818,0.38115140891657956
t,positioning_movement_only,4,6,"avg_distance_to_enemy, avg_distance_to_team_centroid, relative_team_centroid_distance, avg_distance_moved_per_round, avg_distance_to_closest_teammate, time_stationary_rate",0.24414228103573676,1.377140115943894,0.507324429994438,0.1778501770308711,0.16657152087535038,0.5547445255474452,0.3135813260041629
t,positioning_movement_only,5,6,"avg_distance_to_enemy, avg_distance_to_team_centroid, relative_team_centroid_distance, avg_distance_moved_per_round, avg_distance_to_closest_teammate, time_stationary_rate",0.21978461623776382,1.2924796351750552,0.559196727238723,0.1848579888459932,0.11016777827946861,0.5328467153284672,0.3248911201132846
t,positioning_movement_only,6,6,"avg_distance_to_enemy, avg_distance_to_team_centroid, relative_team_centroid_distance, avg_distance_moved_per_round, avg_distance_to_closest_teammate, time_stationary_rate",0.21744412167485144,1.24082774631536,0.5854485904050765,0.13865374210152073,0.16499495584284735,0.6058394160583942,0.35494832074998933
t,positioning_movement_only,7,6,"avg_distance_to_enemy, avg_distance_to_team_centroid, relative_team_centroid_distance, avg_distance_moved_per_round, avg_distance_to_closest_teammate, time_stationary_rate",0.2119380907718064,1.2469877779406713,0.5747318150756839,0.12018936518315854,0.145071388603575,0.5912408759124088,0.3556002660484053
t,positioning_movement_only,8,6,"avg_distance_to_enemy, avg_distance_to_team_centroid, relative_team_centroid_distance, avg_distance_moved_per_round, avg_distance_to_closest_teammate, time_stationary_rate",0.21748780296876188,1.2897399281624142,0.5315356517940747,0.09954702389970214,0.13804334080433947,0.6058394160583942,0.34713673665855466
t,no_positioning_movement,3,38,"adr, adr_std, kpr, survival_rate, damage_per_round, damage_taken_per_round, damage_diff_per_round, util_damage_per_round, assists_per_round, flash_assists_per_round, trade_kill_rate, death_traded_rate, trade_participation, opening_kill_rate, opening_death_rate, opening_duel_success, multi_kill_rate, rifle_kill_share, awp_kill_share, grenades_per_round, he_grenades_per_round, flashbangs_per_round, smokes_per_round, fire_nades_per_round, decoys_per_round, avg_distance_to_enemy_std, avg_distance_to_team_centroid_std, relative_team_centroid_distance_std, avg_distance_moved_per_round_std, avg_distance_to_closest_teammate_std, time_near_enemy_rate, time_near_enemy_rate_std, first_contact_rate, first_contact_rate_std, time_stationary_rate_std, kast_std, impact_std, rating_std",0.12864335209224714,2.313539572299282,0.6489322500809138,0.17764825372931337,0.2726482746651916,0.5985401459854015,0.3003293553964608
t,no_positioning_movement,4,38,"adr, adr_std, kpr, survival_rate, damage_per_round, damage_taken_per_round, damage_diff_per_round, util_damage_per_round, assists_per_round, flash_assists_per_round, trade_kill_rate, death_traded_rate, trade_participation, opening_kill_rate, opening_death_rate, opening_duel_success, multi_kill_rate, rifle_kill_share, awp_kill_share, grenades_per_round, he_grenades_per_round, flashbangs_per_round, smokes_per_round, fire_nades_per_round, decoys_per_round, avg_distance_to_enemy_std, avg_distance_to_team_centroid_std, relative_team_centroid_distance_std, avg_distance_moved_per_round_std, avg_distance_to_closest_teammate_std, time_near_enemy_rate, time_near_enemy_rate_std, first_contact_rate, first_contact_rate_std, time_stationary_rate_std, kast_std, impact_std, rating_std",0.12340961996075453,2.184491362628436,0.5867133452688568,0.15942795310329447,0.2851815415234055,0.6204379562043796,0.28308238307779965
t,no_positioning_movement,5,38,"adr, adr_std, kpr, survival_rate, damage_per_round, damage_taken_per_round, damage_diff_per_round, util_damage_per_round, assists_per_round, flash_assists_per_round, trade_kill_rate, death_traded_rate, trade_participation, opening_kill_rate, opening_death_rate, opening_duel_success, multi_kill_rate, rifle_kill_share, awp_kill_share, grenades_per_round, he_grenades_per_round, flashbangs_per_round, smokes_per_round, fire_nades_per_round, decoys_per_round, avg_distance_to_enemy_std, avg_distance_to_team_centroid_std, relative_team_centroid_distance_std, avg_distance_moved_per_round_std, avg_distance_to_closest_teammate_std, time_near_enemy_rate, time_near_enemy_rate_std, first_contact_rate, first_contact_rate_std, time_stationary_rate_std, kast_std, impact_std, rating_std",0.11235064339928481,2.1783367988773654,0.5961742497011654,0.13721763263229095,0.26592678480332993,0.6204379562043796,0.2914488974522452
t,no_positioning_movement,6,38,"adr, adr_std, kpr, survival_rate, damage_per_round, damage_taken_per_round, damage_diff_per_round, util_damage_per_round, assists_per_round, flash_assists_per_round, trade_kill_rate, death_traded_rate, trade_participation, opening_kill_rate, opening_death_rate, opening_duel_success, multi_kill_rate, rifle_kill_share, awp_kill_share, grenades_per_round, he_grenades_per_round, flashbangs_per_round, smokes_per_round, fire_nades_per_round, decoys_per_round, avg_distance_to_enemy_std, avg_distance_to_team_centroid_std, relative_team_centroid_distance_std, avg_distance_moved_per_round_std, avg_distance_to_closest_teammate_std, time_near_enemy_rate, time_near_enemy_rate_std, first_contact_rate, first_contact_rate_std, time_stationary_rate_std, kast_std, impact_std, rating_std",0.11781823400153363,1.8734932962509747,0.5873355436360331,0.1406750106581613,0.26442210976783287,0.6131386861313869,0.2953932004031371
t,no_positioning_movement,7,38,"adr, adr_std, kpr, survival_rate, damage_per_round, damage_taken_per_round, damage_diff_per_round, util_damage_per_round, assists_per_round, flash_assists_per_round, trade_kill_rate, death_traded_rate, trade_participation, opening_kill_rate, opening_death_rate, opening_duel_success, multi_kill_rate, rifle_kill_share, awp_kill_share, grenades_per_round, he_grenades_per_round, flashbangs_per_round, smokes_per_round, fire_nades_per_round, decoys_per_round, avg_distance_to_enemy_std, avg_distance_to_team_centroid_std, relative_team_centroid_distance_std, avg_distance_moved_per_round_std, avg_distance_to_closest_teammate_std, time_near_enemy_rate, time_near_enemy_rate_std, first_contact_rate, first_contact_rate_std, time_stationary_rate_std, kast_std, impact_std, rating_std",0.10033768069525116,1.9003150168551965,0.49430870595264836,0.09359347672592323,0.26703167793317717,0.6496350364963503,0.26937919054097287
t,no_positioning_movement,8,38,"adr, adr_std, kpr, survival_rate, damage_per_round, damage_taken_per_round, damage_diff_per_round, util_damage_per_round, assists_per_round, flash_assists_per_round, trade_kill_rate, death_traded_rate, trade_participation, opening_kill_rate, opening_death_rate, opening_duel_success, multi_kill_rate, rifle_kill_share, awp_kill_share, grenades_per_round, he_grenades_per_round, flashbangs_per_round, smokes_per_round, fire_nades_per_round, decoys_per_round, avg_distance_to_enemy_std, avg_distance_to_team_centroid_std, relative_team_centroid_distance_std, avg_distance_moved_per_round_std, avg_distance_to_closest_teammate_std, time_near_enemy_rate, time_near_enemy_rate_std, first_contact_rate, first_contact_rate_std, time_stationary_rate_std, kast_std, impact_std, rating_std",0.09392945989071902,1.95154004013925,0.5234634140525536,0.11656454409917237,0.19351046139835829,0.6131386861313869,0.26809256752317
t,consistency_only,3,12,"adr_std, avg_distance_to_enemy_std, avg_distance_to_team_centroid_std, relative_team_centroid_distance_std, avg_distance_moved_per_round_std, avg_distance_to_closest_teammate_std, time_near_enemy_rate_std, first_contact_rate_std, time_stationary_rate_std, kast_std, impact_std, rating_std",0.14450191582315708,1.8224796739485771,0.4950382131352527,0.19788627973034692,0.06660761252073988,0.45255474452554745,0.24752121738739968
t,consistency_only,4,12,"adr_std, avg_distance_to_enemy_std, avg_distance_to_team_centroid_std, relative_team_centroid_distance_std, avg_distance_moved_per_round_std, avg_distance_to_closest_teammate_std, time_near_enemy_rate_std, first_contact_rate_std, time_stationary_rate_std, kast_std, impact_std, rating_std",0.1380763261612975,1.7750794702919608,0.45587194321497404,0.16459033612319857,0.06800884015091928,0.4744525547445255,0.24381318143651276
t,consistency_only,5,12,"adr_std, avg_distance_to_enemy_std, avg_distance_to_team_centroid_std, relative_team_centroid_distance_std, avg_distance_moved_per_round_std, avg_distance_to_closest_teammate_std, time_near_enemy_rate_std, first_contact_rate_std, time_stationary_rate_std, kast_std, impact_std, rating_std",0.15075729419832753,1.7299483484826694,0.4392104862853154,0.15569744277446557,0.10590789581915347,0.5255474452554745,0.24696959444833688
t,consistency_only,6,12,"adr_std, avg_distance_to_enemy_std, avg_distance_to_team_centroid_std, relative_team_centroid_distance_std, avg_distance_moved_per_round_std, avg_distance_to_closest_teammate_std, time_near_enemy_rate_std, first_contact_rate_std, time_stationary_rate_std, kast_std, impact_std, rating_std",0.1269059964379962,1.7117805963902712,0.44125093134186977,0.12217322304280073,0.10601634496380984,0.5328467153284672,0.2521457612149989
t,consistency_only,7,12,"adr_std, avg_distance_to_enemy_std, avg_distance_to_team_centroid_std, relative_team_centroid_distance_std, avg_distance_moved_per_round_std, avg_distance_to_closest_teammate_std, time_near_enemy_rate_std, first_contact_rate_std, time_stationary_rate_std, kast_std, impact_std, rating_std",0.09398080355523265,1.6516723187974127,0.38224136528097324,0.11041305577323202,0.15449460993981975,0.583941605839416,0.22174774592655527
t,consistency_only,8,12,"adr_std, avg_distance_to_enemy_std, avg_distance_to_team_centroid_std, relative_team_centroid_distance_std, avg_distance_moved_per_round_std, avg_distance_to_closest_teammate_std, time_near_enemy_rate_std, first_contact_rate_std, time_stationary_rate_std, kast_std, impact_std, rating_std",0.11295873421531623,1.419736440652206,0.3791735851748685,0.10115150884114334,0.12777577057533246,0.5401459854014599,0.23904595402819723
t,no_consistency,3,32,"adr, kpr, survival_rate, damage_per_round, damage_taken_per_round, damage_diff_per_round, util_damage_per_round, assists_per_round, flash_assists_per_round, trade_kill_rate, death_traded_rate, trade_participation, opening_kill_rate, opening_death_rate, opening_duel_success, multi_kill_rate, rifle_kill_share, awp_kill_share, grenades_per_round, he_grenades_per_round, flashbangs_per_round, smokes_per_round, fire_nades_per_round, decoys_per_round, avg_distance_to_enemy, avg_distance_to_team_centroid, relative_team_centroid_distance, avg_distance_moved_per_round, avg_distance_to_closest_teammate, time_near_enemy_rate, first_contact_rate, time_stationary_rate",0.14298602258714876,2.0812490452183914,0.6098989687830811,0.172350537890639,0.32091575622508695,0.6423357664233577,0.2971225236145295
t,no_consistency,4,32,"adr, kpr, survival_rate, damage_per_round, damage_taken_per_round, damage_diff_per_round, util_damage_per_round, assists_per_round, flash_assists_per_round, trade_kill_rate, death_traded_rate, trade_participation, opening_kill_rate, opening_death_rate, opening_duel_success, multi_kill_rate, rifle_kill_share, awp_kill_share, grenades_per_round, he_grenades_per_round, flashbangs_per_round, smokes_per_round, fire_nades_per_round, decoys_per_round, avg_distance_to_enemy, avg_distance_to_team_centroid, relative_team_centroid_distance, avg_distance_moved_per_round, avg_distance_to_closest_teammate, time_near_enemy_rate, first_contact_rate, time_stationary_rate",0.14114183032305727,1.9181721338309323,0.6739993161866069,0.16802899508854774,0.3161228863457142,0.6642335766423357,0.3273809135590709
t,no_consistency,5,32,"adr, kpr, survival_rate, damage_per_round, damage_taken_per_round, damage_diff_per_round, util_damage_per_round, assists_per_round, flash_assists_per_round, trade_kill_rate, death_traded_rate, trade_participation, opening_kill_rate, opening_death_rate, opening_duel_success, multi_kill_rate, rifle_kill_share, awp_kill_share, grenades_per_round, he_grenades_per_round, flashbangs_per_round, smokes_per_round, fire_nades_per_round, decoys_per_round, avg_distance_to_enemy, avg_distance_to_team_centroid, relative_team_centroid_distance, avg_distance_moved_per_round, avg_distance_to_closest_teammate, time_near_enemy_rate, first_contact_rate, time_stationary_rate",0.13849343569472816,1.9238702892789035,0.6137687949256282,0.15263273093005658,0.35989123285465896,0.7299270072992701,0.3082542870635132
t,no_consistency,6,32,"adr, kpr, survival_rate, damage_per_round, damage_taken_per_round, damage_diff_per_round, util_damage_per_round, assists_per_round, flash_assists_per_round, trade_kill_rate, death_traded_rate, trade_participation, opening_kill_rate, opening_death_rate, opening_duel_success, multi_kill_rate, rifle_kill_share, awp_kill_share, grenades_per_round, he_grenades_per_round, flashbangs_per_round, smokes_per_round, fire_nades_per_round, decoys_per_round, avg_distance_to_enemy, avg_distance_to_team_centroid, relative_team_centroid_distance, avg_distance_moved_per_round, avg_distance_to_closest_teammate, time_near_enemy_rate, first_contact_rate, time_stationary_rate",0.131185386079745,1.8254077549752197,0.6222236046629729,0.1340298457335148,0.35383089216018965,0.7372262773722628,0.3185379010327884
t,no_consistency,7,32,"adr, kpr, survival_rate, damage_per_round, damage_taken_per_round, damage_diff_per_round, util_damage_per_round, assists_per_round, flash_assists_per_round, trade_kill_rate, death_traded_rate, trade_participation, opening_kill_rate, opening_death_rate, opening_duel_success, multi_kill_rate, rifle_kill_share, awp_kill_share, grenades_per_round, he_grenades_per_round, flashbangs_per_round, smokes_per_round, fire_nades_per_round, decoys_per_round, avg_distance_to_enemy, avg_distance_to_team_centroid, relative_team_centroid_distance, avg_distance_moved_per_round, avg_distance_to_closest_teammate, time_near_enemy_rate, first_contact_rate, time_stationary_rate",0.11843224969005478,1.839367823509035,0.6005325328418089,0.13120487681781745,0.25752144796351595,0.7153284671532847,0.30554217685720925
t,no_consistency,8,32,"adr, kpr, survival_rate, damage_per_round, damage_taken_per_round, damage_diff_per_round, util_damage_per_round, assists_per_round, flash_assists_per_round, trade_kill_rate, death_traded_rate, trade_participation, opening_kill_rate, opening_death_rate, opening_duel_success, multi_kill_rate, rifle_kill_share, awp_kill_share, grenades_per_round, he_grenades_per_round, flashbangs_per_round, smokes_per_round, fire_nades_per_round, decoys_per_round, avg_distance_to_enemy, avg_distance_to_team_centroid, relative_team_centroid_distance, avg_distance_moved_per_round, avg_distance_to_closest_teammate, time_near_enemy_rate, first_contact_rate, time_stationary_rate",0.11499015546517069,1.8489835371157224,0.576287392951566,0.1006245282014904,0.22490159403250368,0.6934306569343066,0.30646168393808526
t,no_weapon_share,3,42,"adr, adr_std, kpr, survival_rate, damage_per_round, damage_taken_per_round, damage_diff_per_round, util_damage_per_round, assists_per_round, flash_assists_per_round, trade_kill_rate, death_traded_rate, trade_participation, opening_kill_rate, opening_death_rate, opening_duel_success, multi_kill_rate, grenades_per_round, he_grenades_per_round, flashbangs_per_round, smokes_per_round, fire_nades_per_round, decoys_per_round, avg_distance_to_enemy, avg_distance_to_enemy_std, avg_distance_to_team_centroid, avg_distance_to_team_centroid_std, relative_team_centroid_distance, relative_team_centroid_distance_std, avg_distance_moved_per_round, avg_distance_moved_per_round_std, avg_distance_to_closest_teammate, avg_distance_to_closest_teammate_std, time_near_enemy_rate, time_near_enemy_rate_std, first_contact_rate, first_contact_rate_std, time_stationary_rate, time_stationary_rate_std, kast_std, impact_std, rating_std",0.11223265129045626,2.400402182254038,0.5822042228043557,0.18246980325829973,0.27217908747684333,0.5912408759124088,0.2636034003988615
t,no_weapon_share,4,42,"adr, adr_std, kpr, survival_rate, damage_per_round, damage_taken_per_round, damage_diff_per_round, util_damage_per_round, assists_per_round, flash_assists_per_round, trade_kill_rate, death_traded_rate, trade_participation, opening_kill_rate, opening_death_rate, opening_duel_success, multi_kill_rate, grenades_per_round, he_grenades_per_round, flashbangs_per_round, smokes_per_round, fire_nades_per_round, decoys_per_round, avg_distance_to_enemy, avg_distance_to_enemy_std, avg_distance_to_team_centroid, avg_distance_to_team_centroid_std, relative_team_centroid_distance, relative_team_centroid_distance_std, avg_distance_moved_per_round, avg_distance_moved_per_round_std, avg_distance_to_closest_teammate, avg_distance_to_closest_teammate_std, time_near_enemy_rate, time_near_enemy_rate_std, first_contact_rate, first_contact_rate_std, time_stationary_rate, time_stationary_rate_std, kast_std, impact_std, rating_std",0.10493256643219313,2.3372953741169504,0.43391171376303667,0.16494935199026273,0.31610645503666757,0.6934306569343066,0.20948673921518784
t,no_weapon_share,5,42,"adr, adr_std, kpr, survival_rate, damage_per_round, damage_taken_per_round, damage_diff_per_round, util_damage_per_round, assists_per_round, flash_assists_per_round, trade_kill_rate, death_traded_rate, trade_participation, opening_kill_rate, opening_death_rate, opening_duel_success, multi_kill_rate, grenades_per_round, he_grenades_per_round, flashbangs_per_round, smokes_per_round, fire_nades_per_round, decoys_per_round, avg_distance_to_enemy, avg_distance_to_enemy_std, avg_distance_to_team_centroid, avg_distance_to_team_centroid_std, relative_team_centroid_distance, relative_team_centroid_distance_std, avg_distance_moved_per_round, avg_distance_moved_per_round_std, avg_distance_to_closest_teammate, avg_distance_to_closest_teammate_std, time_near_enemy_rate, time_near_enemy_rate_std, first_contact_rate, first_contact_rate_std, time_stationary_rate, time_stationary_rate_std, kast_std, impact_std, rating_std",0.09886604816030513,2.2717137744793137,0.5346443034002899,0.14092019121871477,0.37166525138874146,0.7372262773722628,0.25816610600046297
t,no_weapon_share,6,42,"adr, adr_std, kpr, survival_rate, damage_per_round, damage_taken_per_round, damage_diff_per_round, util_damage_per_round, assists_per_round, flash_assists_per_round, trade_kill_rate, death_traded_rate, trade_participation, opening_kill_rate, opening_death_rate, opening_duel_success, multi_kill_rate, grenades_per_round, he_grenades_per_round, flashbangs_per_round, smokes_per_round, fire_nades_per_round, decoys_per_round, avg_distance_to_enemy, avg_distance_to_enemy_std, avg_distance_to_team_centroid, avg_distance_to_team_centroid_std, relative_team_centroid_distance, relative_team_centroid_distance_std, avg_distance_moved_per_round, avg_distance_moved_per_round_std, avg_distance_to_closest_teammate, avg_distance_to_closest_teammate_std, time_near_enemy_rate, time_near_enemy_rate_std, first_contact_rate, first_contact_rate_std, time_stationary_rate, time_stationary_rate_std, kast_std, impact_std, rating_std",0.09877217059768592,2.2422805744819807,0.489522739015152,0.110470483387275,0.32232447282366483,0.708029197080292,0.252814746668437
t,no_weapon_share,7,42,"adr, adr_std, kpr, survival_rate, damage_per_round, damage_taken_per_round, damage_diff_per_round, util_damage_per_round, assists_per_round, flash_assists_per_round, trade_kill_rate, death_traded_rate, trade_participation, opening_kill_rate, opening_death_rate, opening_duel_success, multi_kill_rate, grenades_per_round, he_grenades_per_round, flashbangs_per_round, smokes_per_round, fire_nades_per_round, decoys_per_round, avg_distance_to_enemy, avg_distance_to_enemy_std, avg_distance_to_team_centroid, avg_distance_to_team_centroid_std, relative_team_centroid_distance, relative_team_centroid_distance_std, avg_distance_moved_per_round, avg_distance_moved_per_round_std, avg_distance_to_closest_teammate, avg_distance_to_closest_teammate_std, time_near_enemy_rate, time_near_enemy_rate_std, first_contact_rate, first_contact_rate_std, time_stationary_rate, time_stationary_rate_std, kast_std, impact_std, rating_std",0.0957009217059719,2.1768109595487473,0.4949737000917222,0.09003040249337976,0.33116608280549403,0.7299270072992701,0.26321390467849715
t,no_weapon_share,8,42,"adr, adr_std, kpr, survival_rate, damage_per_round, damage_taken_per_round, damage_diff_per_round, util_damage_per_round, assists_per_round, flash_assists_per_round, trade_kill_rate, death_traded_rate, trade_participation, opening_kill_rate, opening_death_rate, opening_duel_success, multi_kill_rate, grenades_per_round, he_grenades_per_round, flashbangs_per_round, smokes_per_round, fire_nades_per_round, decoys_per_round, avg_distance_to_enemy, avg_distance_to_enemy_std, avg_distance_to_team_centroid, avg_distance_to_team_centroid_std, relative_team_centroid_distance, relative_team_centroid_distance_std, avg_distance_moved_per_round, avg_distance_moved_per_round_std, avg_distance_to_closest_teammate, avg_distance_to_closest_teammate_std, time_near_enemy_rate, time_near_enemy_rate_std, first_contact_rate, first_contact_rate_std, time_stationary_rate, time_stationary_rate_std, kast_std, impact_std, rating_std",0.08259982989710189,2.087205016115779,0.4295059425217794,0.0810144515757657,0.33326786958894744,0.7445255474452555,0.23722004577647143
t,tactics_only,3,22,"assists_per_round, avg_distance_moved_per_round, avg_distance_to_closest_teammate, avg_distance_to_enemy, avg_distance_to_team_centroid, death_traded_rate, fire_nades_per_round, first_contact_rate, flash_assists_per_round, flashbangs_per_round, grenades_per_round, he_grenades_per_round, opening_death_rate, opening_duel_success, opening_kill_rate, relative_team_centroid_distance, smokes_per_round, time_near_enemy_rate, time_stationary_rate, trade_kill_rate, trade_participation, util_damage_per_round",0.15601110352318867,1.9670255696474086,0.6562855599762762,0.23159379037960173,0.26213673287987443,0.6131386861313869,0.29968872471544195
t,tactics_only,4,22,"assists_per_round, avg_distance_moved_per_round, avg_distance_to_closest_teammate, avg_distance_to_enemy, avg_distance_to_team_centroid, death_traded_rate, fire_nades_per_round, first_contact_rate, flash_assists_per_round, flashbangs_per_round, grenades_per_round, he_grenades_per_round, opening_death_rate, opening_duel_success, opening_kill_rate, relative_team_centroid_distance, smokes_per_round, time_near_enemy_rate, time_stationary_rate, trade_kill_rate, trade_participation, util_damage_per_round",0.16029412472271215,1.835152911806119,0.5970406572914421,0.21070582170766058,0.37145753140660265,0.7299270072992701,0.28919451645163047
t,tactics_only,5,22,"assists_per_round, avg_distance_moved_per_round, avg_distance_to_closest_teammate, avg_distance_to_enemy, avg_distance_to_team_centroid, death_traded_rate, fire_nades_per_round, first_contact_rate, flash_assists_per_round, flashbangs_per_round, grenades_per_round, he_grenades_per_round, opening_death_rate, opening_duel_success, opening_kill_rate, relative_team_centroid_distance, smokes_per_round, time_near_enemy_rate, time_stationary_rate, trade_kill_rate, trade_participation, util_damage_per_round",0.1642598563678061,1.7801525363429895,0.7871609195567657,0.12244195973576903,0.2943202497087101,0.6934306569343066,0.4035300253116605
t,tactics_only,6,22,"assists_per_round, avg_distance_moved_per_round, avg_distance_to_closest_teammate, avg_distance_to_enemy, avg_distance_to_team_centroid, death_traded_rate, fire_nades_per_round, first_contact_rate, flash_assists_per_round, flashbangs_per_round, grenades_per_round, he_grenades_per_round, opening_death_rate, opening_duel_success, opening_kill_rate, relative_team_centroid_distance, smokes_per_round, time_near_enemy_rate, time_stationary_rate, trade_kill_rate, trade_participation, util_damage_per_round",0.15098650743016553,1.834075481980941,0.6865308048031854,0.08719240941195856,0.3038089688853492,0.7445255474452555,0.3706997117479743
t,tactics_only,7,22,"assists_per_round, avg_distance_moved_per_round, avg_distance_to_closest_teammate, avg_distance_to_enemy, avg_distance_to_team_centroid, death_traded_rate, fire_nades_per_round, first_contact_rate, flash_assists_per_round, flashbangs_per_round, grenades_per_round, he_grenades_per_round, opening_death_rate, opening_duel_success, opening_kill_rate, relative_team_centroid_distance, smokes_per_round, time_near_enemy_rate, time_stationary_rate, trade_kill_rate, trade_participation, util_damage_per_round",0.1478026188915996,1.8436190553954515,0.6272283203023074,0.09715720779519998,0.29858663288738096,0.7518248175182481,0.34148240147023234
t,tactics_only,8,22,"assists_per_round, avg_distance_moved_per_round, avg_distance_to_closest_teammate, avg_distance_to_enemy, avg_distance_to_team_centroid, death_traded_rate, fire_nades_per_round, first_contact_rate, flash_assists_per_round, flashbangs_per_round, grenades_per_round, he_grenades_per_round, opening_death_rate, opening_duel_success, opening_kill_rate, relative_team_centroid_distance, smokes_per_round, time_near_enemy_rate, time_stationary_rate, trade_kill_rate, trade_participation, util_damage_per_round",0.12555840663661685,1.898686156660013,0.5983592091050308,0.0850637420433788,0.24346401226281886,0.7445255474452555,0.3245383256706454
