player_name,side,rounds_played,adr,adr_std,kpr,survival_rate,damage_per_round,damage_taken_per_round,damage_diff_per_round,util_damage_per_round,assists_per_round,flash_assists_per_round,trade_kill_rate,death_traded_rate,trade_participation,opening_kill_rate,opening_death_rate,opening_duel_success,multi_kill_rate,rifle_kill_share,awp_kill_share,grenades_per_round,he_grenades_per_round,flashbangs_per_round,smokes_per_round,fire_nades_per_round,decoys_per_round,avg_distance_to_enemy,avg_distance_to_enemy_std,avg_distance_to_team_centroid,avg_distance_to_team_centroid_std,relative_team_centroid_distance,relative_team_centroid_distance_std,avg_distance_moved_per_round,avg_distance_moved_per_round_std,avg_distance_to_closest_teammate,avg_distance_to_closest_teammate_std,time_near_enemy_rate,time_near_enemy_rate_std,first_contact_rate,first_contact_rate_std,time_stationary_rate,time_stationary_rate_std,kast_std,impact_std,rating_std,cluster,pc1,pc2,ablation,k
910,ct,418,78.71291866028709,27.3514127475922,0.8181818181818182,0.4258373205741627,113.3133971291866,84.88995215311004,28.42344497607656,4.514354066985646,0.1674641148325359,0.0311004784688995,0.175438596491228,0.2375,0.2799043062200957,0.1783625730994152,0.1041666666666666,0.7093023255813954,0.2224880382775119,0.2426900584795321,0.5994152046783626,1.9210526315789476,0.3827751196172249,0.6076555023923444,0.4952153110047846,0.430622009569378,0.0047846889952153,2166.69814777465,104.78251620092432,799.4777625671487,102.07866056477953,1.0354097157624806,0.0911850047530332,8516.818289931372,1345.7043527106082,577.2763639966357,61.79692017068511,0.262027898124449,0.0679197234488622,0.1501477982414181,0.0740130848095165,0.6200404383154211,0.0468397463390195,14.861407213448674,0.6909177576125564,0.4982661492873281,1,4.612496884756524,-1.0746271745476126,no_weapon_share,3
afro,ct,326,81.30674846625767,30.02966095968781,0.8006134969325154,0.3987730061349693,121.8680981595092,87.65644171779141,34.21165644171779,5.496932515337424,0.2361963190184049,0.0828220858895705,0.1877394636015325,0.2091836734693877,0.2760736196319018,0.210727969348659,0.1122448979591836,0.7142857142857143,0.1901840490797546,0.2222222222222222,0.5555555555555556,2.085889570552147,0.5,0.598159509202454,0.5858895705521472,0.3987730061349693,0.0030674846625766,2067.762196315721,103.40415650642694,703.5829779543418,106.30144468567222,0.9576261595492396,0.1109309026338172,8079.798471004221,2038.123022504719,548.6959608325703,77.75843592047137,0.3028633745331686,0.0755696481655097,0.1587806612902714,0.070368199536654,0.6417396508151364,0.0727127306267852,18.094362046797443,0.6681141143240539,0.5504911056359941,1,3.218059690175763,0.23355725499330907,no_weapon_share,3
aleks,ct,53,69.79245283018868,36.60285025949948,0.5471698113207547,0.3018867924528302,83.81132075471699,114.9622641509434,-31.150943396226417,9.716981132075473,0.1698113207547169,0.0566037735849056,0.0,0.0,0.0,0.0,0.1891891891891892,0.0,0.0943396226415094,0.6551724137931034,0.0344827586206896,3.0754716981132075,0.9056603773584906,0.6226415094339622,0.8679245283018868,0.6792452830188679,0.0,2068.1675750047016,168.78610926842174,798.7822509589334,244.50736685911843,1.0370898702884273,0.1397233441574954,8734.94184916013,1363.778574077976,532.9008359882241,112.98534488610274,0.378396838838965,0.0837063491075556,0.2191318245420942,0.0788220948907985,0.6020860908489966,0.0901312834213937,20.311362345475946,1.3401625799658563,0.7384011004146678,2,-7.19596975541337,-0.2208772629011329,no_weapon_share,3
aleksib,ct,344,62.01453488372093,29.92417917869645,0.5058139534883721,0.4622093023255814,73.28779069767442,76.9796511627907,-3.691860465116279,9.026162790697674,0.3081395348837209,0.0755813953488372,0.0,0.0,0.0,0.1494252873563218,0.1405405405405405,0.5,0.0901162790697674,0.5862068965517241,0.0,2.941860465116279,0.627906976744186,0.8633720930232558,0.7558139534883721,0.6947674418604651,0.0,2075.9632020584995,173.0448506261538,756.8507827787323,190.07134488523465,0.9966663399097648,0.1326704430474225,9733.649002924352,1588.296817940296,516.2637713589392,116.5598751299117,0.3262163915337684,0.0948857366527829,0.1933023394801097,0.0685046614493221,0.5406359209380799,0.0574368231933959,14.83055538964258,0.697812597290824,0.5082899662669891,2,-3.0071761455919903,2.034974733213108,no_weapon_share,3
alex,ct,141,79.28368794326241,28.9464974879929,0.7588652482269503,0.475177304964539,97.95035460992908,79.35460992907801,18.595744680851062,9.085106382978724,0.226950354609929,0.0283687943262411,0.2616822429906542,0.2567567567567567,0.3333333333333333,0.1401869158878504,0.0405405405405405,0.8333333333333334,0.1843971631205673,0.7850467289719626,0.0186915887850467,2.567375886524822,0.6524822695035462,0.5531914893617021,0.6595744680851063,0.7021276595744681,0.0,2033.086315055948,170.57268506280903,635.5253268497104,140.1896924329855,0.9256247982297076,0.1700723900153074,10003.867451662672,2011.5000937285004,512.9411820348051,80.55945985856528,0.3283808735077044,0.0779501593458418,0.1505592764450821,0.050840560107778,0.546609710437174,0.0848595549485859,14.20341577206562,0.6924370346990276,0.4948707746428024,0,1.255167561124682,3.211255073636222,no_weapon_share,3
alex666,ct,463,75.70842332613391,29.390352760680383,0.6565874730021598,0.3930885529157667,90.87904967602591,87.81857451403887,3.060475161987041,5.406047516198704,0.2872570194384449,0.0453563714902807,0.2401315789473684,0.2277580071174377,0.2958963282937365,0.1381578947368421,0.1103202846975089,0.5753424657534246,0.1447084233261339,0.7467105263157895,0.0,2.4773218142548594,0.5183585313174947,0.5593952483801296,0.816414686825054,0.5809935205183585,0.0021598272138228,2145.1973777096146,182.54630049406424,811.2782980976286,165.99590013404014,1.0880547790209711,0.1016876730479075,8288.098560290551,1260.895725596168,541.2761957252836,106.18112189353708,0.3093598188924161,0.1018871526576804,0.1643258406930089,0.0611139510188665,0.5939079271311491,0.0423352329859701,12.939950055180317,0.658227392532842,0.4303456800178061,2,-0.14755616469588576,-0.8836735724597958,no_weapon_share,3
alistair,ct,46,66.73913043478261,24.596316084364076,0.8478260869565217,0.5,100.43478260869566,79.97826086956522,20.456521739130437,5.152173913043479,0.2391304347826087,0.1739130434782608,0.0,0.0,0.0,0.1025641025641025,0.1739130434782608,0.5,0.217391304347826,0.3333333333333333,0.4615384615384615,1.7826086956521738,0.217391304347826,0.9130434782608696,0.3260869565217391,0.2391304347826087,0.0869565217391304,2083.728958464565,150.2748761189673,808.6898634234368,125.8252027598276,0.9677496564230856,0.1214119365073182,8630.266906840547,2264.067278334961,564.6655625217419,68.95370035061863,0.2827887969340565,0.043048486019014,0.1884994889005158,0.0719168715649169,0.6295887642431363,0.0985296981497016,18.164029640724436,0.6980068479088224,0.5456748643215702,1,3.181057882407401,-0.0845275733909492,no_weapon_share,3
apex,ct,266,80.39473684210526,53.90829287117988,0.6428571428571429,0.3796992481203007,97.76691729323308,91.49248120300751,6.274436090225564,15.428571428571429,0.3684210526315789,0.056390977443609,0.0,0.0,0.0,0.2046783625730994,0.1575757575757575,0.5737704918032787,0.1390977443609022,0.7719298245614035,0.0,2.484962406015037,0.8834586466165414,0.5263157894736842,0.5939849624060151,0.4812030075187969,0.0,2040.512768377988,219.40448274393188,652.4177999582498,161.0601146717066,0.904197684616974,0.1391952261901655,8803.637243055298,1566.3090266770955,506.64409194692377,70.935651109073,0.3109319268903124,0.0809718630313417,0.188846679791876,0.0753647131747983,0.5908154251654139,0.0606420595855939,15.384574643346555,0.8223994682260239,0.5825051793467383,0,-2.1894475155590576,2.9800816121222846,no_weapon_share,3
art,ct,447,82.32214765100672,35.90228738810195,0.7449664429530202,0.3847874720357941,104.68680089485458,92.2841163310962,12.40268456375839,7.008948545861298,0.2751677852348993,0.0335570469798657,0.0,0.0,0.0,0.1981981981981982,0.1418181818181818,0.6285714285714286,0.192393736017897,0.6636636636636637,0.06006006006006,2.1968680089485457,0.5302013422818792,0.5659955257270693,0.6129753914988815,0.4876957494407158,0.0,2003.585748419437,141.39952900548974,708.4776035558073,183.32921440760265,0.9401879669962684,0.1310672075349371,9188.57536594624,1734.9239179317403,539.119291647841,111.46737507601448,0.366279704076027,0.0902105775637899,0.2269759601224589,0.0680798076411386,0.5724769818803986,0.0665514020272584,15.245414470261304,0.7836596708719642,0.5552678156565856,0,-1.109039280915145,1.5086891164834506,no_weapon_share,3
asap,ct,46,100.58695652173913,21.681753105661507,0.782608695652174,0.391304347826087,118.78260869565216,86.67391304347827,32.108695652173914,15.021739130434783,0.2608695652173913,0.0217391304347826,0.1388888888888889,0.25,0.2608695652173913,0.2222222222222222,0.1428571428571428,0.6666666666666666,0.108695652173913,0.6388888888888888,0.0,2.130434782608696,0.5652173913043478,0.391304347826087,0.782608695652174,0.391304347826087,0.0,2029.9059440452404,126.73260800209354,757.9407499812287,67.51178641278646,0.8949005453363108,0.1320491200711389,9270.704239843755,990.0924615868388,550.2934874398081,52.85693469100977,0.3478916372172068,0.0788174706358132,0.216241683000268,0.0685018584717308,0.5523657271429044,0.0484822109616201,3.779365820397014,0.7077058402267932,0.3791921514931528,0,1.2057673921548868,2.1724044384153984,no_weapon_share,3
aw,ct,190,77.72631578947369,32.417924155795035,0.7421052631578947,0.331578947368421,99.72105263157894,103.0421052631579,-3.3210526315789477,5.057894736842106,0.2421052631578947,0.0052631578947368,0.0,0.0,0.0,0.1063829787234042,0.1259842519685039,0.4838709677419355,0.1684210526315789,0.7021276595744681,0.0,2.889473684210526,0.7473684210526316,0.6210526315789474,0.7368421052631579,0.7842105263157895,0.0,2009.096069462677,129.31567017930558,719.500851500019,141.16646077908135,0.9407183173731958,0.0961239251308526,9129.769541805574,1167.749978664758,525.4612287672536,84.68071499355891,0.3640069978963404,0.0806705144383583,0.2247090750849142,0.0813357061386367,0.5813118922981637,0.0587480675682167,17.640403063306497,0.6655339372306114,0.5232245531314947,0,-2.9360625433864644,1.9313318319293717,no_weapon_share,3
azuwu,ct,326,72.2760736196319,32.43873351290028,0.6932515337423313,0.3220858895705521,92.98159509202452,100.51533742331289,-7.533742331288344,6.021472392638037,0.2300613496932515,0.0153374233128834,0.0,0.0,0.0,0.1902654867256637,0.1312217194570135,0.5972222222222222,0.1687116564417178,0.6548672566371682,0.0,2.3220858895705523,0.6196319018404908,0.3711656441717791,0.7423312883435583,0.588957055214724,0.0,1906.0875027441464,155.39115686342677,661.2945134049437,164.32073057836448,0.8968422988156792,0.1038687907355703,8387.508321644502,1510.7935729040264,494.8809651635556,106.18671850692007,0.4017223073545706,0.0950644795239199,0.2431332933575723,0.0711309937567776,0.6161129725830603,0.0631471416416401,20.52571424495423,0.8488125108629115,0.5571833064738896,0,-3.0922582657613407,0.5194013272037915,no_weapon_share,3
b1t,ct,342,90.03508771929825,24.546627697465222,0.8625730994152047,0.4473684210526316,115.61111111111111,83.40058479532163,32.21052631578947,4.409356725146199,0.2222222222222222,0.0204678362573099,0.2305084745762712,0.2222222222222222,0.3216374269005848,0.1525423728813559,0.1005291005291005,0.703125,0.2163742690058479,0.7389830508474576,0.0440677966101694,2.58187134502924,0.5526315789473685,0.5935672514619883,0.8099415204678363,0.6257309941520468,0.0,2143.420478045464,125.5569492743524,899.3635079906559,181.82916658001432,1.147452380493282,0.0958287905098491,9319.842991596912,1226.4093001253668,584.5553840618846,105.26963720006296,0.306495792871497,0.0666250414524367,0.1701756024868573,0.0528430929766164,0.5438232241480324,0.048623294337623,14.519304702804604,0.6246477807832609,0.4164088840796517,2,2.295945800876093,0.9510280657994045,no_weapon_share,3
bart4k,ct,69,68.89855072463769,23.21479513414739,0.4782608695652174,0.391304347826087,81.4927536231884,91.68115942028986,-10.18840579710145,2.4057971014492754,0.2608695652173913,0.0434782608695652,0.0,0.0,0.0,0.1515151515151515,0.0238095238095238,0.8333333333333334,0.0869565217391304,0.6363636363636364,0.0,2.1594202898550723,0.3623188405797101,0.6086956521739131,0.5942028985507246,0.5942028985507246,0.0,2062.559300162376,146.6847176231481,794.0152055347721,137.0570665017939,1.063302824512865,0.1157525713275226,7851.116630278218,1359.9782863042528,525.0203729062669,106.25964562498652,0.3483944221709174,0.0739974428575776,0.180938799225536,0.0905315221524094,0.6011672740316529,0.0579568492847203,23.219813478347792,0.5187394238465086,0.5261260553857251,2,-1.056166267658837,-2.339464339825019,no_weapon_share,3
beastik,ct,147,67.89795918367346,25.77841006315905,0.5578231292517006,0.3129251700680272,80.52380952380952,95.82312925170068,-15.299319727891156,7.231292517006802,0.3605442176870748,0.0544217687074829,0.1829268292682926,0.2277227722772277,0.2585034013605442,0.1829268292682926,0.2079207920792079,0.4166666666666667,0.1156462585034013,0.8414634146341463,0.0,2.4489795918367347,0.5850340136054422,0.7687074829931972,0.5918367346938775,0.5034013605442177,0.0,2055.9776767650847,207.550625541273,649.0102810282009,184.95406843934472,0.9307024014240232,0.1975562002717734,8130.844297890542,1713.672912272791,532.31438176597,90.94587534091332,0.324171941441307,0.0650540883205821,0.212228109917682,0.0540177692789563,0.6025688800327199,0.0818383176506052,14.348464131184128,0.5302432210195326,0.4606210282172205,0,-2.730423432055049,-0.38012673514480266,no_weapon_share,3
belchonokk,ct,245,69.48979591836735,27.847134084712668,0.6,0.3591836734693877,84.21224489795918,93.02857142857142,-8.816326530612244,5.016326530612245,0.2081632653061224,0.0081632653061224,0.0,0.0,0.0,0.0884353741496598,0.1719745222929936,0.325,0.1428571428571428,0.7959183673469388,0.0068027210884353,2.0040816326530613,0.4693877551020408,0.3510204081632653,0.7183673469387755,0.4653061224489795,0.0,2061.8848323504385,155.08205393138425,783.6221294005239,211.03410613059972,1.02092924370382,0.1945755203728106,9053.802555617032,933.26652447509,573.6382851729271,119.08055202054824,0.3161270374622116,0.0966045724351905,0.2133118699871583,0.0763454863434237,0.5814923817310775,0.0532001856909079,18.330173891795944,0.6349321652338797,0.5365347950593146,2,-2.779919712181522,-2.1207485560777015,no_weapon_share,3
biguzera,ct,282,83.68439716312056,27.981976765666897,0.7659574468085106,0.4184397163120567,104.36879432624112,83.56382978723404,20.80496453900709,6.826241134751773,0.2872340425531915,0.0567375886524822,0.1435185185185185,0.2378048780487804,0.2482269503546099,0.1481481481481481,0.1463414634146341,0.5714285714285714,0.1879432624113475,0.7361111111111112,0.0092592592592592,2.6666666666666665,0.5638297872340425,0.8617021276595744,0.7127659574468085,0.524822695035461,0.0035460992907801,1999.7790001673543,133.66248376072286,606.2896977286081,105.94438401146276,0.8785564073274336,0.1476755520799861,9221.384756458883,1631.986009808369,506.4527174856706,85.09546110641905,0.3404597319499253,0.085915307119676,0.1906240852352292,0.0627061601216272,0.5564774905366846,0.0625657766771054,17.857427744619716,0.6425636307578404,0.4642075334039545,0,0.4045851362540925,3.0279183168104913,no_weapon_share,3
blamef,ct,172,101.29651162790698,34.64406036436166,0.9651162790697676,0.5,125.67441860465117,79.97674418604652,45.69767441860465,14.63953488372093,0.3546511627906977,0.0116279069767441,0.0,0.0,0.0,0.180722891566265,0.0697674418604651,0.8333333333333334,0.2790697674418604,0.7650602409638554,0.0060240963855421,2.127906976744186,0.7732558139534884,0.3895348837209302,0.5290697674418605,0.436046511627907,0.0,2054.513314529094,167.37310230033142,636.4842345982734,155.20901265133222,0.9305023316944496,0.1639178366692737,9109.204036184474,1327.4986924727382,544.3534701518009,86.12951761519585,0.3017813723199766,0.0553330703686323,0.1850776585567403,0.0435342550809751,0.5435859083977157,0.045157659839534,15.116391791328864,0.7584040479079969,0.5739664181991639,0,2.657574315173427,4.932547584467805,no_weapon_share,3
blitz,ct,418,86.4066985645933,23.37827347418097,0.6746411483253588,0.3732057416267942,104.0622009569378,91.64832535885168,12.413875598086124,15.97846889952153,0.3732057416267942,0.0478468899521531,0.0,0.0,0.0,0.1702127659574468,0.2251908396946564,0.4485981308411215,0.1722488038277512,0.7340425531914894,0.0212765957446808,2.61244019138756,0.8133971291866029,0.6196172248803827,0.6291866028708134,0.5502392344497608,0.0,2040.7251543824607,125.28225072488804,652.8224774896983,129.99980430248465,0.884548087375393,0.1220608222442498,9179.923778250864,1563.943834789451,537.0904365140511,81.02527140582194,0.3211649590178694,0.0544418012654122,0.1937581760372651,0.0509698660739338,0.5633272357521354,0.0584143232567782,13.168680246135713,0.5405164916819332,0.3872820475845014,0,-1.486286858725417,3.707943941303393,no_weapon_share,3
boombl4,ct,369,84.14092140921409,29.600908137135622,0.7479674796747967,0.4146341463414634,100.47154471544717,85.0189701897019,15.452574525745256,7.726287262872629,0.3143631436314363,0.037940379403794,0.0,0.0,0.0,0.1485507246376811,0.1388888888888889,0.5774647887323944,0.2113821138211382,0.7391304347826086,0.0072463768115942,2.8536585365853657,0.6775067750677507,0.7425474254742548,0.7669376693766937,0.6612466124661247,0.005420054200542,1977.834378767308,154.4096563540856,638.5205892349138,143.35777294377598,0.9097879866809212,0.1350267196663706,9935.010716333014,1761.2335849321796,507.3648413106128,113.31564763208448,0.3696920729028873,0.1145309953118517,0.2376063282520335,0.0771953867040939,0.5071851979266776,0.0654099916561878,17.07664635465829,0.692129523531179,0.52836960028889,0,-2.4022302550871437,4.628164181419049,no_weapon_share,3
br0,ct,143,74.87412587412588,21.968960994892377,0.6783216783216783,0.3566433566433566,95.66433566433568,96.22377622377624,-0.5594405594405595,4.951048951048951,0.2237762237762237,0.0,0.2371134020618556,0.2934782608695652,0.3496503496503496,0.1443298969072164,0.1739130434782608,0.4666666666666667,0.1538461538461538,0.7938144329896907,0.0103092783505154,2.202797202797203,0.4195804195804196,0.7482517482517482,0.6013986013986014,0.4335664335664335,0.0,2083.838149462992,130.58160343578427,651.3860559675358,73.4538795805277,1.0004518305026722,0.152750461346284,8629.15665808591,1968.1161137115168,494.4764801573487,81.7816069541831,0.3329619188161906,0.0700545540458421,0.1807093346422582,0.0748830831622282,0.5833861654193074,0.0750072586463855,17.037099692615847,0.5573856667549052,0.4224166270962566,0,0.2656617697430425,-0.773019736795534,no_weapon_share,3
brnz4n,ct,201,74.08457711442786,30.185841542535893,0.6567164179104478,0.3681592039800995,95.33333333333331,85.98507462686567,9.348258706467664,2.6865671641791047,0.2437810945273631,0.0248756218905472,0.2121212121212121,0.3070866141732283,0.3333333333333333,0.1893939393939394,0.0866141732283464,0.6944444444444444,0.1293532338308457,0.7196969696969697,0.0075757575757575,2.2487562189054726,0.3781094527363184,0.472636815920398,0.7661691542288557,0.6318407960199005,0.0,2051.810564314391,198.1377803256012,836.2809202304633,155.72012805126462,1.124686896714223,0.1125986627369919,7750.875782147022,1422.75729166632,539.5128534733647,111.8458145028409,0.3495026695059427,0.079491602883799,0.2209335248536457,0.1036814014142339,0.6168585765121154,0.0543609878667563,24.878548700440863,0.7838999816887572,0.5841748946207683,2,-0.578707970830724,-2.3309764327018576,no_weapon_share,3
broky,ct,70,73.77142857142857,21.139271668847588,0.7428571428571429,0.4428571428571428,122.2,81.47142857142858,40.72857142857143,5.614285714285714,0.3285714285714285,0.1428571428571428,0.25,0.2307692307692307,0.3142857142857143,0.0961538461538461,0.1025641025641025,0.5555555555555556,0.1428571428571428,0.173076923076923,0.5769230769230769,2.557142857142857,0.6,0.9,0.6428571428571429,0.4142857142857143,0.0,2111.597798463353,89.31794981560589,673.9535507115824,29.949348666044177,0.951681464679027,0.1145153959925293,9605.971906252766,1102.044448973073,498.00462452359375,40.02204824847658,0.2564795486745598,0.0506326527308089,0.1116369190472102,0.0448197705732225,0.5824660340445663,0.0316608127266378,14.49580959597571,0.5545728116319446,0.4122062180529533,1,4.380087238647602,2.687209700445852,no_weapon_share,3
brollan,ct,107,76.42990654205607,27.4637022630394,0.7009345794392523,0.3457943925233644,97.09345794392524,92.196261682243,4.897196261682243,6.102803738317757,0.1588785046728972,0.02803738317757,0.0,0.0,0.0,0.12,0.1428571428571428,0.4736842105263157,0.1775700934579439,0.6666666666666666,0.0,2.233644859813084,0.4766355140186916,0.5607476635514018,0.6635514018691588,0.5327102803738317,0.0,2177.3198223698714,124.61950459224389,862.390827320153,162.58055233473294,1.150607019431361,0.108874452144603,8724.701657123444,1358.9297358366573,611.1707940708346,99.15703235804266,0.2698560223354631,0.0502587213405861,0.1896624326222263,0.0675053947991967,0.5952611047189932,0.0399126308856242,19.878903887486537,0.539168575335768,0.4709214059698797,2,0.1500538078357733,-1.7613523059768377,no_weapon_share,3
bymas,ct,326,66.61349693251533,27.539662225667332,0.6196319018404908,0.4325153374233129,79.3558282208589,86.01840490797547,-6.662576687116564,3.1349693251533743,0.1993865030674846,0.0276073619631901,0.0,0.0,0.0,0.099009900990099,0.1405405405405405,0.4347826086956521,0.1503067484662576,0.7821782178217822,0.0,1.8773006134969328,0.3220858895705521,0.5030674846625767,0.4877300613496932,0.5644171779141104,0.0,1995.748839930955,118.26609655753867,712.5050132693323,223.60829554703295,0.9358275277978068,0.1607083505234122,9068.79606404392,1923.3389527987777,562.8979745349292,137.1547180298166,0.3464787156062519,0.0908362315938939,0.2033232100702912,0.0753416477458873,0.576718903132504,0.0664879688761354,18.249637638612604,0.6672633452156812,0.4932620043339235,2,-1.726661420884377,-1.521099010925617,no_weapon_share,3
c4llm3su3,ct,110,65.03636363636363,30.467224208149773,0.6454545454545455,0.4545454545454545,82.96363636363637,77.22727272727273,5.736363636363636,5.390909090909091,0.1272727272727272,0.0181818181818181,0.0,0.0,0.0,0.0985915492957746,0.0833333333333333,0.5833333333333334,0.1363636363636363,0.5774647887323944,0.0,1.9,0.3909090909090909,0.4727272727272727,0.5363636363636364,0.5,0.0,2167.8870993562577,156.7320889904897,838.3704553036986,196.62097621762663,1.0555104256891596,0.1242871295000292,8868.144559388913,1454.9532852972309,576.2754877803239,99.82076007166393,0.3032285608907144,0.0928372066061474,0.1565325394039583,0.0819041182999292,0.5833035999434204,0.0612916748159107,14.546402158763607,0.84944552050599,0.4997869563011264,2,0.5604487456249749,-2.027019785614111,no_weapon_share,3
cairne,ct,41,59.65853658536585,17.943020239319853,0.5853658536585366,0.2682926829268293,74.70731707317073,99.1219512195122,-24.414634146341463,2.975609756097561,0.1463414634146341,0.0,0.2916666666666667,0.2333333333333333,0.3414634146341463,0.125,0.1333333333333333,0.4285714285714285,0.0975609756097561,0.7083333333333334,0.0,2.1463414634146343,0.5121951219512195,0.4146341463414634,0.7560975609756098,0.4634146341463415,0.0,2095.3326511652936,82.75118653975076,719.7575498714663,47.66753366889344,1.0292685569039746,0.1412911678133996,8658.263593602984,764.4696912805139,492.4808797088338,113.17142913029426,0.34430579836016,0.0444991135603537,0.2198224620279691,0.0470903703826022,0.5922819501711556,0.0294082016274088,16.786605477486805,0.5218080745510429,0.3303978248663555,2,-0.7619762058385378,-3.364597292433724,no_weapon_share,3
chr1zn,ct,146,68.0958904109589,16.807979530714864,0.5821917808219178,0.3219178082191781,82.21232876712328,101.6986301369863,-19.48630136986301,8.376712328767123,0.1643835616438356,0.0,0.0,0.0,0.0,0.1764705882352941,0.2222222222222222,0.4054054054054054,0.136986301369863,0.6235294117647059,0.0,2.636986301369863,0.5068493150684932,0.541095890410959,0.9178082191780822,0.6712328767123288,0.0,2065.2174878168903,185.9521597164805,884.287553436845,242.3441295350728,1.0943955458229095,0.1381303082161392,9272.19744250631,1473.722011496664,634.8690514665666,150.4777035562392,0.3450566561768962,0.1189593207961125,0.2142894067587716,0.0848382434191892,0.5704342854385976,0.0567182818762695,17.887287900828674,0.4475122347652075,0.3702460814361568,2,-4.976400692894448,-1.4619776727514344,no_weapon_share,3
cmtry,ct,294,67.69727891156462,19.906045349147124,0.673469387755102,0.4523809523809524,103.41156462585036,78.2687074829932,25.142857142857142,4.585034013605442,0.2006802721088435,0.0612244897959183,0.2121212121212121,0.2236024844720497,0.2653061224489796,0.1919191919191919,0.1428571428571428,0.6229508196721312,0.1564625850340136,0.202020202020202,0.5707070707070707,2.2108843537414966,0.4557823129251701,0.6462585034013606,0.608843537414966,0.5,0.0,2160.070265376852,116.98053682283998,715.426325224383,66.1546061532795,1.0113753840066668,0.0796229681277121,8464.269316784808,1391.4949947315183,554.5683727180635,72.20492411924141,0.2551329715115574,0.0626335943957546,0.1379095649151705,0.0519624540931097,0.6287828608696767,0.0501743299249527,13.462007560118938,0.4557918857771617,0.3380111503305699,1,3.909055546889019,-0.7249278623158567,no_weapon_share,3
cobrazera,ct,418,74.69856459330144,23.309427847696707,0.7200956937799043,0.3947368421052631,98.49043062200955,88.34928229665071,10.141148325358852,4.34688995215311,0.2057416267942583,0.0239234449760765,0.2225913621262458,0.2687747035573122,0.3229665071770335,0.1561461794019933,0.1422924901185771,0.5662650602409639,0.1698564593301435,0.6976744186046512,0.0531561461794019,2.088516746411483,0.4784688995215311,0.4354066985645933,0.6507177033492823,0.5239234449760766,0.0,2054.826837570861,170.0292752942039,791.6738967161876,201.71591427326305,1.0078512981688883,0.1584940892318627,9027.063345474164,1354.582687749108,560.2585215085408,123.91227797435673,0.3670020425882284,0.1030441123755046,0.2403117584062806,0.0862923045330772,0.5757747335139151,0.0604088746220098,13.554913622826604,0.6579538577012433,0.4798906335108822,2,-0.7607218936970676,-0.9570573584799053,no_weapon_share,3
controlez,ct,69,80.3623188405797,30.689588769541,0.7391304347826086,0.3333333333333333,97.52173913043478,89.01449275362319,8.507246376811594,6.434782608695652,0.2318840579710145,0.0289855072463768,0.2352941176470588,0.1739130434782608,0.2898550724637681,0.1372549019607843,0.1521739130434782,0.5,0.2318840579710145,0.6274509803921569,0.0,1.7536231884057971,0.4347826086956521,0.4347826086956521,0.4782608695652174,0.4057971014492754,0.0,2029.3802993886252,193.63216969117755,715.8721877679856,140.75533036418256,0.9771242890790044,0.0798115840973237,8287.114667071397,1937.1325240590195,528.4698937211059,79.85170745160342,0.3701087525111544,0.1111160476956727,0.2142274416722854,0.0727034073272521,0.5893485455412947,0.0996908446309866,21.163074548935924,0.8442880378261476,0.6791729250496025,0,-0.027244381097566082,-0.6761737315028129,no_weapon_share,3
corn,ct,53,64.79245283018868,35.09571898025086,0.6037735849056604,0.3396226415094339,76.30188679245283,102.24528301886792,-25.943396226415093,6.886792452830188,0.1886792452830188,0.0943396226415094,0.3125,0.2285714285714285,0.3396226415094339,0.09375,0.0571428571428571,0.6,0.1698113207547169,0.625,0.0,1.7924528301886793,0.4339622641509434,0.4339622641509434,0.490566037735849,0.4339622641509434,0.0,2101.5694464010626,151.29942653790712,738.9898467244711,165.5729692337812,0.952628767059948,0.0922573807987595,9331.571998250494,1315.8418310548466,483.292126721783,77.71368890487634,0.3863636851568376,0.0750276514312081,0.1781738976300975,0.0696665782324485,0.5553788753754152,0.0566279152437423,20.21616718465348,0.7762791862468037,0.635479814861195,2,-0.3222478167548132,-1.5755008883510748,no_weapon_share,3
crepow,ct,53,51.54716981132076,31.522761470733183,0.3396226415094339,0.1509433962264151,59.905660377358494,110.69811320754717,-50.79245283018868,9.0188679245283,0.3018867924528302,0.0377358490566037,0.0,0.0,0.0,0.2222222222222222,0.3111111111111111,0.2222222222222222,0.0943396226415094,0.5555555555555556,0.0,1.830188679245283,0.4339622641509434,0.3962264150943396,0.5094339622641509,0.4339622641509434,0.0566037735849056,1969.63065759334,102.60320576107767,766.8159845395667,185.22712515186228,1.0211854792716857,0.0965043463457256,7076.531244707129,484.0354956339604,553.4998267614462,99.8940108983159,0.4470332751788562,0.0533466476686734,0.299203686847769,0.046606876341916,0.668062309743938,0.0316554217083698,15.482633308206282,0.4121557205267968,0.3300598312666906,0,-5.833240882077526,-5.2553205798487514,no_weapon_share,3
d1ledez,ct,238,72.7016806722689,22.949690246697397,0.6638655462184874,0.4159663865546218,92.22689075630252,88.38235294117646,3.8445378151260505,2.554621848739496,0.2394957983193277,0.0378151260504201,0.0,0.0,0.0,0.120253164556962,0.0719424460431654,0.6551724137931034,0.1680672268907563,0.8037974683544303,0.0,2.46218487394958,0.6134453781512605,0.453781512605042,0.7478991596638656,0.6470588235294118,0.0,2081.7427184071967,153.38196635058932,782.1266022814367,287.6133887639669,1.0343731305553616,0.185634990850103,8264.104787973825,1227.9755713332945,537.3719611329028,136.18670890698033,0.3251489234379497,0.0874250801867177,0.1903806936127123,0.0588455217171358,0.5794016733194746,0.0566823733978757,13.617597950275618,0.5996373763415616,0.4447825014395317,2,-1.613850703276067,-0.29767265646450114,no_weapon_share,3
daps,ct,33,57.72727272727273,26.157967590047896,0.4242424242424242,0.2727272727272727,65.75757575757575,98.06060606060606,-32.303030303030305,1.5151515151515151,0.1515151515151515,0.0303030303030303,0.1428571428571428,0.1666666666666666,0.1818181818181818,0.1428571428571428,0.0833333333333333,0.5,0.0909090909090909,0.7142857142857143,0.0,1.0909090909090908,0.1818181818181818,0.2727272727272727,0.3636363636363636,0.2727272727272727,0.0,1918.1124272012737,123.23855666294348,721.0129266588012,91.2382118622526,1.108064468077168,0.1488933917126391,7234.366134505817,1697.0085364515069,562.7731145381397,119.41675277250204,0.4243870072178731,0.0563738021937043,0.2653953703919548,0.0880728292810218,0.6309543570175233,0.0469889525470123,24.59279634523816,0.4636483539744864,0.4553064603311772,2,-1.9385931800720169,-6.921296557947566,no_weapon_share,3
dav1g,ct,141,78.7872340425532,30.172705981563823,0.6666666666666666,0.4042553191489361,94.26241134751773,88.822695035461,5.439716312056738,2.6099290780141846,0.2978723404255319,0.0425531914893617,0.2127659574468085,0.3452380952380952,0.3475177304964539,0.1170212765957446,0.1666666666666666,0.44,0.1773049645390071,0.6595744680851063,0.0106382978723404,2.24822695035461,0.3546099290780142,0.6453900709219859,0.7304964539007093,0.5177304964539007,0.0,1930.3546544701876,137.25898889459242,649.3069522634235,199.74443788690755,0.927236945060747,0.148028597766087,8810.242505493785,1398.5606970070437,512.2951555279362,99.89246299252008,0.4084800688031785,0.1016803825978214,0.2431096960959629,0.0765387465898007,0.6006836365284033,0.0616031739881114,10.647206292592804,0.6178241897751221,0.4770919885440842,0,-1.4186819977928127,-0.037850066206910046,no_weapon_share,3
dem0n,ct,294,73.20748299319727,21.01215899272456,0.6870748299319728,0.3843537414965986,94.76190476190476,86.48979591836735,8.272108843537415,3.598639455782313,0.1598639455782313,0.0170068027210884,0.2277227722772277,0.2486187845303867,0.3095238095238095,0.1188118811881188,0.1270718232044199,0.5106382978723404,0.173469387755102,0.8168316831683168,0.0,2.023809523809524,0.5306122448979592,0.391156462585034,0.5782312925170068,0.5238095238095238,0.0,2104.264699264335,157.331903065614,736.585192655236,160.75297246334765,1.0172853792617411,0.1478229068284033,8959.46162552979,1034.60885155267,511.3153368465112,121.1292429578322,0.3237220501680075,0.0705928931286024,0.1726695780380794,0.0617668848016385,0.5662398803203735,0.0407653697657755,13.302539469310222,0.5377587357134016,0.3351589550325626,2,0.8481475399348622,-1.3300683576997503,no_weapon_share,3
dexter,ct,46,76.58695652173913,27.09687558596801,0.6956521739130435,0.3478260869565217,90.8695652173913,91.1086956521739,-0.2391304347826087,9.608695652173912,0.1739130434782608,0.0217391304347826,0.25,0.1333333333333333,0.2608695652173913,0.125,0.3,0.3076923076923077,0.1739130434782608,0.75,0.03125,2.0434782608695654,0.5434782608695652,0.5652173913043478,0.4782608695652174,0.4565217391304347,0.0,2075.809576246567,218.21442372006365,800.2601816072756,199.9929494152034,0.9374298334884812,0.130119632762491,7704.79101369659,575.1302840389882,580.5005978684286,94.22668318839048,0.3279909479737616,0.079658443678439,0.2276981537502967,0.0859508930593097,0.6412235541550458,0.0362920953839982,19.66745326618444,0.6361349244446192,0.4230345550131594,2,-1.2686297296550761,-2.3701810882756065,no_weapon_share,3
dgt,ct,327,83.24159021406727,26.837804896649683,0.7951070336391437,0.4617737003058104,103.75840978593271,87.8868501529052,15.871559633027523,7.605504587155964,0.2415902140672783,0.036697247706422,0.2461538461538461,0.3125,0.363914373088685,0.1923076923076923,0.1079545454545454,0.7246376811594203,0.1957186544342507,0.8346153846153846,0.0038461538461538,2.159021406727829,0.6452599388379205,0.4250764525993883,0.5596330275229358,0.5290519877675841,0.0,2040.6417965482408,157.797088863059,583.5631952669563,80.4299148405923,0.8408443787152386,0.1272071886604278,9382.52295642652,1603.552644352043,495.28453884894185,82.34531989077955,0.3085603201705635,0.1060422133309526,0.192281046617505,0.0943316457274318,0.5452535721220073,0.0653572023963478,14.077077288645029,0.7327769417592893,0.5467776165445869,0,1.6096045691039995,2.339751545406946,no_weapon_share,3
doc,ct,61,87.85245901639344,68.27674148375363,0.7540983606557377,0.3278688524590163,114.78688524590164,87.52459016393442,27.262295081967213,3.2131147540983607,0.1967213114754098,0.0,0.1739130434782608,0.2439024390243902,0.2950819672131147,0.2391304347826087,0.1463414634146341,0.6470588235294118,0.2131147540983606,0.7391304347826086,0.0,2.065573770491804,0.3934426229508196,0.5409836065573771,0.6229508196721312,0.5081967213114754,0.0,2126.81473978876,257.6707775916136,783.229222207287,208.57635445499224,1.078030466311933,0.1261898201036049,7520.635125639501,1584.629940876468,498.5208560365328,185.1565234624548,0.3480198603777181,0.1718149595339725,0.2106461307394649,0.0932810455388842,0.6288520998719813,0.0441668317121102,18.459962406777453,1.5612757860109714,0.8106413940996674,2,-0.6899654006817221,-1.680475538890636,no_weapon_share,3
donk,ct,364,102.52472527472528,39.787724052867446,1.0357142857142858,0.4065934065934066,134.3186813186813,87.07967032967034,47.239010989010985,4.478021978021978,0.260989010989011,0.0082417582417582,0.2015915119363395,0.3009259259259259,0.3873626373626374,0.1989389920424403,0.0925925925925925,0.7894736842105263,0.2912087912087912,0.8037135278514589,0.013262599469496,2.25,0.75,0.3928571428571428,0.5879120879120879,0.510989010989011,0.0082417582417582,1946.2299597598824,120.26196293064612,679.023922396848,179.18651400466138,0.9226332051435306,0.1305333211409322,9665.011320663169,1155.5387959268332,491.7564868358445,66.45637791784097,0.3326264984551061,0.0768507878201902,0.202778904362381,0.0626129445509508,0.5458374384492967,0.0412255162036142,10.028931276527471,1.0311161988982476,0.6280023884098177,0,3.0995876909915934,3.9137515151159157,no_weapon_share,3
dumau,ct,447,87.63982102908277,27.35263340636742,0.7628635346756152,0.3892617449664429,106.36465324384788,92.36912751677852,13.995525727069351,9.697986577181208,0.2774049217002237,0.0402684563758389,0.1700879765395894,0.2673992673992674,0.2930648769574944,0.1818181818181818,0.1684981684981685,0.5740740740740741,0.1991051454138702,0.7595307917888563,0.002932551319648,2.8165548098434003,0.7472035794183445,0.6733780760626398,0.7002237136465325,0.6957494407158836,0.0,2035.092515840824,185.46349730564447,700.3124338478549,161.29398170781263,0.9231982460823412,0.1121419754628467,9152.717995619623,1559.119051468328,513.5812921660361,100.50821673881062,0.3677877940111831,0.1246285343103164,0.2445464268049472,0.089396105725603,0.5904503440223511,0.056549530501751,13.745732872128915,0.7064916874985333,0.4683619099306648,0,-1.7523541437083825,2.8404111650304187,no_weapon_share,3
dziugss,ct,294,80.06122448979592,29.64355753577131,0.7040816326530612,0.3741496598639456,97.85374149659864,89.6734693877551,8.180272108843537,4.08843537414966,0.2482993197278911,0.0306122448979591,0.1835748792270531,0.2717391304347826,0.2993197278911564,0.1545893719806763,0.1413043478260869,0.5517241379310345,0.1972789115646258,0.7922705314009661,0.0,2.370748299319728,0.5,0.5238095238095238,0.7925170068027211,0.5544217687074829,0.0,2076.882110017377,168.5563380906638,761.7452851263001,184.78191223284645,1.0461183414145432,0.1466997264301261,8901.087461556945,1264.809445535116,546.3376681063212,105.9054056523748,0.3347700902577374,0.0916413340122484,0.2099930397157124,0.0506142926714999,0.5675023758263907,0.0464169931555938,12.417852461150073,0.7228704237902628,0.4560038347145755,2,-0.36323878275857624,-0.07152968708431863,no_weapon_share,3
electronic,ct,61,66.36065573770492,35.69659582176971,0.6557377049180327,0.360655737704918,83.37704918032787,89.08196721311475,-5.704918032786885,4.213114754098361,0.1475409836065573,0.0655737704918032,0.1,0.1538461538461538,0.1639344262295081,0.125,0.1282051282051282,0.5,0.1639344262295081,0.625,0.0,1.9836065573770487,0.4590163934426229,0.5081967213114754,0.6557377049180327,0.360655737704918,0.0,2047.17715567593,124.21294596008478,685.3222682061925,163.45842665957292,0.8209055286786511,0.0949440783623985,8812.370325451968,831.6139708620648,551.27513793901,98.9761325715904,0.3096061172164503,0.0693295312767968,0.2135030045131361,0.0535403891320758,0.5849197756749651,0.0404396100378081,9.849506921471749,0.6400003805492419,0.406141378012575,0,0.4885473628554508,-1.0881107435935258,no_weapon_share,3
elige,ct,210,87.26666666666667,30.87929719007786,0.7857142857142857,0.3333333333333333,107.56190476190476,92.81904761904762,14.742857142857142,4.638095238095239,0.2857142857142857,0.019047619047619,0.0,0.0,0.0,0.2,0.1,0.7021276595744681,0.2095238095238095,0.7757575757575758,0.0,2.204761904761905,0.5666666666666667,0.5428571428571428,0.5761904761904761,0.5142857142857142,0.0047619047619047,2015.18019479543,118.4286104613098,668.824592580329,122.27358108688148,0.9477549197381784,0.1190483293739685,8881.019924790337,1447.8908235408855,523.4638746944564,81.13788593630686,0.3524592435012138,0.0864354213638726,0.2110072061073737,0.0998339520883626,0.5733249437492189,0.0687699074395399,22.540213780424946,0.6978473419773514,0.5079654010633576,0,-0.266429376894164,1.4140534175410444,no_weapon_share,3
emiliaqaq,ct,110,81.85454545454546,22.41502432581918,0.7545454545454545,0.3909090909090909,105.25454545454544,93.8181818181818,11.436363636363636,5.3090909090909095,0.2454545454545454,0.0454545454545454,0.0,0.0,0.0,0.1325301204819277,0.0746268656716417,0.6875,0.2181818181818181,0.7590361445783133,0.0,1.7818181818181815,0.3636363636363636,0.4,0.6181818181818182,0.4,0.0,2085.0686942473976,153.8934061185372,840.9373474524193,229.05072888353047,1.0758661335898585,0.1713751084588263,8743.553410861718,1818.4276330004104,560.9815910396446,114.37785477615591,0.3418699712467427,0.0670446733453136,0.2513428422763042,0.0924421094637788,0.6002820148040502,0.0518729688143273,21.729308962693707,0.7416187682602817,0.5590012780879062,2,-0.36327177205899297,-1.0665144528515629,no_weapon_share,3
esenthial,ct,463,66.54427645788337,27.947957132710968,0.6457883369330454,0.4060475161987041,85.37365010799137,84.42764578833693,0.9460043196544276,3.451403887688985,0.1857451403887689,0.0107991360691144,0.2341137123745819,0.2763636363636363,0.3153347732181425,0.1170568561872909,0.149090909090909,0.4605263157894737,0.1511879049676026,0.7324414715719063,0.0066889632107023,2.172786177105832,0.5809935205183585,0.2224622030237581,0.6652267818574514,0.7041036717062635,0.0,2169.644818328927,144.82907537055638,788.8475321665766,194.6517269023753,1.0530994930278594,0.1661915669273488,8930.847929218102,1345.7117281608614,541.2839965768867,126.81334899862338,0.309244279625157,0.0880216836497575,0.184683190184767,0.0861033661391648,0.5565835349877815,0.0583038085601013,15.327935830774155,0.6697161145211428,0.4507589548707638,2,-0.7329360947882401,-1.787875115429921,no_weapon_share,3
ex3rcice,ct,46,71.76086956521739,17.15819842373168,0.6739130434782609,0.4347826086956521,93.8695652173913,80.6304347826087,13.23913043478261,11.369565217391305,0.2826086956521739,0.0434782608695652,0.0,0.0,0.0,0.1290322580645161,0.1153846153846153,0.5714285714285714,0.1521739130434782,0.7741935483870968,0.032258064516129,2.065217391304348,0.4130434782608695,0.3695652173913043,0.6304347826086957,0.6521739130434783,0.0,2106.4343617158984,158.02494688196848,840.4623141876206,337.1251496207504,1.096337259077189,0.2474528259433089,8703.587455955962,1266.7060759090946,566.5690121673429,159.65536248185495,0.3132273418495863,0.0740459381648196,0.2236313497849247,0.0232341128863513,0.5869386313696424,0.0273275389226329,10.758287072798389,0.6120438437454188,0.415307268046072,2,-1.4827479728146782,-0.640918101837164,no_weapon_share,3
fallen,ct,310,68.8741935483871,28.052536923597533,0.635483870967742,0.4580645161290322,86.6,76.93548387096774,9.664516129032258,5.54516129032258,0.2225806451612903,0.0354838709677419,0.0,0.0,0.0,0.1573604060913705,0.1309523809523809,0.5849056603773585,0.164516129032258,0.6192893401015228,0.0456852791878172,2.596774193548387,0.4806451612903226,0.7161290322580646,0.7806451612903226,0.6193548387096774,0.0,2142.355895125173,130.02819181662028,866.0924648000091,185.22347032232412,1.111106557599214,0.1447091740519545,9382.307437002026,1300.32645344621,606.3305029408442,141.78972949335912,0.2952557322042698,0.0705033194453707,0.1885397139141979,0.059169609398293,0.5658700283027855,0.0641297028563129,14.542394896892988,0.6520998486547918,0.4656726214987726,2,-0.4770112519168947,-0.06393373083789262,no_weapon_share,3
fame,ct,85,90.69411764705882,12.007657220690351,0.8470588235294118,0.4117647058823529,118.30588235294118,84.10588235294118,34.2,4.4,0.2235294117647059,0.0352941176470588,0.2083333333333333,0.22,0.3058823529411765,0.2083333333333333,0.12,0.7142857142857143,0.2117647058823529,0.7916666666666666,0.0,2.070588235294118,0.3529411764705882,0.4705882352941176,0.5411764705882353,0.7058823529411765,0.0,1963.7435058612016,109.152861067733,663.9243975355499,146.153942007049,0.9272100706892772,0.0971729910032084,9685.263702980074,931.779921537307,466.4563933970401,112.5408965282873,0.3686173713645607,0.086836941319908,0.2212672728691299,0.0595123427568486,0.5724458115591056,0.0262069998665497,14.857509879762237,0.4732291929368042,0.3783568289645581,0,2.1235942885356223,1.60231292108908,no_weapon_share,3
faven,ct,172,74.80813953488372,30.250481104123025,0.7151162790697675,0.4302325581395348,98.99418604651164,82.80813953488372,16.186046511627907,4.825581395348837,0.25,0.0232558139534883,0.0,0.0,0.0,0.1544715447154471,0.1122448979591836,0.6333333333333333,0.1744186046511628,0.7804878048780488,0.016260162601626,2.058139534883721,0.4127906976744186,0.3488372093023256,0.6511627906976745,0.6453488372093024,0.0,2139.7767024563736,234.980711564644,795.038073313866,247.5015045677183,1.0441471582179611,0.185092503248545,8930.32367197817,1493.764101787507,548.5104507112634,125.7783253014756,0.3145497459497451,0.122429516581497,0.172786469150869,0.0577429596412584,0.5565705840635407,0.0587206353552492,10.127523380728562,0.6307435362073163,0.457498237369243,2,-0.8069836895955075,0.034561265097137944,no_weapon_share,3
fer,ct,26,70.57692307692308,59.95539895577027,0.5769230769230769,0.2692307692307692,83.76923076923077,91.84615384615384,-8.076923076923077,5.846153846153846,0.2307692307692307,0.0384615384615384,0.2666666666666666,0.2105263157894736,0.3076923076923077,0.2,0.0526315789473684,0.75,0.0769230769230769,0.4,0.0,1.7307692307692308,0.3461538461538461,0.5769230769230769,0.5384615384615384,0.2692307692307692,0.0,2084.4698031258818,66.12029902434239,934.417375289648,245.8781580965816,1.064460361654861,0.2230538671445403,8113.805624719686,981.1598555028067,650.989076797569,192.2311816020827,0.3148765201917092,0.1255196236194629,0.1449723286184545,0.080292262513774,0.6188721164508829,0.0458820618244575,10.807137349320348,1.0453553888657254,0.6518197427213828,2,-0.564350697307667,-5.28752175688793,no_weapon_share,3
fl4mus,ct,365,85.15342465753425,31.075694499385712,0.7863013698630137,0.4027397260273972,106.27945205479452,86.11506849315069,20.164383561643834,4.8273972602739725,0.2082191780821917,0.0136986301369863,0.0,0.0,0.0,0.1393728222996515,0.1055045871559633,0.6349206349206349,0.2136986301369863,0.8083623693379791,0.0104529616724738,2.016438356164384,0.4657534246575342,0.4082191780821917,0.6547945205479452,0.4876712328767123,0.0,2076.034118262634,146.2120172905251,775.1220851837683,170.1680565861312,1.0609236948336216,0.1484923618133915,8217.717613703666,950.547412106996,582.2163018806089,108.55646999259434,0.3012760674583222,0.074413016696984,0.1904889443337676,0.0761113381792632,0.5778408690936159,0.0494121699526868,15.875444992201697,0.8195096427560578,0.5487361385114836,2,0.7987559683434112,-0.480481346044758,no_weapon_share,3
flamez,ct,266,73.36842105263158,26.82565640357539,0.7030075187969925,0.4285714285714285,94.32330827067668,83.04135338345864,11.281954887218046,4.2368421052631575,0.1729323308270676,0.018796992481203,0.0,0.0,0.0,0.1871657754010695,0.1447368421052631,0.6140350877192983,0.18796992481203,0.7967914438502673,0.0,2.710526315789474,0.4962406015037593,0.8308270676691729,0.6804511278195489,0.7030075187969925,0.0,2001.003915162865,162.91148222961095,754.680910812835,201.17889063026192,0.9842082813365808,0.1164452517760445,8949.514311639774,1544.2307330360698,542.3263817542252,131.03917259520017,0.3414588917721995,0.1141582004923763,0.2478790897541242,0.0840575716351823,0.563668443775295,0.0689385678231627,16.58905342177847,0.6288367406831856,0.511146087508497,2,-1.8185923873942527,1.3083112093672948,no_weapon_share,3
flashie,ct,12,42.25,0.0,0.5,0.3333333333333333,60.75,81.08333333333333,-20.33333333333333,2.1666666666666665,0.25,0.0833333333333333,0.0,0.375,0.25,0.1666666666666666,0.125,0.5,0.1666666666666666,0.5,0.0,2.4166666666666665,0.5,0.4166666666666667,0.9166666666666666,0.5833333333333334,0.0,2040.5211221772383,0.0,1115.89920281222,0.0,1.1444316134522312,0.0,7565.400881150872,0.0,746.4307133402546,0.0,0.3358805957934365,0.0,0.1958016204272035,0.0,0.6718765024808279,0.0,0.0,0.0,0.0,1,2.240412768009199,-4.267761232019119,no_weapon_share,3
frozen,ct,70,84.91428571428571,29.45283886993086,0.8428571428571429,0.3714285714285714,107.52857142857142,90.12857142857143,17.4,2.1714285714285717,0.1428571428571428,0.0142857142857142,0.1864406779661017,0.2954545454545454,0.3428571428571428,0.1864406779661017,0.0909090909090909,0.7333333333333333,0.2142857142857142,0.8305084745762712,0.0169491525423728,1.7571428571428571,0.5,0.2714285714285714,0.5571428571428572,0.4285714285714285,0.0,2051.7928561201347,102.33981176152028,721.2914326271512,108.21012392051786,0.9979106966216498,0.0628341857691727,9099.290920950714,859.8172651535355,474.1354721793517,57.63726141267274,0.3225058194233854,0.0709176184325332,0.188935194843559,0.0797807652708594,0.5535868149165317,0.0506093930308196,11.573159449878204,0.6896136087852158,0.5267651624734728,1,3.2205111729968277,-0.32969337283609534,no_weapon_share,3
gafolo,ct,61,49.78688524590164,24.12179346539229,0.5245901639344263,0.4098360655737705,61.49180327868852,82.65573770491804,-21.16393442622951,1.3114754098360657,0.1147540983606557,0.0163934426229508,0.15625,0.3611111111111111,0.2950819672131147,0.03125,0.0833333333333333,0.25,0.1311475409836065,0.53125,0.0,2.344262295081968,0.7540983606557377,0.3934426229508196,0.6885245901639344,0.5081967213114754,0.0,2094.6786400678307,223.45337732643856,614.8872198465511,223.43970345770416,0.866319221338703,0.1599744473881804,8997.790671599367,1148.5729655357686,414.2053468856183,91.89593495357884,0.3362334919803058,0.1208030458434273,0.1804982264572503,0.0519802280991,0.5533057164226158,0.0365068263374681,16.051048263404688,0.4745439579749197,0.434308792923798,2,-2.0783022656072894,-1.1242532565034549,no_weapon_share,3
gizmy,ct,326,75.40184049079754,33.65574570344752,0.6165644171779141,0.3374233128834356,93.87116564417178,92.71779141104294,1.1533742331288344,11.239263803680982,0.2914110429447852,0.0490797546012269,0.0,0.0,0.0,0.1741293532338308,0.1435185185185185,0.5303030303030303,0.1288343558282208,0.6766169154228856,0.0049751243781094,2.702453987730061,0.6932515337423313,0.7055214723926381,0.7484662576687117,0.5552147239263804,0.0,2069.473066614778,220.98119469022168,792.3151576773258,209.78181363413725,1.0477493087426868,0.1827091458642972,9675.521690249983,1808.7685139576515,589.075383356447,143.01725230625232,0.3416571249204527,0.1142357709147175,0.1942264304544045,0.074515368514929,0.5588584821823241,0.0657692423985311,17.686798050502993,0.5867748273119229,0.4474370061446139,2,-3.8817960552310895,1.3859315369678742,no_weapon_share,3
gr1ks,ct,172,88.95348837209302,24.897903680138537,0.8837209302325582,0.4883720930232558,127.32558139534883,79.98255813953489,47.343023255813954,6.290697674418604,0.2790697674418604,0.0348837209302325,0.2105263157894736,0.2159090909090909,0.2965116279069767,0.1776315789473684,0.0909090909090909,0.7714285714285715,0.25,0.1710526315789473,0.6118421052631579,1.744186046511628,0.4767441860465116,0.4476744186046512,0.4709302325581395,0.3488372093023256,0.0,2161.265936015123,104.07083941557336,705.0572414853984,130.88187557217054,0.9853112102198612,0.1001475639868738,8069.24202723571,1264.9864091815216,538.6921014419906,85.0869020733148,0.242503479601561,0.0491466263353521,0.1628578075030211,0.0816067489827467,0.6211047663069611,0.0542602181608381,11.8288945768734,0.6662274223512045,0.5394621787738325,1,5.697226924372633,0.33982509467465954,no_weapon_share,3
graviti,ct,46,85.1086956521739,13.786879833941963,0.8695652173913043,0.3043478260869565,124.7608695652174,92.08695652173913,32.67391304347826,5.086956521739131,0.3260869565217391,0.0652173913043478,0.0,0.0,0.0,0.125,0.15625,0.5,0.217391304347826,0.725,0.0,1.891304347826087,0.3260869565217391,0.5217391304347826,0.5652173913043478,0.4782608695652174,0.0,1950.6138307403287,118.34340125496736,669.859450646642,107.32908655622732,0.9331300704889808,0.1276905269032208,7704.117345124473,878.9428744785597,439.8304466472391,46.343680800279536,0.3839110045904348,0.1504929980017012,0.2586489186510826,0.1491494719385258,0.6342957217928421,0.0620799099960147,7.861650943380504,0.6812058548388047,0.3055308776992275,0,-0.4935177247257638,1.2239867458607774,no_weapon_share,3
grim,ct,176,80.4034090909091,24.284947439954973,0.7215909090909091,0.3295454545454545,102.47727272727272,98.3181818181818,4.159090909090909,7.130681818181818,0.25,0.0170454545454545,0.0,0.0,0.0,0.1732283464566929,0.0847457627118644,0.6875,0.1818181818181818,0.7322834645669292,0.0157480314960629,2.125,0.5227272727272727,0.3863636363636363,0.625,0.5852272727272727,0.0056818181818181,2017.05452077114,170.0533495068933,681.8694700445604,202.66068067871365,0.9964782124887794,0.1565979599531988,7985.999169445955,786.6138372159821,488.2969980315754,135.81119668717483,0.3896214231679012,0.091568372316926,0.2261491566372264,0.0696151573758498,0.6086513358365341,0.0416927092960855,17.12311229998144,0.566169013053608,0.4357038184506209,0,-1.8160470725630868,-0.19623168385231066,no_weapon_share,3
heavygod,ct,415,82.07228915662651,34.00200323402637,0.7493975903614458,0.4192771084337349,102.4433734939759,85.09397590361446,17.349397590361445,3.127710843373494,0.2144578313253012,0.0240963855421686,0.0,0.0,0.0,0.135048231511254,0.1327800829875518,0.5675675675675675,0.2024096385542168,0.729903536977492,0.0064308681672025,2.8120481927710843,0.5301204819277109,0.7228915662650602,0.8602409638554217,0.6987951807228916,0.0,2160.484033284617,189.64852835603492,971.7581189769392,169.19394956642256,1.162688378789642,0.1041550709107703,8991.309697191824,1651.3218057341464,621.5532662347912,138.81629977236295,0.3078729084966337,0.0866061597248816,0.1954882268867484,0.0731480772145841,0.5757298085838901,0.0731190373634473,11.764429419062605,0.8842052454192034,0.5459869462033167,2,-0.9504340858840978,0.44539862830827676,no_weapon_share,3
hen1,ct,26,81.23076923076923,66.0404689369705,0.9230769230769232,0.3461538461538461,107.73076923076924,89.3076923076923,18.423076923076923,3.1538461538461537,0.1153846153846153,0.0,0.0,0.0,0.0,0.2083333333333333,0.0588235294117647,0.8333333333333334,0.2307692307692307,0.4166666666666667,0.2083333333333333,2.0,0.3076923076923077,0.5769230769230769,0.5769230769230769,0.5384615384615384,0.0,2054.262286123121,131.27953326164103,821.1243556878458,244.73992736288287,0.9335910632294866,0.1107244572835647,8513.833423485892,2046.393592215313,610.9562621859864,178.06849898772558,0.2979008719701116,0.0954981745796611,0.1885475964683713,0.1114696348752208,0.6190041814372508,0.0846302785746653,20.56493779875511,1.5405869276456463,1.0608432054646666,2,0.518422445313739,-0.9453050253632743,no_weapon_share,3
hooxi,ct,141,64.80851063829788,16.221801196093605,0.5602836879432624,0.3971631205673759,83.51773049645391,83.73049645390071,-0.2127659574468085,6.943262411347518,0.2624113475177305,0.0425531914893617,0.0,0.0,0.0,0.1265822784810126,0.1058823529411764,0.5263157894736842,0.1276595744680851,0.7341772151898734,0.0,2.730496453900709,0.6453900709219859,0.6312056737588653,0.723404255319149,0.7304964539007093,0.0,2068.446761879431,249.10887219444731,706.5711687278782,220.82402015079853,1.0182863122502015,0.1561056634233433,8860.593666068577,1537.2787174040654,561.4247501142686,135.59402886844737,0.3364012314041177,0.1330539184308132,0.215681717278102,0.0789011725523174,0.5663936656455997,0.0411084375433296,15.069320605554683,0.629936870243272,0.4499686067869186,2,-3.641444107601815,0.8715126503145324,no_weapon_share,3
huasopeek,ct,329,80.22492401215806,34.57134135348779,0.7689969604863222,0.4376899696048632,104.01823708206688,81.07294832826747,22.945288753799392,4.328267477203648,0.2310030395136778,0.0395136778115501,0.0,0.0,0.0,0.1541501976284585,0.1675675675675675,0.5571428571428572,0.1914893617021276,0.7628458498023716,0.0,2.513677811550152,0.458966565349544,0.6231003039513677,0.7963525835866262,0.6352583586626139,0.0,2114.3763881351565,170.6672241948042,843.9499026445534,220.5494620115106,1.0984083064814243,0.1373586203350329,8731.526544826835,1830.82376504054,597.3246368084041,118.83943637204186,0.2998355214564403,0.101837632140065,0.1815335268519562,0.0724854306237542,0.5814063440487452,0.0673650476463101,15.603753705452435,0.7142435994088417,0.4823597001822478,2,-0.5239502084142728,0.46058464681372324,no_weapon_share,3
hunter-,ct,415,85.3156626506024,34.99565776792283,0.7951807228915663,0.436144578313253,106.4433734939759,84.2867469879518,22.156626506024097,7.214457831325301,0.3132530120481928,0.0819277108433735,0.0,0.0,0.0,0.1121212121212121,0.1239316239316239,0.5606060606060606,0.2048192771084337,0.7545454545454545,0.0151515151515151,2.674698795180723,0.5397590361445783,0.8602409638554217,0.7542168674698795,0.5204819277108433,0.0,2086.3684350658664,164.86196970813955,659.0676080332114,113.05619751757708,0.8571710844257299,0.113664736571109,9445.697765554884,1803.9496844551145,506.0139239774297,60.98595398365721,0.315561672165395,0.0843271801473231,0.1932329511581593,0.0662090116821701,0.5555757180106612,0.0751502846839307,20.829044392827736,0.9341629140393188,0.6689340379246158,0,0.17288186221851237,4.019061880344043,no_weapon_share,3
hypex,ct,299,70.89297658862876,33.32560469070514,0.6789297658862876,0.4180602006688963,100.30434782608695,80.42809364548495,19.876254180602007,2.7759197324414715,0.2040133779264214,0.040133779264214,0.2610837438423645,0.2701149425287356,0.334448160535117,0.1576354679802955,0.1034482758620689,0.64,0.1505016722408027,0.2364532019704433,0.5665024630541872,1.5317725752508362,0.3411371237458194,0.3712374581939799,0.4749163879598662,0.3444816053511705,0.0,2130.439557293223,144.53637695944138,659.06129716908,116.43841513935216,0.948638548326406,0.0991106994841987,8542.609982078433,1432.78979859166,495.7159942102773,82.41747801575994,0.2792663858485769,0.0717799268665513,0.1645043688444616,0.0647822413058706,0.6042080589037829,0.0552988913541096,18.2452831509406,0.9149516627964251,0.557124965257595,1,3.5008611533343825,-1.9896846477842802,no_weapon_share,3
im,ct,344,81.37209302325581,22.657373483921702,0.752906976744186,0.3720930232558139,99.65116279069768,87.01453488372093,12.636627906976743,4.078488372093023,0.2616279069767442,0.0377906976744186,0.0,0.0,0.0,0.166023166023166,0.0972222222222222,0.671875,0.1686046511627907,0.8146718146718147,0.0,2.1627906976744184,0.4796511627906977,0.6017441860465116,0.6686046511627907,0.4127906976744186,0.0,2015.9714829055251,170.29253334308203,630.7357631049086,128.5154567033629,0.8701012148325119,0.1008072226885781,9002.783856317144,1458.3123795899874,507.0398547831406,97.82817884589112,0.3554917871483501,0.1017742277193242,0.2057791949959765,0.0594564897638681,0.558896504608947,0.0777021551161047,14.965951880682262,0.5577146351235753,0.4000430565111676,0,-0.12102039001909007,1.582756589546816,no_weapon_share,3
ins,ct,128,78.40625,24.346172121542725,0.7421875,0.3828125,97.0703125,92.1875,4.8828125,12.0859375,0.3203125,0.1015625,0.0,0.0,0.0,0.1263157894736842,0.1518987341772152,0.5,0.234375,0.8631578947368421,0.0105263157894736,2.8671875,0.734375,0.9765625,0.546875,0.609375,0.0,2026.642066394185,180.0556208457389,677.1738944143572,130.21973892018198,0.9270190892423356,0.0793209406026693,8682.410500709262,1277.6029306297116,501.86428217270816,82.80469962669768,0.3437675395622884,0.082926752309502,0.214180068141657,0.0549544165820854,0.5765380716870876,0.0596945975862192,16.396126300926475,0.686690720324233,0.4630031688403171,0,-1.3617341975138368,3.928607104284177,no_weapon_share,3
insani,ct,199,116.19095477386936,38.61641558290792,0.9748743718592964,0.3969849246231156,141.20100502512562,87.14572864321607,54.05527638190955,12.457286432160805,0.4271356783919598,0.0201005025125628,0.2061855670103092,0.35,0.4120603015075377,0.2268041237113402,0.1,0.7857142857142857,0.2914572864321608,0.8041237113402062,0.0,2.648241206030151,0.8291457286432161,0.5175879396984925,0.592964824120603,0.7085427135678392,0.0,1968.510783398211,170.6115374696257,667.5831588095998,186.76280876995287,0.9467998642753264,0.1711975583862565,9263.828443014989,2061.525630695413,511.92055289125767,139.50233342711397,0.3629381382731935,0.0763257753703011,0.2383952197077912,0.0677849816394324,0.5447869911465608,0.0795922509454944,13.701455698014396,1.016264563925579,0.7067782069804792,0,0.4238710631306279,5.916018024081938,no_weapon_share,3
jabbi,ct,141,77.46099290780141,18.537759859616973,0.7801418439716312,0.425531914893617,105.92198581560284,79.23404255319149,26.68794326241135,3.382978723404255,0.1418439716312056,0.0212765957446808,0.2272727272727272,0.1481481481481481,0.2624113475177305,0.1272727272727272,0.074074074074074,0.7,0.1985815602836879,0.6818181818181818,0.0909090909090909,2.021276595744681,0.5177304964539007,0.4397163120567376,0.5602836879432624,0.5035460992907801,0.0,1983.088919531316,154.10339193883746,660.1452378416182,195.5918636197844,0.9635446880528092,0.1629806229044591,8230.362248090272,1473.8386190662295,508.57787197614215,118.11917809970808,0.3712568806795785,0.1192721427669315,0.2306790590209979,0.0605725991308221,0.5815184528915528,0.063365520922076,9.907537141333927,0.5955962635230541,0.4218286925942788,0,0.9241410355155442,0.10782401921701935,no_weapon_share,3
jame,ct,245,81.82040816326531,26.80084862473758,0.7918367346938775,0.4857142857142857,113.73061224489796,76.51836734693877,37.21224489795918,6.383673469387755,0.1714285714285714,0.0326530612244898,0.0,0.0,0.0,0.2268041237113402,0.0873015873015873,0.8,0.2122448979591836,0.1237113402061855,0.6288659793814433,2.0040816326530613,0.5224489795918368,0.5836734693877551,0.5877551020408164,0.310204081632653,0.0,2123.5925139232622,103.49561251554476,719.2129536713135,98.1563237221892,0.96060330361318,0.121557148466881,9448.138995167288,1461.7948954804756,557.0895640790567,68.15263369963901,0.251506530892613,0.0805705421006455,0.1499271023077104,0.0522003906055847,0.5872279548074124,0.0460067600964762,16.49449643291883,0.8580716422549313,0.5471575530451291,1,4.324327132790613,1.3008891704500165,no_weapon_share,3
jamyoung,ct,223,85.79820627802691,30.31286252595107,0.7623318385650224,0.3946188340807174,105.609865470852,84.94170403587444,20.668161434977577,8.372197309417041,0.2690582959641255,0.0358744394618834,0.0,0.0,0.0,0.1588235294117647,0.1703703703703703,0.54,0.210762331838565,0.7529411764705882,0.0058823529411764,2.5739910313901344,0.5515695067264574,0.5964125560538116,0.726457399103139,0.6995515695067265,0.0,2112.606081609733,174.70913205318152,709.6766794408817,176.31072124879103,1.0119577483454378,0.1548323436580481,9475.860122599495,1712.5379850210593,516.2360429851701,96.86401176761106,0.3297744264423664,0.0692789894072679,0.191338337577853,0.0629606749573723,0.5589354107639838,0.0608736561402148,15.09224000511263,0.7015882073232933,0.5333876614186303,0,-0.8429519712351725,2.6653473829666203,no_weapon_share,3
jba,ct,237,74.9113924050633,44.42069723615607,0.7130801687763713,0.4556962025316455,92.22362869198312,83.0464135021097,9.177215189873415,5.257383966244726,0.1729957805907173,0.0126582278481012,0.0,0.0,0.0,0.1242603550295858,0.1162790697674418,0.5833333333333334,0.2067510548523206,0.6863905325443787,0.0,2.257383966244726,0.510548523206751,0.4514767932489451,0.6835443037974683,0.6118143459915611,0.0,2113.056003427625,84.44323603873869,965.154700985099,137.143059166285,1.168054396556668,0.1039697957718148,9502.632944914836,2081.497832851043,624.6564240977368,116.57578617352728,0.3174865646798798,0.0508028124749295,0.2095563536081051,0.0530942937237566,0.5710243081199217,0.0562880803157464,16.613930094333835,1.5890564566080498,0.746724273432651,2,0.21802693298006576,-0.5288921773487779,no_weapon_share,3
jcobbb,ct,70,72.54285714285714,45.015525708356414,0.5428571428571428,0.3714285714285714,85.17142857142858,93.52857142857142,-8.357142857142858,5.1,0.3428571428571428,0.0,0.2368421052631578,0.2045454545454545,0.2571428571428571,0.131578947368421,0.1590909090909091,0.4166666666666667,0.1,0.6578947368421053,0.0263157894736842,2.157142857142857,0.4714285714285714,0.2428571428571428,0.8142857142857143,0.6285714285714286,0.0,1919.726706611988,108.30891565515084,672.3428956557049,195.7036358936452,0.9334392916630756,0.1133096643143093,9119.65442707337,1169.353052877719,456.4710010665542,97.19223017886362,0.3691960082683319,0.1050799745235656,0.2344113134233332,0.1143141412158403,0.5585211769072145,0.0429328812921094,11.690128660013944,1.0558509109995138,0.6874601748791287,0,-3.3765866317595234,-0.3948522634939415,no_weapon_share,3
jdc,ct,172,78.86046511627907,24.66536364496257,0.7616279069767442,0.436046511627907,99.06395348837208,82.70930232558139,16.3546511627907,4.77906976744186,0.3081395348837209,0.0290697674418604,0.0,0.0,0.0,0.1450381679389313,0.1855670103092783,0.5135135135135135,0.191860465116279,0.8473282442748091,0.0,2.4069767441860463,0.5290697674418605,0.5872093023255814,0.6511627906976745,0.6395348837209303,0.0,1968.3611863801032,185.56168505353256,716.2391190665243,152.0568763880653,1.0044247972853264,0.1461326139320664,8994.602355353234,1511.3738614845186,534.7776394231975,99.07020577431112,0.3774015159270182,0.1225214242708167,0.2832289520183384,0.0689816439087209,0.5510980922016127,0.0657621106035148,14.626648895171732,0.7859596920696705,0.5324834395102119,0,-2.2770668301804857,2.1394874453730535,no_weapon_share,3
jee,ct,223,63.14798206278027,30.411140468098296,0.6143497757847534,0.4663677130044843,93.85650224215247,80.04932735426009,13.807174887892376,3.995515695067265,0.1434977578475336,0.0493273542600896,0.0,0.0,0.0,0.1605839416058394,0.0924369747899159,0.6666666666666666,0.1569506726457399,0.218978102189781,0.5912408759124088,1.6816143497757847,0.3408071748878923,0.4170403587443946,0.5650224215246636,0.358744394618834,0.0,2171.6661102433754,124.54999890178476,714.7570146761466,122.98531493659792,1.0240579964024294,0.1166672318558544,8181.683555275719,1430.980838631567,531.9770253073129,111.85730678293064,0.2683098812310165,0.0666018496607119,0.1445096819538874,0.0715811940415265,0.6407139816797192,0.06073431065553,15.893874056000817,0.7535801123582191,0.5568616370665778,1,2.6947963797204832,-2.4476077114026467,no_weapon_share,3
jks,ct,128,87.0703125,16.857854154123324,0.8203125,0.421875,109.0078125,84.109375,24.8984375,7.5390625,0.28125,0.0390625,0.2095238095238095,0.2432432432432432,0.3125,0.1904761904761904,0.0675675675675675,0.8,0.1796875,0.8,0.0,2.75,0.6875,0.5625,0.796875,0.703125,0.0,2110.5138746251155,124.11331566337198,902.4400921573724,117.74971986378002,1.159335704857888,0.0756709448699842,9141.596387289312,1488.3287091088232,605.8576869940257,89.57860019782694,0.3131532604935219,0.0499594974687502,0.2004363727582756,0.0450214010340652,0.5404410491363336,0.0669024721992067,14.319143786828835,0.5677050659659166,0.4196304658383792,2,1.6068319460204623,1.7478180344081322,no_weapon_share,3
jl,ct,356,72.4747191011236,26.478647875061665,0.6713483146067416,0.4803370786516854,93.5870786516854,75.12921348314607,18.457865168539325,7.438202247191011,0.300561797752809,0.0280898876404494,0.0,0.0,0.0,0.0836820083682008,0.1243243243243243,0.4651162790697674,0.1797752808988764,0.6778242677824268,0.0376569037656903,2.4101123595505616,0.6376404494382022,0.4382022471910112,0.6882022471910112,0.6460674157303371,0.0,2169.8735591856,186.8601415443078,842.1892823810005,158.77255346792504,1.1219964409363783,0.1155104829189383,9696.48115488657,1477.7628698581282,577.2192630845066,124.77234867432298,0.2878030525510009,0.0801124375564978,0.1493369458501124,0.063506274389723,0.5529578494289263,0.052757779517338,14.648363730574935,0.6171445786692045,0.4530610565443055,2,-0.2203721358821149,1.016717403371799,no_weapon_share,3
jota,ct,26,74.76923076923077,39.181543274012746,0.5,0.1538461538461538,86.46153846153847,120.3076923076923,-33.84615384615385,3.615384615384616,0.2692307692307692,0.0,0.0,0.0,0.0,0.3076923076923077,0.0454545454545454,0.8,0.1153846153846153,0.6923076923076923,0.0,1.6538461538461535,0.3846153846153846,0.2692307692307692,0.6153846153846154,0.3846153846153846,0.0,1828.177195162772,65.06022052138634,800.6343359989506,243.8852299656617,0.9144463496664726,0.0843795139247691,6689.116057916721,1972.1588854368763,519.8685669234255,151.9165255544855,0.4311386745399689,0.095637907613291,0.2686554771398508,0.086954295987893,0.6979453362398692,0.0666428479280628,20.79077285306307,1.0215406823256028,0.7545362664615496,0,-4.338511398209062,-4.669921577629583,no_weapon_share,3
jt,ct,56,77.94642857142857,11.54659707472496,0.7857142857142857,0.375,101.23214285714286,85.48214285714286,15.75,5.375,0.2321428571428571,0.0892857142857142,0.0,0.0,0.0,0.0454545454545454,0.1428571428571428,0.2857142857142857,0.25,0.75,0.0454545454545454,2.5535714285714284,0.4821428571428571,0.8571428571428571,0.7142857142857143,0.5,0.0,2095.270833154564,71.68812101468814,757.1407928733145,117.23827902777673,1.0406584416512477,0.1384580445115105,8742.252095507243,1585.723751058031,497.45003402059695,96.20005689274936,0.3021618042997746,0.0565901131547588,0.1370482376203312,0.043379683935446,0.5779729491385569,0.0458693375627424,10.244706859861578,0.3037621436408708,0.2911074007530788,1,1.0925814526515687,1.4832949012523042,no_weapon_share,3
karrigan,ct,603,63.45771144278607,23.131207470175863,0.5257048092868989,0.3532338308457711,77.42620232172472,87.21724709784411,-9.791044776119405,8.24212271973466,0.2719734660033167,0.0281923714759535,0.1640378548895899,0.2871794871794871,0.2719734660033167,0.1324921135646687,0.1538461538461538,0.4117647058823529,0.1028192371475953,0.6750788643533123,0.0063091482649842,2.669983416252073,0.5920398009950248,0.6384742951907131,0.7412935323383084,0.6965174129353234,0.0016583747927031,2074.3357522744627,196.5446441691048,856.8935854053294,204.42963550134277,1.08137562866547,0.1347321774930304,8745.67569187456,1318.4356851025034,610.7027419077901,146.5905453097324,0.3247626111216811,0.1149287164832447,0.2076870785408623,0.0823412392239706,0.5979325501877223,0.053116613208949,12.374862852319728,0.4545368171611678,0.357599507240097,2,-3.35261471066388,-1.5501790935408377,no_weapon_share,3
kashl1d,ct,85,63.71764705882353,17.497363554161723,0.6705882352941176,0.4352941176470588,112.88235294117646,91.96470588235294,20.91764705882353,2.552941176470588,0.1411764705882353,0.0352941176470588,0.175438596491228,0.3333333333333333,0.3058823529411765,0.1052631578947368,0.125,0.5,0.1411764705882353,0.2105263157894736,0.6140350877192983,2.4823529411764707,0.4,0.8470588235294118,0.7058823529411765,0.5294117647058824,0.0,2195.1866225584213,121.11902823904636,745.9883217121818,110.30488169067868,1.0304064819157228,0.0569710314733246,9618.769458633662,1297.6832211204996,559.8567877541138,83.01609108073599,0.2394515516435252,0.0829843421680397,0.1325871152012176,0.0467687166594425,0.5965065304056049,0.0436800837080572,11.61750947032353,0.4038000020938114,0.2881893667181209,1,3.1258962691176104,-0.5887970091646799,no_weapon_share,3
kensizor,ct,463,85.23110151187905,29.38061200840542,0.7710583153347732,0.3434125269978402,106.27645788336932,95.63066954643628,10.645788336933045,6.745140388768898,0.3153347732181425,0.0345572354211663,0.2436974789915966,0.2927631578947368,0.3801295896328294,0.1624649859943977,0.1019736842105263,0.651685393258427,0.2008639308855291,0.7703081232492998,0.0,1.6220302375809936,0.4362850971922246,0.3110151187904967,0.4406047516198704,0.4319654427645788,0.0021598272138228,2005.708860155988,144.50115523769082,674.8999649305517,167.1931589274612,0.9365083997575124,0.1236204177476678,8444.100306574766,1220.1871959503214,504.9313351706103,73.84411968543915,0.3896799827920328,0.0895271410529957,0.2479878600727658,0.0768837367028555,0.5808082939706402,0.0598616913224842,14.081106240672051,0.6415611225948988,0.4628255838770602,0,0.5049961646868726,-0.2993188687735193,no_weapon_share,3
kisserek,ct,147,83.39455782312925,24.864157786770765,0.7006802721088435,0.2993197278911564,102.5374149659864,93.6530612244898,8.884353741496598,6.346938775510204,0.2448979591836734,0.0272108843537414,0.1650485436893204,0.2621359223300971,0.2993197278911564,0.1941747572815534,0.116504854368932,0.625,0.1360544217687075,0.7087378640776699,0.0,2.3537414965986394,0.5986394557823129,0.4557823129251701,0.6258503401360545,0.6462585034013606,0.0272108843537414,2079.704052165436,123.8409818787458,775.1011842859778,148.54111246035524,1.050781343678027,0.142924154774949,8635.831281433353,1603.9586140117526,566.021450018296,98.57602427438552,0.3396061900635579,0.0643832313017304,0.2306186718371481,0.0508723077253788,0.579770277103555,0.0546688019936766,12.752581027211532,0.6451345526028412,0.3754079430591306,2,-0.4264011429357469,-0.4501836581040804,no_weapon_share,3
kl1m,ct,201,74.03980099502488,38.05263338790446,0.8009950248756219,0.5323383084577115,102.73134328358208,71.2139303482587,31.51741293532338,2.990049751243781,0.1592039800995024,0.0298507462686567,0.2546583850931677,0.2127659574468085,0.3034825870646766,0.1055900621118012,0.1914893617021276,0.4857142857142857,0.2039800995024875,0.3664596273291925,0.4409937888198758,1.4129353233830846,0.4029850746268656,0.2935323383084577,0.417910447761194,0.2985074626865671,0.0,2098.269762289278,167.74048972787742,709.0107118937705,92.66821276275358,0.9916421309580936,0.1418030091227692,7988.811223340272,1512.4970162692227,545.3868713380791,111.2187934348101,0.2735544234148489,0.0553467421165633,0.1517279871862576,0.0683090629049962,0.6061514266505419,0.0664693684496489,18.02718919358628,0.9089672840958276,0.6892853280587922,1,4.1074043429317095,-2.0296614402099387,no_weapon_share,3
koala,ct,61,82.55737704918033,25.733123061408605,0.7377049180327869,0.3934426229508196,96.70491803278688,83.49180327868852,13.21311475409836,5.245901639344262,0.1147540983606557,0.0,0.1555555555555555,0.1351351351351351,0.1967213114754098,0.1555555555555555,0.081081081081081,0.7,0.1475409836065573,0.6444444444444445,0.0,1.213114754098361,0.3278688524590163,0.1475409836065573,0.4918032786885246,0.2459016393442623,0.0,2125.808528528165,129.2315798104207,894.0539853778268,229.0678828720849,1.2163584327237071,0.1392764568240564,8253.613564316027,862.8130251457494,574.7388750752233,176.39338486913272,0.3232261578174695,0.0847625975671917,0.2412573919332707,0.1205481335522216,0.584815175655409,0.0403818088492436,13.93540895086702,0.7247235350923137,0.5290889143495342,2,1.0357215669696715,-4.8447777605154725,no_weapon_share,3
krabeni,ct,294,92.2721088435374,34.4600896590413,0.8163265306122449,0.282312925170068,114.60544217687077,103.25170068027212,11.35374149659864,8.534013605442176,0.2959183673469387,0.0578231292517006,0.0,0.0,0.0,0.2083333333333333,0.2132701421800948,0.5263157894736842,0.1938775510204081,0.7916666666666666,0.0,2.4081632653061225,0.6326530612244898,0.4149659863945578,0.7585034013605442,0.6020408163265306,0.0,1981.3603165760812,135.671046877571,702.4738470873416,119.31502523541404,1.0092279824995838,0.1494118450212493,8439.533143529909,1151.8083995125517,587.6582679421056,99.76626911960024,0.3895407101602075,0.0854873027276809,0.2728644494020822,0.0861455648333188,0.5949442223925309,0.0475958737510209,13.20222602500132,0.7636785274761706,0.5221989249389555,0,-2.6663272883221545,1.5189420756025442,no_weapon_share,3
krazy,ct,61,56.01639344262295,21.792990111258664,0.5409836065573771,0.3934426229508196,70.77049180327869,94.77049180327867,-24.0,1.9344262295081969,0.1147540983606557,0.0163934426229508,0.2424242424242424,0.1081081081081081,0.1967213114754098,0.1212121212121212,0.1621621621621621,0.4,0.0983606557377049,0.5151515151515151,0.0909090909090909,2.0163934426229506,0.4098360655737705,0.3114754098360656,0.6721311475409836,0.6229508196721312,0.0,2158.828357392005,65.3200583173385,1009.2023749972948,179.04447120032847,1.145194068803234,0.0800233136515081,8881.24524263537,994.2145570434744,656.5422070330228,122.2455488374516,0.254511590192705,0.0418391875955292,0.1705025467633995,0.054559151838881,0.5945966815206,0.043683180444165,18.58532921637733,0.5376074089802672,0.5325468274421548,2,-0.09743788149914612,-5.481521574826935,no_weapon_share,3
kscerato,ct,310,89.09677419354838,30.669056288181544,0.8096774193548387,0.4483870967741935,109.75806451612904,81.4483870967742,28.30967741935484,8.57741935483871,0.2967741935483871,0.0516129032258064,0.0,0.0,0.0,0.1195219123505976,0.1169590643274853,0.6,0.2064516129032258,0.8167330677290837,0.0119521912350597,2.7516129032258063,0.7612903225806451,0.5580645161290323,0.8096774193548387,0.6225806451612903,0.0,2017.700863827392,173.39147335597255,652.7515856323253,147.41866732665474,0.8685103474636965,0.1025303844742016,9693.559174429767,1158.7859280570892,490.7801576732232,74.42838799511874,0.337383001136292,0.0962103256214223,0.1838560945682847,0.0618519114681993,0.5456102051034434,0.0424050088971055,12.464791957000529,0.6983519650501785,0.5193472645452613,0,-0.2092563663161562,4.796952118268348,no_weapon_share,3
kvem,ct,56,116.14285714285714,16.959902060559013,1.0357142857142858,0.3392857142857143,154.07142857142858,90.89285714285714,63.17857142857143,5.732142857142857,0.3035714285714285,0.0,0.0,0.0,0.0,0.1896551724137931,0.1891891891891892,0.6111111111111112,0.3214285714285714,0.7586206896551724,0.0862068965517241,1.9464285714285716,0.5178571428571429,0.4642857142857143,0.375,0.5892857142857143,0.0,1910.658314204399,121.19225807412184,625.6292127058668,159.32293634800254,0.9071533642400056,0.0934776647316795,7572.439056673697,576.5141307585934,521.3788647939506,120.50413304002494,0.3985130285906074,0.0546545742141915,0.2731248662202042,0.0578924744446786,0.6231993686661503,0.0449756909173275,7.0317639470910125,0.4264463982873404,0.3275225795781117,0,2.035305583371846,2.911028142271944,no_weapon_share,3
kyousuke,ct,603,85.30348258706468,24.933252099691725,0.7827529021558872,0.373134328358209,110.09784411276948,89.67495854063019,20.422885572139304,4.374792703150912,0.2321724709784411,0.0049751243781094,0.2055084745762712,0.2619047619047619,0.3250414593698176,0.1906779661016949,0.1375661375661375,0.6338028169014085,0.2039800995024875,0.7796610169491526,0.0381355932203389,2.0248756218905477,0.6301824212271974,0.3814262023217247,0.5041459369817579,0.5091210613598673,0.0,1991.130163323969,128.0764322503043,726.7837225720459,122.10587201824954,0.9556044069854128,0.1081403187537375,8732.790214736819,1110.063144086908,513.7976549800986,85.35513213140129,0.3393784503568994,0.0676795399403565,0.2274732181627121,0.0640695474246728,0.585732588719764,0.0476537275207426,12.824856772178627,0.5951187369205724,0.3916638474759384,0,1.4255870544374591,0.2629611846217702,no_weapon_share,3
lake,ct,237,73.69620253164557,31.57576526976142,0.6624472573839663,0.3333333333333333,91.81012658227849,97.44725738396625,-5.637130801687764,6.586497890295359,0.2151898734177215,0.0042194092827004,0.0,0.0,0.0,0.2165605095541401,0.170886075949367,0.5573770491803278,0.1392405063291139,0.7770700636942676,0.0,2.295358649789029,0.679324894514768,0.5316455696202531,0.569620253164557,0.5147679324894515,0.0,2041.5080101424617,179.4804813878962,720.8177034828898,143.82889247915472,0.9075476856657952,0.1375642402109843,9328.289768708331,1552.3969895394762,478.11938219537024,81.17378816244629,0.3443695182886613,0.1094374986260279,0.2103692814950365,0.1120497996146008,0.5952787819882388,0.0672110120002059,19.215595138150007,0.7436347068744508,0.5201660682733844,0,-2.5181112328724726,0.483008658506062,no_weapon_share,3
latto,ct,447,86.81208053691275,25.59831473373089,0.8344519015659956,0.4496644295302013,108.88814317673378,81.62192393736018,27.2662192393736,8.076062639821028,0.2416107382550335,0.0223713646532438,0.2117962466487935,0.3089430894308943,0.3467561521252796,0.1126005361930295,0.1219512195121951,0.5833333333333334,0.2147651006711409,0.7479892761394102,0.0,2.684563758389262,0.6935123042505593,0.6756152125279642,0.7114093959731543,0.6040268456375839,0.0,2090.1370921001185,220.28014645347497,772.7868816351668,217.0542986025376,0.9878770205932847,0.1130548847940322,8799.250831833173,1538.0435043963907,520.4985994713333,102.38312995650304,0.318437367691961,0.1170010394200967,0.1859417938038929,0.0756506357718186,0.6002003171231177,0.0512217059972086,13.82521432163525,0.6771787721614503,0.4903974226527773,2,0.41694847315253697,1.8932172507825646,no_weapon_share,3
launx,ct,294,71.03061224489795,24.38361826767649,0.673469387755102,0.3537414965986394,91.06462585034014,92.94897959183672,-1.8843537414965987,4.469387755102041,0.2312925170068027,0.0068027210884353,0.0,0.0,0.0,0.0959595959595959,0.0894736842105263,0.5277777777777778,0.1768707482993197,0.6818181818181818,0.0101010101010101,2.306122448979592,0.5918367346938775,0.5068027210884354,0.6666666666666666,0.5408163265306123,0.0,2046.9818498255995,161.56587961097853,649.1172419299155,112.9643056262287,0.9159929128174784,0.0800337074166102,9273.26001591491,1183.9385950026465,458.26512800593497,63.24477772803664,0.3549934138049379,0.0787380789806932,0.2065633679289553,0.081511241533683,0.5585016595009177,0.0526997821589691,10.980868870219574,0.5033757301400694,0.3425124487641341,0,-1.023579200522073,1.3713919421723202,no_weapon_share,3
liazz,ct,46,69.71739130434783,26.281516892395867,0.5869565217391305,0.3478260869565217,88.5,92.45652173913044,-3.9565217391304346,4.065217391304348,0.2391304347826087,0.0869565217391304,0.0,0.0,0.0,0.1851851851851851,0.1,0.625,0.1304347826086956,0.5555555555555556,0.0,2.652173913043478,0.5,0.782608695652174,0.782608695652174,0.5869565217391305,0.0,2057.1044724609105,185.4487158937171,957.5944109650484,202.00310862906244,1.095160417485085,0.1380165002388926,9131.71857153612,1911.890835299561,557.7521471037705,154.11908190546052,0.3190266271273015,0.0742669271338896,0.1844503091530788,0.0720760416883854,0.5702600264732942,0.0766064794342558,16.433368850494137,0.6641178203743994,0.5757516018865216,2,-2.4673176683443647,-0.39360648303504114,no_weapon_share,3
lnz,ct,201,75.54726368159204,30.72013109599841,0.7711442786069652,0.4676616915422885,95.4278606965174,81.31343283582089,14.114427860696518,8.835820895522389,0.2039800995024875,0.0646766169154228,0.0,0.0,0.0,0.1354838709677419,0.0934579439252336,0.6774193548387096,0.1840796019900497,0.6903225806451613,0.032258064516129,2.5621890547263684,0.6517412935323383,0.6069651741293532,0.6417910447761194,0.6616915422885572,0.0,2123.5448835862526,211.15426135475036,764.2271197026787,207.91931208306448,1.036931695865566,0.1874096717978726,9511.747738544203,1437.764519386292,540.5882809313105,147.76359277611874,0.3280561429325561,0.1046490769183461,0.1767239489325998,0.113381682402881,0.5611173853072743,0.0546999481754856,12.265861267086912,0.7465758410115674,0.5195252101856515,2,-1.2425313038790626,1.9413100826209706,no_weapon_share,3
luchov,ct,329,99.00911854103344,29.761011881019844,0.905775075987842,0.364741641337386,125.83586626139818,93.61702127659576,32.21884498480243,6.781155015197569,0.2917933130699088,0.0395136778115501,0.2147651006711409,0.3014354066985646,0.3860182370820669,0.1812080536912751,0.138755980861244,0.6506024096385542,0.2462006079027355,0.7114093959731543,0.0033557046979865,2.401215805471125,0.6231003039513677,0.6170212765957447,0.5623100303951368,0.5987841945288754,0.0,2027.464555616117,173.12193886036465,723.8379227918269,141.73360886092516,0.9806534800349904,0.110616615964484,8886.320655273506,1865.095171896225,526.3147000673317,90.08585681620136,0.3400096833996888,0.1086221535290853,0.2389372176903055,0.0880336484814385,0.5810564928087815,0.0696748779410439,14.092572738989634,0.8203952731799501,0.5802622557571679,0,0.6646846644292348,2.5194413586171707,no_weapon_share,3
lucky,ct,46,86.43478260869566,8.42660029861347,0.6956521739130435,0.3695652173913043,100.7608695652174,78.3695652173913,22.39130434782609,16.369565217391305,0.3478260869565217,0.0217391304347826,0.0,0.0,0.0,0.21875,0.1724137931034483,0.5833333333333334,0.1304347826086956,0.75,0.03125,2.3043478260869565,0.6956521739130435,0.4565217391304347,0.4565217391304347,0.6956521739130435,0.0,2013.3435957359252,120.19818049668127,689.8882341197036,235.3085609793709,0.9459848853235184,0.1508118351341751,8114.644522337809,494.16400698181815,528.1031585647947,123.19127963874516,0.3709748747599687,0.0332863410961101,0.1828042560784908,0.0659027547951932,0.6133708896564588,0.034479870899955,12.24744871391589,0.6078927399906445,0.3561750838345553,0,-0.9920542338962879,1.389957453849118,no_weapon_share,3
luken,ct,26,69.84615384615384,27.3449931835955,0.6538461538461539,0.3846153846153846,90.46153846153848,85.6923076923077,4.769230769230769,8.73076923076923,0.1923076923076923,0.0,0.0,0.0,0.0,0.1176470588235294,0.0,1.0,0.1538461538461538,0.7058823529411765,0.0,1.7692307692307692,0.3076923076923077,0.4615384615384615,0.5769230769230769,0.4230769230769231,0.0,2125.9544747659043,196.5318920513696,872.4814776059757,246.1698923918816,1.0144631736059404,0.1467906014441391,8833.075905002346,3048.240037861041,579.8834499481158,78.36096331713452,0.3190551855830063,0.0921243414772482,0.1521824544565247,0.0850580080784236,0.5849503625647373,0.118333789283786,15.739968190547776,0.2328057814740756,0.392160270837409,2,0.1567599129854571,-1.0692188603910515,no_weapon_share,3
m0nesy,ct,603,86.2636815920398,27.378640533270534,0.8922056384742952,0.4693200663349917,133.56218905472636,80.1028192371476,53.459369817578775,3.9170812603648426,0.1807628524046434,0.0514096185737976,0.0,0.0,0.0,0.1895910780669145,0.125,0.7183098591549296,0.2255389718076285,0.1784386617100371,0.6152416356877324,1.9071310116086235,0.4311774461028192,0.538971807628524,0.5290215588723052,0.4079601990049751,0.0,2111.336703017356,123.7681767304384,742.837688072486,107.82048870099328,0.9709193878901476,0.1127242155396172,9213.027487365918,1448.8081901412586,543.3206932828093,78.47433751849202,0.2702943512018796,0.0779048219428404,0.1655054388393173,0.0527417826416516,0.5888309100963678,0.0594010345257217,13.192791278543998,0.6930513760573762,0.4696741369839606,1,4.4481636322384865,1.6100244730347943,no_weapon_share,3
magixx,ct,364,81.77472527472527,31.49177606624385,0.6813186813186813,0.4697802197802198,99.77472527472528,79.01648351648352,20.75824175824176,13.5,0.3489010989010989,0.0357142857142857,0.1693548387096774,0.3523316062176165,0.3021978021978022,0.157258064516129,0.1088082901554404,0.65,0.1648351648351648,0.6653225806451613,0.0201612903225806,2.980769230769231,0.8159340659340659,0.6648351648351648,0.8269230769230769,0.6730769230769231,0.0,2050.7642698466234,198.2140214357571,755.0354403969238,218.2827138565722,1.003478150450084,0.2128300362652305,10039.412760520796,1377.0768812899555,584.6667298608104,137.38456784170629,0.3272943273948285,0.1019964914985401,0.2163045115691236,0.0761006672823817,0.548843501665563,0.0425056142576115,13.490853415926493,0.6824554963551984,0.448309032284494,2,-1.867954019573055,3.3448381525821254,no_weapon_share,3
magnojez,ct,369,90.79945799457994,27.639513970352063,0.8319783197831978,0.4227642276422764,114.59078590785909,85.88888888888889,28.70189701897019,8.818428184281842,0.2845528455284553,0.037940379403794,0.0,0.0,0.0,0.1986970684039088,0.1596244131455399,0.6421052631578947,0.2303523035230352,0.7328990228013029,0.0618892508143322,2.5772357723577235,0.7154471544715447,0.5582655826558266,0.6775067750677507,0.6205962059620597,0.005420054200542,1996.667026909915,102.70512474282378,694.5456296547478,110.83014371339456,0.9991064488119684,0.1209321640233691,9070.03932315106,1233.7040254208025,532.6977690479565,95.85164289734549,0.3408495502152118,0.0720657528670208,0.2265252550741412,0.0676461990493447,0.5655038935836806,0.0559505406875088,15.081809940576637,0.6510320036506513,0.4793277970963742,0,0.14228797991744283,3.3852631056627787,no_weapon_share,3
maj3r,ct,303,73.38613861386139,31.397036499101727,0.6963696369636964,0.4125412541254125,92.40924092409242,84.62046204620462,7.788778877887789,7.544554455445544,0.2112211221122112,0.0231023102310231,0.0,0.0,0.0,0.1374407582938388,0.1404494382022472,0.5370370370370371,0.1584158415841584,0.7488151658767772,0.0284360189573459,2.495049504950495,0.5577557755775577,0.6105610561056105,0.8184818481848185,0.5082508250825083,0.0,2009.2166979430056,200.9474702885348,731.2775409076169,252.1081842532968,1.0001029938783037,0.1397806610250702,8652.220413373074,1571.9044506059795,548.858513843683,137.57612406671785,0.3569901819940853,0.1304936001744364,0.2196418067728583,0.0710572787162598,0.5974395087974391,0.0583624746222813,17.80596723393038,0.6396329153419864,0.5052043323482359,2,-2.6929232008851565,0.44565436870141917,no_weapon_share,3
maka,ct,46,90.21739130434784,24.46549109725022,0.9130434782608696,0.4565217391304347,121.21739130434784,77.91304347826087,43.30434782608695,8.717391304347826,0.1521739130434782,0.0434782608695652,0.0,0.0,0.0,0.1428571428571428,0.0,1.0,0.217391304347826,0.3095238095238095,0.4285714285714285,3.391304347826087,0.717391304347826,1.1956521739130437,0.8478260869565217,0.6086956521739131,0.0217391304347826,2203.975961109811,71.28346878866407,692.2545965794989,44.36187499628207,0.9445829214587989,0.1003913814472764,9656.00338333208,1278.760244292566,549.9550730162504,40.03343641696403,0.2311249820572421,0.0288734289047613,0.1072380745393226,0.0515646049372211,0.5901760293713297,0.0332153981393346,17.91828158096682,0.5033652376753881,0.4976906301677186,1,5.058333114714504,5.0019464564205105,no_weapon_share,3
makazze,ct,344,80.77906976744185,28.21132258923911,0.7063953488372093,0.3720930232558139,100.57267441860463,90.95058139534883,9.622093023255816,7.968023255813954,0.2906976744186046,0.0174418604651162,0.1481481481481481,0.2638888888888889,0.2703488372093023,0.2139917695473251,0.1388888888888889,0.6341463414634146,0.1744186046511628,0.7860082304526749,0.0123456790123456,2.566860465116279,0.7267441860465116,0.5784883720930233,0.6715116279069767,0.5901162790697675,0.0,1961.265578662985,150.0515773138578,744.9591713035971,139.76663280817414,0.9855116229653744,0.0776967338199005,9170.362502086004,1061.5555849921725,499.2893794032133,70.51866627734717,0.3835642515158027,0.090440694567243,0.2799968784324116,0.0636034918699726,0.5658445037488822,0.044061998907513,14.456485737779811,0.66049940439801,0.4976687837540999,0,-1.2162353452363928,1.9482723929336032,no_weapon_share,3
malbsmd,ct,198,87.91414141414141,34.135907489586096,0.898989898989899,0.3838383838383838,114.64646464646464,88.0050505050505,26.641414141414145,5.484848484848484,0.1616161616161616,0.0101010101010101,0.0,0.0,0.0,0.1853932584269663,0.1311475409836065,0.673469387755102,0.2323232323232323,0.7303370786516854,0.0056179775280898,2.388888888888889,0.5353535353535354,0.5353535353535354,0.7121212121212122,0.6060606060606061,0.0,1998.223224968451,209.98808646707133,704.5676134499879,208.9811335108284,0.952302145866643,0.1351443615039783,8451.896770684923,1457.5859680222577,465.5465161180591,121.95785460582832,0.3877568072875357,0.124444230098022,0.2579774606105363,0.0665503021304726,0.5759192830782651,0.0581906244288713,16.364868880952013,0.7246848899854536,0.5298028641656144,0,-1.1795109532502315,2.1960493721807484,no_weapon_share,3
martinezsa,ct,141,79.31205673758865,23.683033482934277,0.7588652482269503,0.5106382978723404,125.8581560283688,70.70921985815603,55.14893617021277,4.5177304964539005,0.1560283687943262,0.0425531914893617,0.0,0.0,0.0,0.3177570093457944,0.1739130434782608,0.7391304347826086,0.1843971631205673,0.2429906542056074,0.5794392523364486,1.5319148936170213,0.3617021276595745,0.3262411347517731,0.375886524822695,0.4680851063829787,0.0,2120.6686024401074,97.67693698087832,727.2594190645013,106.31748930104531,1.0235950153110531,0.1424575262537878,8450.475819583617,1337.8848439172807,564.6211189875517,76.98441701982489,0.271272688977744,0.0580985144526332,0.1430430600935238,0.0613600822656386,0.6393735360863231,0.0542624265223735,16.275622770012234,0.5598317179430952,0.4618123781928386,1,5.25947588553675,-0.8328121414112017,no_weapon_share,3
masval,ct,190,78.48947368421052,31.68999803984384,0.7210526315789474,0.4052631578947368,101.02631578947368,81.50526315789473,19.521052631578947,5.363157894736842,0.3473684210526316,0.1,0.0,0.0,0.0,0.145985401459854,0.1769911504424778,0.5,0.1842105263157894,0.6642335766423357,0.0145985401459854,2.9894736842105263,0.6736842105263158,0.7368421052631579,0.8578947368421053,0.7210526315789474,0.0,2121.9389288498323,152.8001893648805,941.81062817237,133.43580787905768,1.1505697400798476,0.1059486885347729,9702.225491108258,1101.5381525398952,631.8330655696528,118.7634911569007,0.3220028616738662,0.0749869295814064,0.1868334602598449,0.0722078324534441,0.5510095147448056,0.0491164604938419,14.683093622399069,0.7323187648351653,0.4976408003040699,2,-1.3128777275719328,2.095350617681152,no_weapon_share,3
matys,ct,415,69.19036144578314,32.672853648043294,0.6409638554216868,0.4457831325301205,87.71084337349397,81.03855421686747,6.672289156626506,5.255421686746988,0.2265060240963855,0.0313253012048192,0.0,0.0,0.0,0.1353383458646616,0.1826086956521739,0.4615384615384615,0.1566265060240964,0.7255639097744361,0.0,2.2,0.6216867469879518,0.436144578313253,0.5397590361445783,0.6,0.0024096385542168,2143.8292185107325,190.4211855422269,876.1923138915879,198.0021621235284,1.065602297730715,0.1519156198952103,9145.636110453946,1402.2018902339707,587.9797890739023,157.71082800677732,0.3036996973039459,0.0960108335982982,0.2111342977725543,0.0636763474857845,0.5646129292157857,0.0600742572882642,18.40756381287345,0.9107390791483712,0.5686646025227554,2,-1.6279488105202835,-0.8498011954836024,no_weapon_share,3
max,ct,327,69.07645259938838,25.489991650849383,0.6146788990825688,0.4311926605504587,85.44036697247707,83.70642201834862,1.7339449541284404,6.036697247706422,0.2568807339449541,0.0428134556574923,0.2288557213930348,0.3172043010752688,0.3211009174311927,0.1641791044776119,0.1182795698924731,0.6,0.1437308868501529,0.6965174129353234,0.0049751243781094,2.4220183486238533,0.5932721712538226,0.5259938837920489,0.7370030581039755,0.5657492354740061,0.0,2127.7448745758647,163.36614579225582,849.3736159555526,236.31819890566572,1.090150801898813,0.1834842228750725,9485.965713548909,1553.1381779826318,599.0469362767928,163.79287974819948,0.302728738650888,0.1061819434415585,0.2367483658274289,0.0844813154527832,0.5641682335467504,0.0568317488652377,15.506978649304386,0.6556747426312551,0.5398584992656147,2,-1.525639410858164,-1.0557476870416658,no_weapon_share,3
maxxkor,ct,61,68.0327868852459,16.458850974434846,0.6229508196721312,0.4590163934426229,101.1311475409836,76.65573770491804,24.475409836065573,5.639344262295082,0.3114754098360656,0.0983606557377049,0.2631578947368421,0.1818181818181818,0.2622950819672131,0.1578947368421052,0.1818181818181818,0.5,0.1475409836065573,0.2631578947368421,0.4736842105263157,1.6065573770491803,0.4426229508196721,0.4426229508196721,0.3278688524590163,0.3934426229508196,0.0,2146.8616962732326,122.6831965845552,648.491684477601,125.7187006827529,0.9651861377991168,0.1341826785234205,9336.880263146577,2297.927674424656,500.0528052089329,80.07156737435805,0.2511414568880877,0.0486499357834452,0.1211701841321581,0.0563477681628549,0.5512423392703745,0.0802420883333283,18.0457874262184,0.4971896538019045,0.5088673184836092,1,3.2641270250228778,-0.12088946889616907,no_weapon_share,3
mercury,ct,223,66.34529147982063,23.936908722782235,0.57847533632287,0.3766816143497757,83.18834080717488,91.98206278026906,-8.79372197309417,3.775784753363229,0.2331838565022421,0.0538116591928251,0.0,0.0,0.0,0.2403100775193798,0.158273381294964,0.5849056603773585,0.1434977578475336,0.7829457364341085,0.0,2.0358744394618835,0.4080717488789238,0.5067264573991032,0.5695067264573991,0.5515695067264574,0.0,2032.5946638387345,164.9106866343178,653.7505842719765,115.47072143918628,0.9624933857195004,0.1372319392996885,8358.93627974471,1141.1798772690288,537.852284853948,103.4474563499014,0.3558000584369439,0.0708815509440536,0.2110732601327795,0.0800202426300206,0.6132267622648276,0.0471745301942677,11.012887369707286,0.4464820173989116,0.3540637249928445,0,-1.0385990510500247,-1.172299940026312,no_weapon_share,3
meyern,ct,329,72.31003039513678,47.47195662524131,0.7173252279635258,0.4924012158054711,112.7355623100304,78.3951367781155,34.340425531914896,3.504559270516717,0.155015197568389,0.0273556231003039,0.2033898305084746,0.281437125748503,0.2887537993920973,0.1483050847457627,0.0898203592814371,0.7,0.1762917933130699,0.2033898305084746,0.5338983050847458,1.9270516717325228,0.3373860182370821,0.6534954407294833,0.5106382978723404,0.425531914893617,0.0,2149.410975518341,139.40431970574076,716.2055983886573,132.8375240075433,0.9879471016204268,0.1110845366969308,9265.618384914238,1967.7589387461965,556.0143440619012,89.75410420618587,0.2408743234319032,0.0840276552146792,0.1525648424478163,0.0661952520862623,0.5785304195332414,0.0729105827309978,16.729238027649615,0.8157464068210165,0.5925554305528471,1,4.017479033582288,-0.3933596064340122,no_weapon_share,3
mezii,ct,265,72.01886792452831,25.71428752395497,0.6452830188679245,0.4452830188679245,92.62264150943396,80.74716981132076,11.875471698113207,6.188679245283019,0.2377358490566037,0.0377358490566037,0.1637426900584795,0.2925170068027211,0.2679245283018868,0.1637426900584795,0.1224489795918367,0.6086956521739131,0.1433962264150943,0.7719298245614035,0.0,2.071698113207548,0.4264150943396226,0.5358490566037736,0.5622641509433962,0.5471698113207547,0.0,2076.70353998332,220.36579106827352,732.3341555463109,199.35913568241676,0.9652116548507012,0.165274336883756,9157.83214707437,1507.683063114414,535.3980659441785,130.9667105806904,0.3020869866556516,0.0869066591316188,0.1711721214772643,0.0693685404706416,0.5741261121037771,0.0611983374660173,10.972970423315196,0.6230689086181628,0.4040359494142155,2,0.32784539739780755,-0.383004080808527,no_weapon_share,3
misutaaa,ct,46,82.41304347826087,20.415922888946447,0.8043478260869565,0.3260869565217391,105.28260869565216,88.34782608695652,16.934782608695652,4.8478260869565215,0.2608695652173913,0.0,0.1351351351351351,0.3225806451612903,0.3260869565217391,0.1891891891891892,0.1612903225806451,0.5833333333333334,0.1956521739130435,0.8108108108108109,0.0,1.9565217391304348,0.4347826086956521,0.3478260869565217,0.6956521739130435,0.4782608695652174,0.0,2111.728599334866,131.1016474728903,787.5833489950325,143.08043085791962,1.0799648636515384,0.1663682159767691,8593.49995397749,910.5232057714604,518.777871433781,130.78251286091185,0.3396370918298519,0.0442028190611557,0.2276774009461792,0.0993820802816686,0.6037067063931234,0.0237891038773822,12.247448713915889,0.8939340486486311,0.5933845661113014,2,0.698642344878376,-1.4073345854778583,no_weapon_share,3
mo0n,ct,190,71.89473684210526,28.532141261730818,0.7,0.4157894736842105,102.54736842105264,83.15789473684211,19.389473684210525,6.878947368421053,0.1894736842105263,0.0473684210526315,0.0,0.0,0.0,0.1729323308270676,0.1801801801801801,0.5348837209302325,0.1578947368421052,0.1729323308270676,0.5413533834586466,2.136842105263158,0.5210526315789473,0.5210526315789473,0.7052631578947368,0.3842105263157894,0.0052631578947368,2129.2583664440904,125.53597683161716,802.3480520786474,102.75776460291576,1.0310730426097092,0.0656042497089407,9079.395997529666,1178.8757484015682,605.6081262493703,55.98779913562996,0.269776067474411,0.0791535219920801,0.160870553090808,0.0667743832693626,0.58731710372814,0.0518540803631174,15.026899030637278,0.8470353533246642,0.6251587057242097,1,1.68865358432748,-0.19566255312006844,no_weapon_share,3
modo,ct,147,77.98639455782313,22.227796660348687,0.7346938775510204,0.3945578231292517,118.08163265306122,86.15646258503402,31.92517006802721,4.238095238095238,0.1700680272108843,0.0408163265306122,0.0,0.0,0.0,0.2592592592592592,0.0786516853932584,0.8,0.1564625850340136,0.1388888888888889,0.6481481481481481,2.006802721088435,0.4421768707482993,0.5986394557823129,0.5714285714285714,0.3945578231292517,0.0,2149.430789145939,102.20323813146229,736.440983845781,101.47406242497826,1.0144172988224749,0.094510685668018,8756.637137754433,866.7922437369649,494.8527377838173,55.16840386912336,0.2574190838962175,0.0532598932719881,0.1349895674758923,0.0492590787560473,0.6199326632781836,0.051386259283754,17.92678391672233,0.5716927821927381,0.4274581515510461,1,4.150350422703248,-0.253980292233968,no_weapon_share,3
molodoy,ct,310,91.1258064516129,24.264970596749837,0.932258064516129,0.5258064516129032,139.46774193548387,75.51290322580645,63.95483870967742,4.82258064516129,0.1709677419354838,0.032258064516129,0.1868512110726643,0.1972789115646258,0.267741935483871,0.2110726643598615,0.1564625850340136,0.7261904761904762,0.2580645161290322,0.1799307958477508,0.5951557093425606,2.0387096774193547,0.5612903225806452,0.4645161290322581,0.4838709677419355,0.5290322580645161,0.0,2122.1799861177046,122.47465125653724,728.7580475134461,122.85315978375928,0.9772266751337058,0.1267482397494827,8899.908209569814,1108.5285503795665,566.2794012133625,76.72190859864423,0.2491981450154001,0.0671838458372906,0.1407190922295462,0.0537152618249863,0.616117327803583,0.0515283003532809,13.35126065275662,0.6899894022030661,0.5190835240768144,1,5.985400584205995,1.5109178254862896,no_weapon_share,3
mopoz,ct,141,81.21985815602837,23.39472296492061,0.7872340425531915,0.3971631205673759,103.04255319148936,92.29078014184395,10.75177304964539,5.829787234042553,0.1985815602836879,0.0,0.1621621621621621,0.2,0.2482269503546099,0.1711711711711711,0.1294117647058823,0.6333333333333333,0.2127659574468085,0.6486486486486487,0.0,2.6808510638297878,0.6170212765957447,0.6028368794326241,0.723404255319149,0.7375886524822695,0.0,1922.1974908826865,173.56392920428178,711.8850961817509,177.4531452722266,0.9962451140375768,0.1128586602536805,9033.77179876046,1693.2092804308213,513.5060798631067,104.04757518809488,0.4340671441997402,0.1149720772870035,0.2929283865305976,0.0689328477351431,0.583649335480472,0.0708014538772529,16.4137888935199,0.6822091003572678,0.4662565786237204,0,-2.295924628858956,1.9733138797158467,no_weapon_share,3
moseyuh,ct,223,73.5560538116592,30.24961167940869,0.6636771300448431,0.3766816143497757,90.50224215246637,87.65022421524664,2.8520179372197307,5.228699551569507,0.2062780269058296,0.0224215246636771,0.0,0.0,0.0,0.1554054054054054,0.1726618705035971,0.4893617021276595,0.1883408071748878,0.75,0.0,2.0269058295964126,0.5022421524663677,0.3766816143497757,0.6098654708520179,0.5381165919282511,0.0,2054.310592753984,258.11799468866553,673.8611188480526,149.73176206735923,0.9639197254918992,0.1255436050769915,8425.454418821862,1450.651852625164,467.454313704413,82.16592566675334,0.3638104840149023,0.1375179184957234,0.2365618836608435,0.1027881347519539,0.5920715030171154,0.0590888629204897,14.078983346326847,0.7600852510017259,0.5030431430160903,0,-2.2326127329584184,0.12272031123207268,no_weapon_share,3
mzinho,ct,418,82.1842105263158,27.33306813862911,0.7440191387559809,0.3899521531100478,107.26555023923444,87.52631578947368,19.739234449760765,6.105263157894737,0.2033492822966507,0.0287081339712918,0.0771704180064308,0.0823529411764705,0.1076555023923445,0.1704180064308681,0.0980392156862745,0.6794871794871795,0.1866028708133971,0.7813504823151125,0.0064308681672025,2.277511961722488,0.5095693779904307,0.5,0.6220095693779905,0.645933014354067,0.0,2099.490549887161,140.2453721185403,859.1803244930776,156.50153250987137,1.0820839094477286,0.0819425803520988,8604.82950742066,1476.0201806906234,595.6107817278206,76.20281062259807,0.3114657470830956,0.0724937303989409,0.195294106795115,0.0511858675604286,0.5669899894309647,0.0623342489291068,15.425697542160188,0.6334890177324723,0.4164612757416548,2,1.0289877706374568,0.10745656912236766,no_weapon_share,3
n1ssim,ct,447,67.02460850111856,24.91609643902033,0.6308724832214765,0.4250559284116331,84.25727069351231,82.85906040268456,1.3982102908277405,3.5078299776286355,0.2013422818791946,0.0246085011185682,0.1914893617021276,0.2996108949416342,0.2930648769574944,0.1524822695035461,0.1206225680933852,0.581081081081081,0.1431767337807606,0.7056737588652482,0.0106382978723404,2.404921700223713,0.5302013422818792,0.4809843400447427,0.7583892617449665,0.6331096196868009,0.0022371364653243,2135.734938587683,147.3426018042431,913.750935389575,225.86259132267497,1.1414607999815385,0.133100173479979,8371.008588405375,1073.5972779961237,619.5578504560841,121.15119333340404,0.3051760608165216,0.0901088958399345,0.1938939299308931,0.0932897322504093,0.6060714389949272,0.0559152283944728,15.511219510691651,0.6214253152644784,0.4832667686531792,2,-0.5061485438636999,-2.706568473021454,no_weapon_share,3
naf,ct,210,83.9952380952381,34.58338190869629,0.7380952380952381,0.4380952380952381,107.8904761904762,83.82857142857142,24.061904761904763,5.980952380952381,0.2285714285714285,0.0142857142857142,0.0,0.0,0.0,0.0774193548387096,0.0932203389830508,0.5217391304347826,0.1571428571428571,0.6903225806451613,0.0838709677419354,2.142857142857143,0.5571428571428572,0.3142857142857143,0.6333333333333333,0.6333333333333333,0.0047619047619047,2168.058733361464,135.31602812845577,911.6316752218872,201.788940770466,1.183833535268917,0.1114363364687952,8958.633855661206,1396.6018319974014,618.0105629115518,136.5218638324958,0.2898685871863285,0.0876689773586014,0.1757454309215971,0.0850959427440908,0.5606206754121024,0.0562687610623987,15.441832376147538,0.978143070667971,0.5703455613551524,2,-0.0957382424919998,-0.8397370330443191,no_weapon_share,3
nealan,ct,53,79.60377358490567,21.470467922203134,0.7358490566037735,0.2830188679245283,111.50943396226415,104.75471698113208,6.754716981132075,6.113207547169812,0.1509433962264151,0.0,0.2307692307692307,0.1578947368421052,0.2830188679245283,0.1025641025641025,0.2105263157894736,0.3333333333333333,0.1320754716981132,0.7692307692307693,0.0,1.849056603773585,0.4716981132075472,0.5094339622641509,0.4339622641509434,0.4339622641509434,0.0,2062.713767807227,108.84608163103836,715.8737997706397,175.4740559090317,0.9806002069421392,0.2300344210463283,8534.672233140434,1284.7242505106883,526.6250858515598,185.7697876641296,0.3510089672915339,0.0595673990003641,0.1701099608304763,0.0874946727448317,0.6112069289345798,0.0885641246137683,14.557958523728548,0.3940951015606184,0.2619997226509173,2,-1.129838139298811,-2.6368886242489205,no_weapon_share,3
neityu,ct,70,83.62857142857143,19.93709163411024,0.7571428571428571,0.3857142857142857,101.35714285714286,89.28571428571429,12.071428571428571,5.3,0.2285714285714285,0.0285714285714285,0.0,0.0,0.0,0.2075471698113207,0.1395348837209302,0.6470588235294118,0.1857142857142857,0.8113207547169812,0.0,2.4,0.6571428571428571,0.3142857142857143,0.7571428571428571,0.6714285714285714,0.0,1969.6425820405384,187.96881855811225,776.951326739721,272.86995700848047,1.0577470127347348,0.1969831911574595,9509.317608408672,539.7568739688851,558.3203552436274,134.27159290558345,0.3730251413767395,0.1204984617436547,0.2748684534929123,0.0869076824815726,0.5475709998860901,0.0324304694307041,12.85751028281578,0.512820350351557,0.3816720497178547,2,-3.040342440783736,1.0690805686544917,no_weapon_share,3
nekiz,ct,26,74.1923076923077,31.57003303045813,0.6153846153846154,0.1923076923076923,90.6923076923077,98.3846153846154,-7.6923076923076925,3.730769230769231,0.2307692307692307,0.0,0.0,0.0,0.0,0.25,0.2857142857142857,0.4,0.1153846153846153,0.5,0.0,2.0,0.3846153846153846,0.4615384615384615,0.6538461538461539,0.5,0.0,1973.419825363785,86.06025157944184,938.7632565513738,352.81326205237144,1.073039051843263,0.2704560020622062,7587.38124927356,2026.007939877296,583.2703966846307,231.4250664669951,0.3355441722876957,0.0881519375269096,0.2456421433167985,0.0847066834580331,0.6548678614640232,0.0645762396834277,15.793451382644758,0.5336197147782303,0.3764372906763926,2,-5.1290388569957415,-4.735427726294246,no_weapon_share,3
nertz,ct,415,79.6433734939759,32.666258920379,0.7228915662650602,0.4024096385542168,98.18795180722891,90.2722891566265,7.9156626506024095,6.530120481927711,0.2409638554216867,0.0144578313253012,0.0,0.0,0.0,0.2166666666666666,0.1491935483870967,0.6372549019607843,0.2024096385542168,0.8133333333333334,0.0066666666666666,2.397590361445783,0.689156626506024,0.5084337349397591,0.6506024096385542,0.5493975903614458,0.0,2045.373530118934,184.8823621381744,744.4291922901335,204.30389439733565,0.9506908218772192,0.1770019581583538,8667.861710683883,1591.7947287430957,565.0578701192554,145.06541672712197,0.3158541116623803,0.0654884053466868,0.2383949254699073,0.078424374029999,0.5839621308235566,0.0659005565151771,18.093489748448626,0.7309637225561232,0.5840052417408849,0,-1.6473461713684205,0.8686697643337614,no_weapon_share,3
nettik,ct,128,73.5546875,23.92326660650786,0.609375,0.4140625,91.6875,84.0859375,7.6015625,7.3515625,0.328125,0.0703125,0.2435897435897435,0.28,0.3125,0.1282051282051282,0.12,0.5263157894736842,0.15625,0.6923076923076923,0.0,2.453125,0.5,0.703125,0.671875,0.5703125,0.0078125,2073.694022212258,135.57224519639547,711.1890732859331,133.648366050305,0.9537877576934786,0.1588475270551659,9381.483885151543,1186.0758683548684,480.75920064036416,80.65028410074156,0.3223576630370606,0.1011253595651312,0.1760419888577971,0.0559378001199993,0.5518066802662969,0.0516357005600338,13.3647537060299,0.6222539132616979,0.4287857899931486,0,0.06398401635075895,1.2441188852211686,no_weapon_share,3
nicx,ct,56,64.625,17.118145999540285,0.5535714285714286,0.3928571428571428,81.17857142857143,92.625,-11.446428571428571,8.607142857142858,0.2142857142857142,0.0,0.1935483870967742,0.2352941176470588,0.25,0.1935483870967742,0.1470588235294117,0.5454545454545454,0.1428571428571428,0.8387096774193549,0.0,1.9642857142857144,0.5535714285714286,0.3928571428571428,0.4464285714285714,0.5714285714285714,0.0,2079.540326258141,125.07902662793148,848.5399006285526,167.46274466970937,1.124231577580214,0.0947446989219894,8111.870374156117,1005.7309938863134,533.7566408114157,95.84202401649378,0.3412623970860042,0.1174806166281737,0.23008803247792,0.0905852033141995,0.6111724074502932,0.0321140482009486,26.10073610640214,0.486729797414962,0.4646549745610226,2,-1.158654656170112,-3.1922517460956406,no_weapon_share,3
niko,ct,603,81.19568822553897,22.57618908695265,0.7529021558872305,0.4195688225538971,102.7396351575456,83.33167495854063,19.40796019900497,7.830845771144278,0.2918739635157545,0.0464344941956882,0.0,0.0,0.0,0.171806167400881,0.1285714285714285,0.6341463414634146,0.187396351575456,0.8259911894273128,0.0022026431718061,2.5505804311774463,0.615257048092869,0.5804311774461028,0.7777777777777778,0.5754560530679934,0.0016583747927031,2011.2312204438836,120.56717509183622,648.1523942927772,113.33281055039356,0.8849370705566534,0.1406123572895787,8927.607276069726,1159.3116933692022,513.2412839245308,69.44495276931947,0.3311346794990286,0.0638022412853416,0.1808542922920126,0.0538429244638351,0.5758996587437359,0.0475009249864505,12.580800420184271,0.5389243658934482,0.3828248755400288,0,0.40443478979503783,2.924871231699955,no_weapon_share,3
nilo,ct,146,74.20547945205479,25.99278436740158,0.684931506849315,0.3698630136986301,94.66438356164385,89.3972602739726,5.267123287671233,4.486301369863014,0.184931506849315,0.0068493150684931,0.16,0.3043478260869565,0.3013698630136986,0.14,0.0652173913043478,0.7,0.1506849315068493,0.75,0.0,1.4726027397260273,0.3356164383561644,0.2054794520547945,0.5547945205479452,0.3767123287671233,0.0,2048.704363949011,120.96962267600809,661.7377062609644,92.7705957777517,0.8754267672177163,0.1309193762774319,9057.54953241118,1287.0683907887385,523.9467772320502,52.747425250697454,0.3276398866104748,0.0769567005043158,0.1925171791098176,0.0771823873167392,0.5566457011968445,0.0461475316482431,12.256462722777991,0.6363363107492208,0.4433093842837059,1,2.0515875915397066,-1.3558585385737136,no_weapon_share,3
nin9,ct,69,77.17391304347827,32.081850264138794,0.7101449275362319,0.391304347826087,102.02898550724638,83.57971014492753,18.44927536231884,4.826086956521739,0.2318840579710145,0.0144927536231884,0.0612244897959183,0.1666666666666666,0.144927536231884,0.2244897959183673,0.1666666666666666,0.6111111111111112,0.144927536231884,0.2244897959183673,0.4897959183673469,2.057971014492753,0.6086956521739131,0.5507246376811594,0.4347826086956521,0.463768115942029,0.0,2028.2964963853,154.46593421915264,674.7633494820074,82.23659580490428,0.9636549419102424,0.1343916308962596,7858.469578764167,1216.1276848374723,598.7888227916503,137.83104308331798,0.2881080610945514,0.1411285679781422,0.1769679516134339,0.0857244518584654,0.610144898948662,0.0637404012420185,36.69244695976527,0.815491444417639,0.7421952243616966,2,0.2501385869935847,-1.3800831183049598,no_weapon_share,3
nitr0,ct,176,71.01136363636364,31.25254011188877,0.6818181818181818,0.3636363636363636,87.17613636363636,90.20454545454544,-3.028409090909091,4.295454545454546,0.1761363636363636,0.0,0.175,0.3035714285714285,0.3125,0.1166666666666666,0.0892857142857142,0.5833333333333334,0.1931818181818181,0.625,0.0166666666666666,2.261363636363636,0.5852272727272727,0.3181818181818182,0.6704545454545454,0.6875,0.0,2012.3597857558088,196.2655667182025,707.1670703550375,242.63154527507723,1.0346684377809143,0.1767241669946266,8071.526183422205,1481.279059090581,503.5801410881966,126.3313858864286,0.4152614815539387,0.1237054033581088,0.2317928192450583,0.0591627500869038,0.5894097989264153,0.0669369358262896,16.36588362133349,0.7371526809193923,0.5318817753359647,2,-2.4563651192052247,-0.9917052096636579,no_weapon_share,3
nota,ct,245,80.42040816326531,21.43086951443547,0.6653061224489796,0.3224489795918367,98.6530612244898,93.88979591836734,4.763265306122449,9.489795918367347,0.2612244897959184,0.0204081632653061,0.1717791411042944,0.2951807228915662,0.3142857142857143,0.2331288343558282,0.1927710843373494,0.5428571428571428,0.1551020408163265,0.8220858895705522,0.0,2.359183673469388,0.6571428571428571,0.3510204081632653,0.6938775510204082,0.6571428571428571,0.0,1994.420829115825,143.7560157021021,648.1737672995553,167.44299642234608,0.8711066817191749,0.1498788786435998,9102.030261144491,1507.826619314222,485.90995807435513,90.21350246713163,0.3527386732684652,0.077241047241027,0.2225809630083499,0.0868892267738253,0.5806475816026517,0.0537282412018339,14.044544157062615,0.5011319680554727,0.3912446493570623,0,-1.660993960894887,1.1431134070339832,no_weapon_share,3
npl,ct,463,88.97840172786177,28.515930451306065,0.816414686825054,0.3326133909287257,111.70842332613393,98.63714902807776,13.071274298056156,7.367170626349892,0.2678185745140389,0.0302375809935205,0.2116402116402116,0.2750809061488673,0.3563714902807775,0.1613756613756613,0.1521035598705501,0.5648148148148148,0.2073434125269978,0.746031746031746,0.0,1.8682505399568037,0.5766738660907127,0.3218142548596112,0.4535637149028078,0.5161987041036717,0.0,1981.865133153637,111.4387277332068,625.4618329097904,142.2840504025915,0.9089664575948488,0.1817219591078363,8175.026607741961,1362.71238113122,553.835388097813,90.33096687754907,0.36625343749646,0.085831568775865,0.2319657825493252,0.0581346156128304,0.5989251074966117,0.0611632789562189,14.39952274825392,0.6613165805222401,0.439669074244619,0,0.23354918728551927,0.07750957321562375,no_weapon_share,3
osee,ct,176,67.49431818181819,20.58330436383811,0.6647727272727273,0.3977272727272727,103.2556818181818,86.76136363636364,16.494318181818183,3.4545454545454546,0.1647727272727272,0.034090909090909,0.0,0.0,0.0,0.2051282051282051,0.0849056603773584,0.7272727272727273,0.1363636363636363,0.2564102564102564,0.5811965811965812,1.5795454545454546,0.3409090909090909,0.4715909090909091,0.4829545454545454,0.2840909090909091,0.0,2149.880825483135,141.3523647349782,671.9580906599498,100.36616177782857,1.0131149131131705,0.0784310421718116,7710.984254331484,1029.0128289199392,532.2125219590712,77.81872287085329,0.2567856520682202,0.0982496947030806,0.1386898693461601,0.0838517187760486,0.6308001168160142,0.0553286214421659,21.71614249058064,0.4867455756544482,0.4670883777977894,1,3.071369012230775,-2.6583925214985125,no_weapon_share,3
phzy,ct,141,66.05673758865248,38.76713881313509,0.6170212765957447,0.4113475177304964,92.98581560283688,85.77304964539007,7.212765957446808,4.50354609929078,0.1843971631205673,0.0567375886524822,0.1379310344827586,0.3012048192771084,0.2624113475177305,0.264367816091954,0.180722891566265,0.6052631578947368,0.1276595744680851,0.2758620689655172,0.4827586206896552,1.9148936170212767,0.3617021276595745,0.624113475177305,0.524822695035461,0.4042553191489361,0.0,2134.593053283485,142.31935821584173,670.1367734182094,86.11874205991123,0.9823296316714208,0.121919322690195,7507.5629661829025,1139.5576284107178,530.60242148999,68.60332860787399,0.2777431760167145,0.0746346854935934,0.1434897830871847,0.0690378951191664,0.6375889091665402,0.0616177393342543,16.8585457429669,0.943394867465028,0.6374787149652524,1,2.4685835904035422,-2.4434041127858874,no_weapon_share,3
piriajr,ct,282,73.29787234042553,37.46093629782075,0.7056737588652482,0.4290780141843971,94.1808510638298,81.19858156028369,12.9822695035461,2.3191489361702127,0.1914893617021276,0.0106382978723404,0.1608040201005025,0.2360248447204969,0.2482269503546099,0.2110552763819095,0.2111801242236025,0.5526315789473685,0.1489361702127659,0.7437185929648241,0.0201005025125628,2.1560283687943262,0.4397163120567376,0.4042553191489361,0.6453900709219859,0.6666666666666666,0.0,2052.3698176881694,150.05442024598227,839.6070056210056,238.41919467453664,1.1203276378964762,0.1545802738388276,9088.20044077219,1555.3287626085678,630.3749333388892,150.2116774341303,0.3365003759532375,0.1015603910409245,0.2265873951930994,0.0817737425095303,0.5697954481720414,0.0573253549132637,19.533373352034918,0.9032758265509871,0.6363602606493668,2,-1.119216345104567,-1.92871014573949,no_weapon_share,3
pr,ct,299,88.66555183946488,33.69852287785245,0.8127090301003345,0.3779264214046823,110.80267558528428,94.04347826086956,16.759197324414714,8.331103678929766,0.2207357859531772,0.020066889632107,0.0,0.0,0.0,0.1893004115226337,0.1612903225806451,0.6052631578947368,0.1906354515050167,0.7242798353909465,0.0041152263374485,2.37123745819398,0.5785953177257525,0.5518394648829431,0.6688963210702341,0.5719063545150501,0.0,2142.4581594004794,159.11990050252658,789.553396305278,153.4343955015483,1.0965504240439423,0.1166667049786876,9261.468390597916,1650.450088536615,548.195100970228,90.44998226458397,0.3017443503746299,0.0712047410570466,0.1958374188837514,0.0713297663631532,0.5496535382906256,0.0620681980443432,15.72725875220156,0.913667447868568,0.6025577748069281,2,-0.13722661842900463,1.4232038761702908,no_weapon_share,3
qw1nk1,ct,85,94.16470588235296,29.94787675361067,0.9294117647058824,0.4235294117647059,122.61176470588236,89.91764705882353,32.694117647058825,5.08235294117647,0.2,0.0117647058823529,0.2658227848101265,0.2448979591836734,0.388235294117647,0.1518987341772152,0.1632653061224489,0.6,0.2,0.7468354430379747,0.0,2.494117647058824,0.4352941176470588,0.6235294117647059,0.8470588235294118,0.5882352941176471,0.0,2030.2004081915804,183.82838880707257,749.8729376431219,167.95552606351131,1.0470043298498848,0.1658734674708218,10081.107955537704,1334.2114282553694,512.1697028134354,140.62571550978308,0.3625597265223524,0.1024787097435704,0.2319450432577203,0.0963968651339378,0.5615963340589503,0.0480313834483251,15.258985114160696,0.6808610667926698,0.4799722231415615,2,-0.027689268600761117,1.756987643321484,no_weapon_share,3
rainwaker,ct,326,79.56748466257669,27.641999711082853,0.7239263803680982,0.4079754601226993,96.23312883435582,85.64723926380368,10.585889570552148,3.1104294478527605,0.1932515337423312,0.0245398773006134,0.0,0.0,0.0,0.1525423728813559,0.1398963730569948,0.5714285714285714,0.1871165644171779,0.7838983050847458,0.0,2.0061349693251533,0.4263803680981595,0.4325153374233129,0.6901840490797546,0.4570552147239264,0.0,2063.7315670052176,140.34824651484666,904.915022378753,163.72776032808608,1.16196491825242,0.1417551494355723,7989.02195615076,1299.7519519638183,648.594506362762,116.35548887254464,0.3179724013790974,0.0822754550122827,0.2005563322309705,0.065375193104118,0.6237701139876383,0.0507930592950022,18.304654213377603,0.7285227660976812,0.5327810962484336,2,0.08414047821403706,-2.5768085774656084,no_weapon_share,3
rdnzao,ct,61,76.08196721311475,47.99326515678642,0.7377049180327869,0.360655737704918,96.63934426229508,91.9344262295082,4.704918032786885,3.819672131147541,0.1639344262295081,0.0,0.1777777777777777,0.2307692307692307,0.2786885245901639,0.2222222222222222,0.1794871794871795,0.5882352941176471,0.2459016393442623,0.8444444444444444,0.0,2.114754098360656,0.4426229508196721,0.4262295081967213,0.6721311475409836,0.5737704918032787,0.0,2019.4029420915767,152.33389320315032,615.5077481035484,174.7624197985916,0.8741057418265117,0.1006710016141558,8750.208343755701,1339.7384717777484,412.6786710975936,80.09249808944601,0.3963086025065374,0.0947087238133783,0.2464280667378557,0.0757598487686738,0.5745540997784332,0.0301562464111016,18.68261182530761,0.9842490860409914,0.7793928850100822,0,-0.3745481636830856,0.6248057548742769,no_weapon_share,3
rez,ct,299,77.10367892976589,44.73478491319176,0.7023411371237458,0.3478260869565217,95.68227424749163,94.32107023411372,1.3612040133779264,6.230769230769231,0.2575250836120401,0.0301003344481605,0.0,0.0,0.0,0.2,0.1641025641025641,0.5675675675675675,0.1705685618729097,0.7619047619047619,0.0095238095238095,2.2274247491638794,0.471571906354515,0.5785953177257525,0.6421404682274248,0.5351170568561873,0.0,2000.3923054941235,196.0761137676625,619.6725245674522,121.26284068591444,0.9026571664422358,0.1379332434390343,8542.920781527831,1517.6494370698556,493.2588581076181,95.6564117584967,0.3871885216258623,0.1094556674423293,0.2466738885241742,0.0923503269260344,0.5857690239379486,0.0671238457806093,16.30564126277064,1.068584178931636,0.6841479218225972,0,-2.4501576477445837,1.133977555629451,no_weapon_share,3
ropz,ct,266,75.34586466165413,28.27796118647113,0.7330827067669173,0.4849624060150376,93.07894736842104,71.29323308270676,21.785714285714285,4.285714285714286,0.1616541353383458,0.0112781954887218,0.1641025641025641,0.1897810218978102,0.2180451127819548,0.1384615384615384,0.1386861313868613,0.5869565217391305,0.1842105263157894,0.7230769230769231,0.0205128205128205,1.7030075187969924,0.3947368421052631,0.2105263157894736,0.556390977443609,0.5413533834586466,0.0,2094.4146499057783,155.28161274586787,899.5161753387061,180.2877355799635,1.1698801274494142,0.1419242639154528,8028.663632464231,1287.537376926309,638.8870179432645,116.73329763764508,0.3103778995278424,0.0928626379501632,0.2564784867001031,0.1023101405138651,0.5968023583113339,0.0596547599136891,13.533930359430286,0.6401211942552358,0.5235943203247438,2,0.9653526840688386,-2.9696463088464795,no_weapon_share,3
ryu,ct,141,74.56737588652483,22.6501549493766,0.6666666666666666,0.3829787234042553,93.60283687943264,85.71631205673759,7.886524822695035,4.099290780141844,0.2056737588652482,0.0212765957446808,0.2553191489361702,0.2413793103448276,0.3191489361702128,0.1914893617021276,0.1954022988505747,0.5142857142857142,0.1702127659574468,0.6702127659574468,0.0,2.127659574468085,0.4326241134751773,0.425531914893617,0.6879432624113475,0.5815602836879432,0.0,2091.6381742296985,183.30646272745275,791.7654915838917,132.7399483437743,1.143199265453084,0.0979275422610173,7682.759316773593,1323.2822720432366,549.2865819381152,87.68850834357002,0.3488440928145441,0.0844303220388357,0.2061341546595654,0.1107767534488859,0.6002608139388954,0.0685919517752475,10.79064276120176,0.5999686085092962,0.3873768087571831,2,-0.1371597735114723,-2.0635408090706315,no_weapon_share,3
s1mple,ct,61,76.57377049180327,34.202020681458066,0.6721311475409836,0.360655737704918,103.8360655737705,89.91803278688525,13.918032786885243,5.163934426229508,0.1639344262295081,0.0,0.2439024390243902,0.1794871794871795,0.2786885245901639,0.1951219512195122,0.2564102564102564,0.4444444444444444,0.180327868852459,0.2926829268292683,0.5365853658536586,1.901639344262295,0.4754098360655737,0.4918032786885246,0.4590163934426229,0.4754098360655737,0.0,2103.00907240801,75.81518846246055,770.9412320458193,94.75020134005676,0.926067244629313,0.0584955402090178,9023.11701199925,1495.0206788457378,577.8394764024754,74.54362508873562,0.2517234481352413,0.0790502091275791,0.1668155458749359,0.055955051771455,0.6109123672526644,0.0657489498741637,23.23605003360126,0.8927701471903535,0.5525297608810161,1,2.189841691631194,-1.7782835309110783,no_weapon_share,3
s1n,ct,237,75.10548523206751,27.38763051234609,0.6371308016877637,0.4683544303797468,91.9873417721519,78.22362869198312,13.763713080168776,9.316455696202532,0.3417721518987341,0.0886075949367088,0.23841059602649,0.1825396825396825,0.2489451476793249,0.1721854304635761,0.1269841269841269,0.6190476190476191,0.1518987341772152,0.7417218543046358,0.0,2.940928270042194,0.6286919831223629,0.9873417721518988,0.7130801687763713,0.6118143459915611,0.0,2114.470014925407,169.7268789061923,803.8389462365956,173.46485254626288,1.0077037524587658,0.154944034353245,10541.452597659088,1305.0261331383165,574.2794777730871,109.9588456397936,0.310218548436078,0.0638560447343226,0.1886792000990498,0.068945532641828,0.5493450541835252,0.0633448075575826,23.588096697146867,0.5929047923301144,0.4928404253989166,2,-0.38862150234078435,2.4840291770444933,no_weapon_share,3
s1ren,ct,131,63.16793893129771,25.081148242855004,0.5648854961832062,0.3893129770992366,76.56488549618321,87.0,-10.435114503816791,3.0229007633587788,0.1908396946564885,0.0458015267175572,0.0,0.0,0.0,0.2027027027027027,0.1125,0.625,0.0839694656488549,0.6621621621621622,0.0,1.9083969465648856,0.5572519083969466,0.3282442748091603,0.5419847328244275,0.4809160305343511,0.0,2023.9481758199151,176.54049257866333,716.8082942492429,325.40249636428297,0.9783520427038058,0.2263521385074064,8935.764633816909,1168.596083644038,527.3899595808848,154.59748667930765,0.3820951039261209,0.1288842713932513,0.203674022532913,0.0650751597250053,0.5567505977769698,0.0502454687270232,12.23370335907257,0.4172463976624466,0.3145118021539788,2,-3.117776248606163,-1.922375039387496,no_weapon_share,3
s1zzi,ct,463,78.64362850971922,29.88112383612436,0.775377969762419,0.3779697624190065,118.39740820734342,86.77753779697625,31.61987041036717,4.198704103671706,0.1252699784017278,0.0086393088552915,0.1838440111420612,0.2638888888888889,0.3066954643628509,0.2116991643454039,0.1354166666666666,0.6608695652173913,0.1922246220302375,0.1086350974930362,0.5933147632311978,1.2483801295896328,0.2505399568034557,0.2570194384449244,0.4449244060475162,0.2958963282937365,0.0,2109.2827054142704,117.2718744185146,740.380571945692,113.70963076871396,1.013370870598808,0.0781836982969456,7648.778674495165,1176.744686814877,561.6139237642122,71.55667653481173,0.2951735351514986,0.0864303438858676,0.1710373265001329,0.0678923498045481,0.6243422568117917,0.0554545382168552,15.770012309696574,0.7234995779205525,0.534742419892246,1,4.398492776553616,-3.157086017654966,no_weapon_share,3
saadzin,ct,445,70.85393258426966,27.767620980617,0.698876404494382,0.4808988764044943,97.71460674157304,81.91460674157304,15.8,4.9348314606741575,0.2044943820224719,0.049438202247191,0.2186495176848874,0.2424242424242424,0.2786516853932584,0.1768488745980707,0.1385281385281385,0.632183908045977,0.1550561797752809,0.1736334405144694,0.5337620578778135,1.8404494382022472,0.3573033707865168,0.5595505617977528,0.5235955056179775,0.4,0.0,2151.527469100336,132.21221514368332,771.4726887795106,187.00367266340325,1.0071139916505376,0.1578711754675844,8524.024475365233,1426.0382553018287,577.496942812332,98.47399794806007,0.2638272970526259,0.0739002712593703,0.1485588454455981,0.0577307162103599,0.6210512839857933,0.0708731288498955,16.666745248495463,0.584115242421547,0.4817346458395006,1,2.8137903583912287,-2.1138455687082103,no_weapon_share,3
saffee,ct,282,78.98581560283688,21.578873510355383,0.8368794326241135,0.4290780141843971,125.15248226950357,86.10283687943263,39.04964539007092,4.25886524822695,0.1453900709219858,0.0496453900709219,0.1525423728813559,0.1614906832298136,0.2198581560283688,0.135593220338983,0.1180124223602484,0.6274509803921569,0.1914893617021276,0.2203389830508474,0.5169491525423728,1.6702127659574468,0.4219858156028369,0.4219858156028369,0.4397163120567376,0.3865248226950354,0.0,2108.119058605232,131.62262155096928,705.7387062840959,114.2367874226274,0.9868784822012102,0.1371256847892811,8503.61966999106,1469.2036663322515,561.4100234660862,94.78475584429904,0.2785834735308864,0.082101543871029,0.1476691657498207,0.0530264307672863,0.6100650853876692,0.0532757752363045,11.120077773056527,0.6239214597123637,0.4020298191098833,1,4.118032510679474,-0.7177225772207274,no_weapon_share,3
sausol,ct,141,83.9645390070922,17.67756978394962,0.7801418439716312,0.4468085106382978,110.83687943262412,83.63829787234043,27.19858156028369,4.914893617021277,0.1914893617021276,0.0212765957446808,0.0,0.0,0.0,0.1454545454545454,0.0769230769230769,0.7272727272727273,0.2056737588652482,0.7909090909090909,0.009090909090909,2.482269503546099,0.5815602836879432,0.5177304964539007,0.75177304964539,0.6312056737588653,0.0,2131.700951710351,97.27939352599304,828.1608827424951,191.81837371867576,1.1272981273609315,0.1173324978434055,10025.659563235426,1728.572237042375,549.6497376917392,105.59626293342748,0.2848196500519233,0.0662871494246404,0.1703595808348334,0.0536889556269197,0.5471056898400565,0.0590243980131891,17.45603649372769,0.5144686564475051,0.3578119536376354,2,1.3830431716495473,1.5226257095709572,no_weapon_share,3
scrunk,ct,61,58.114754098360656,11.47705344293222,0.4262295081967213,0.3442622950819672,68.37704918032787,88.0,-19.62295081967213,4.885245901639344,0.1311475409836065,0.0,0.0,0.0,0.0,0.2307692307692307,0.1,0.6,0.0327868852459016,0.6538461538461539,0.0,2.459016393442623,0.4262295081967213,0.7377049180327869,0.6557377049180327,0.639344262295082,0.0,2103.1281067706213,141.64918734061638,1011.4200039328337,286.9096243789249,1.1569443131727546,0.1960584857179027,9289.60281006869,1368.9331775346218,743.7541201078647,177.32809819237704,0.2789054163296136,0.1048612553437489,0.1658064785245033,0.0368817585280987,0.5458213543089868,0.0632912196317673,13.90039206176932,0.4003985477293962,0.2476717114593693,2,-3.044215883390724,-4.103221523790294,no_weapon_share,3
sdy,ct,56,70.17857142857143,22.323337660864865,0.5178571428571429,0.4107142857142857,81.01785714285714,78.94642857142857,2.071428571428572,1.9107142857142856,0.3571428571428571,0.0535714285714285,0.3793103448275862,0.2424242424242424,0.3392857142857143,0.0689655172413793,0.1515151515151515,0.2857142857142857,0.1071428571428571,0.7931034482758621,0.0,2.107142857142857,0.375,0.5535714285714286,0.5892857142857143,0.5892857142857143,0.0,2013.0933409538643,78.2673317490376,686.8651612592488,181.4315541703939,0.9476987402283198,0.128742344447883,8187.7454835027775,1547.1973051805564,500.8469095873824,129.85360261144555,0.349842938695804,0.0567765201691529,0.2127381846971388,0.0359326877403811,0.5879103790918586,0.0757435285021013,13.332388477481716,0.6411468673834065,0.4135338426309046,2,-0.6349845331606134,-1.7632057461209725,no_weapon_share,3
senzu,ct,61,74.19672131147541,27.674772809258823,0.6721311475409836,0.3114754098360656,98.34426229508196,102.21311475409836,-3.868852459016393,3.721311475409836,0.1967213114754098,0.0163934426229508,0.0,0.0,0.0,0.1463414634146341,0.1428571428571428,0.5,0.1475409836065573,0.5365853658536586,0.0975609756097561,1.2295081967213115,0.3770491803278688,0.2622950819672131,0.2950819672131147,0.2950819672131147,0.0,1955.4813877594625,163.50134227277363,792.9547280763069,109.72775980967728,0.9508888447160656,0.1649116575707489,8438.244594961941,859.7348293475137,552.9530417145389,69.1546635967698,0.3536573209881938,0.1129128157925876,0.283372424324025,0.0624993749269478,0.6121781048472406,0.0531134105483793,16.953874555211925,0.7342087577794205,0.5135474694695947,0,-1.0284780392771022,-2.943136781786285,no_weapon_share,3
sfade8,ct,190,84.66315789473684,19.19081750700951,0.7052631578947368,0.3526315789473684,103.35263157894737,95.94736842105264,7.405263157894737,9.689473684210526,0.2894736842105263,0.0421052631578947,0.0,0.0,0.0,0.1940298507462686,0.1382113821138211,0.6046511627906976,0.1631578947368421,0.8208955223880597,0.0074626865671641,2.431578947368421,0.6473684210526316,0.7052631578947368,0.6210526315789474,0.4578947368421052,0.0,1987.58392310511,104.70025817283486,639.7740556311178,77.8078615180054,0.849729647996238,0.0586373078648148,9178.271461458013,1160.9013609498345,524.5060363972234,59.253066862236665,0.3612985760249442,0.0576351603077652,0.2287646293817089,0.066363978530602,0.5763039982969769,0.0564827462944021,17.105117458718894,0.5206202911833113,0.3862612162663585,0,-0.3529151068520259,2.512247455687183,no_weapon_share,3
sh1ro,ct,364,85.31318681318682,23.48801736681924,0.8708791208791209,0.5384615384615384,117.63186813186812,72.48626373626374,45.1456043956044,5.9423076923076925,0.2362637362637362,0.0439560439560439,0.2618296529968454,0.25,0.3434065934065934,0.167192429022082,0.0714285714285714,0.8153846153846154,0.2197802197802197,0.2649842271293375,0.4668769716088328,2.18956043956044,0.4615384615384615,0.6483516483516484,0.5906593406593407,0.4862637362637362,0.0027472527472527,2088.7286011256974,121.15078453940625,711.6904525610666,135.9339309912266,0.9544429445531428,0.1263740978663295,8968.635792734804,1359.985496661772,535.6455398346084,92.50468325962451,0.2504141616479453,0.0676350099564308,0.1434639291047059,0.0403248584637689,0.5918837110550306,0.0579620985054465,10.031049892458032,0.5943879083401525,0.3776103041769391,1,5.301851214178764,1.6914980251630456,no_weapon_share,3
shock,ct,147,77.2312925170068,29.76039395163292,0.7006802721088435,0.3265306122448979,95.56462585034014,96.64625850340136,-1.0816326530612246,3.612244897959184,0.2517006802721088,0.0136054421768707,0.0,0.0,0.0,0.145631067961165,0.0505050505050505,0.75,0.1700680272108843,0.7281553398058253,0.0097087378640776,2.6462585034013606,0.4285714285714285,0.6190476190476191,0.8843537414965986,0.7142857142857143,0.0,2121.1948694676785,214.502050407194,848.0143961219202,226.0580689098716,1.1209527437993194,0.1493310258306555,8667.9698956686,1266.2295029119755,555.5728415079037,183.0127911701684,0.3209867759138012,0.1234948488616507,0.1890217007724947,0.0887160347385302,0.5772696469665103,0.0511033399574907,17.13537964757975,0.6783157842695648,0.4782525332297194,2,-2.761532875368467,-0.514499611621639,no_weapon_share,3
siuhy,ct,210,66.18095238095238,29.25597918932658,0.5857142857142857,0.3619047619047619,82.82380952380953,88.93333333333334,-6.109523809523809,8.619047619047619,0.3333333333333333,0.0857142857142857,0.2032520325203252,0.2462686567164179,0.2761904761904762,0.1463414634146341,0.1567164179104477,0.4615384615384615,0.1142857142857142,0.7317073170731707,0.0,2.523809523809524,0.638095238095238,0.6571428571428571,0.6666666666666666,0.5619047619047619,0.0,2024.7148079560336,165.39920383680925,643.9004702509218,166.81879310823854,0.8998582871090989,0.1130020364445782,8365.06309959335,1116.5409186648276,447.6109615261691,70.67402865292323,0.3468874576568269,0.0871608000042804,0.1874683208251912,0.0643859793413308,0.5952212716696111,0.0655088017790861,18.175970274486698,0.7002668457146884,0.5316232592144802,0,-1.6832632142916246,0.771212247600866,no_weapon_share,3
sjuush,ct,41,72.5609756097561,13.19781857442573,0.7317073170731707,0.3414634146341463,94.14634146341464,91.97560975609755,2.1707317073170733,3.3902439024390243,0.2195121951219512,0.048780487804878,0.2333333333333333,0.4074074074074074,0.4390243902439024,0.2,0.1111111111111111,0.6666666666666666,0.1463414634146341,0.5666666666666667,0.1333333333333333,2.024390243902439,0.3902439024390244,0.5853658536585366,0.6341463414634146,0.4146341463414634,0.0,2086.665016717694,108.56933075764094,751.9894028463793,286.6241109910341,1.0293718680168762,0.2008277449761314,7911.78014693713,1631.343365633558,618.0505452979077,122.6868586834356,0.3588118783414467,0.1338452890399611,0.144806813303277,0.0241779126099244,0.6051507260400535,0.0987982277203879,11.550346047939886,0.5147061796684483,0.3914250647186552,2,0.4408727522552327,-2.705931018751602,no_weapon_share,3
sk0r,ct,69,80.18840579710145,39.11870014771919,0.8260869565217391,0.3768115942028985,106.18840579710144,88.8840579710145,17.304347826086957,8.333333333333334,0.144927536231884,0.0144927536231884,0.0,0.0,0.0,0.2280701754385964,0.1395348837209302,0.6842105263157895,0.217391304347826,0.5087719298245614,0.1052631578947368,1.6521739130434785,0.5652173913043478,0.2463768115942029,0.5072463768115942,0.3333333333333333,0.0,2037.436742556634,244.0334552698656,684.7695770390111,131.21660445741864,0.944328155646808,0.082127792892375,7813.302091144408,968.5352014998116,534.7408500615151,124.95137437782287,0.3685082185596128,0.1352130503952226,0.2258069114799945,0.0686395050857252,0.618779287953502,0.0513479376204337,12.46935017864006,0.5722532588230144,0.4538262448615847,0,0.307576465794005,-0.37834414137079436,no_weapon_share,3
slaxz-,ct,237,76.75105485232068,24.567455339185056,0.7721518987341772,0.4472573839662447,118.47257383966245,80.42194092827005,38.050632911392405,5.953586497890296,0.1561181434599156,0.050632911392405,0.1256830601092896,0.1984732824427481,0.2067510548523206,0.174863387978142,0.1450381679389313,0.6274509803921569,0.1729957805907173,0.2677595628415301,0.546448087431694,2.210970464135021,0.4514767932489451,0.6075949367088608,0.6413502109704642,0.510548523206751,0.0,2084.8795154445684,121.14776699839804,742.6469087429111,255.04637423456293,0.9366264590068144,0.1459105626548153,8237.272095376962,1322.2870851149826,546.4752594172186,124.6585607766864,0.2948805112955029,0.0983882738493797,0.1652308280816456,0.0540430537721734,0.6419700254800766,0.0584532132759338,13.695821333259888,0.7912542531909345,0.4521330927751175,1,2.0962062714022633,-0.3343232722485609,no_weapon_share,3
snappi,ct,41,70.41463414634147,21.94207599736347,0.4634146341463415,0.2439024390243902,81.95121951219512,97.02439024390245,-15.073170731707316,10.560975609756095,0.3658536585365853,0.024390243902439,0.0,0.0,0.0,0.1052631578947368,0.1612903225806451,0.2857142857142857,0.048780487804878,0.5789473684210527,0.0,2.292682926829268,0.8536585365853658,0.2195121951219512,0.6097560975609756,0.6097560975609756,0.0,2016.231645377413,150.78469421721306,693.4475260010095,118.0619642583028,0.9990158238553954,0.1145170308403449,8088.909311889194,1589.6109390979743,517.9495443438059,29.854859731727935,0.3978204166182483,0.1381408449862289,0.2345627488017128,0.1129265779558194,0.6070989093097404,0.084743172228363,15.358373274198984,0.5139412052949247,0.4175319548989281,0,-5.59541304735128,-0.435477056409919,no_weapon_share,3
snax,ct,299,68.81939799331104,26.515670289916912,0.6086956521739131,0.3478260869565217,85.4648829431438,91.69565217391305,-6.230769230769231,6.826086956521739,0.2508361204013378,0.0267558528428093,0.0,0.0,0.0,0.1538461538461538,0.1641025641025641,0.4666666666666667,0.1471571906354515,0.7692307692307693,0.0,2.3344481605351173,0.6588628762541806,0.5150501672240803,0.6086956521739131,0.5518394648829431,0.0,2058.0597124457463,158.56878339649597,682.4178368592507,157.22550989519289,0.9871582249366098,0.1525894199177754,8412.438363841902,1533.408302225111,531.8222039383064,87.69145820429827,0.3444045144397534,0.0756757381528787,0.2089231513019927,0.0685613528852298,0.5849307790782302,0.0660687719454113,16.6838961975579,0.621112325294292,0.4802365170736919,0,-2.2892692995897304,-0.009186967260519234,no_weapon_share,3
snow,ct,282,79.87234042553192,25.90365190977652,0.7588652482269503,0.4042553191489361,105.32978723404256,89.26950354609929,16.06028368794326,4.75886524822695,0.2695035460992908,0.0390070921985815,0.219626168224299,0.244047619047619,0.3120567375886525,0.1214953271028037,0.119047619047619,0.5652173913043478,0.1879432624113475,0.6869158878504673,0.0233644859813084,2.141843971631206,0.5141843971631206,0.4184397163120567,0.6063829787234043,0.6028368794326241,0.0,1970.7097047029035,142.12410166910163,670.5119083402252,160.14996417455006,0.9278885715353916,0.1199447875354895,8248.809654245379,1248.366848231495,459.36567145061,100.95597323093708,0.3731644271116041,0.1010324054200706,0.2271359143158267,0.0813175794222345,0.6069393068798702,0.0543794167399909,17.987106604873578,0.7375554634316753,0.5218258987353608,0,-0.15572808346687517,0.39539626731809147,no_weapon_share,3
sonic,ct,176,83.66477272727273,37.35791577587889,0.7102272727272727,0.3579545454545454,102.3465909090909,93.6534090909091,8.693181818181818,8.090909090909092,0.2727272727272727,0.0113636363636363,0.0,0.0,0.0,0.2,0.247787610619469,0.4716981132075472,0.1704545454545454,0.792,0.0,2.846590909090909,0.7045454545454546,0.7954545454545454,0.5795454545454546,0.7613636363636364,0.0056818181818181,1989.5749297721063,167.5701015103669,605.2606983875986,139.1116074334409,0.9351092365692488,0.150211639540826,8319.630082924734,1108.627340091048,487.9909511721588,56.04102965903744,0.3766149789085398,0.0910592196682392,0.2067801884262288,0.069379576994147,0.5914463582559181,0.0480846296002837,20.99480816966681,0.7768218711275997,0.6271551737553563,0,-2.5570372811128084,2.5482838516686193,no_weapon_share,3
soulfly,ct,303,71.8019801980198,22.07935865698331,0.6237623762376238,0.3828382838283828,87.35643564356435,87.65676567656766,-0.3003300330033003,2.6204620462046204,0.2442244224422442,0.0264026402640264,0.1957671957671957,0.2459893048128342,0.2739273927392739,0.1269841269841269,0.1122994652406417,0.5333333333333333,0.1419141914191419,0.7248677248677249,0.0,1.8613861386138613,0.2673267326732673,0.2805280528052805,0.7656765676567657,0.5478547854785478,0.0,2039.5246043338736,138.5609202585106,823.1470848038222,207.1308311434408,1.1184300444896174,0.0904606882671483,8173.608463248047,1210.139481543026,549.308038183708,128.37289790988726,0.3427297494436606,0.0913707323503486,0.1872285004172257,0.0528518541333343,0.6187184912760029,0.0557339427490532,13.440656031901907,0.5654270937382938,0.3837629907660523,2,-0.1794748162606082,-3.3651975271687213,no_weapon_share,3
spinx,ct,463,76.55075593952483,22.4418724619524,0.6954643628509719,0.3974082073434125,95.6976241900648,90.55939524838011,5.138228941684665,5.248380129589632,0.244060475161987,0.0237580993520518,0.0,0.0,0.0,0.2080745341614907,0.1541218637992831,0.6090909090909091,0.1576673866090712,0.7950310559006211,0.0,1.857451403887689,0.4751619870410367,0.4125269978401727,0.4470842332613391,0.5226781857451404,0.0,1982.7637131910856,187.656577473705,682.1352332102624,149.68331911953226,0.952173896329529,0.1430351315714527,8107.546275482011,1471.2353723945816,517.8453630014214,111.56333747843512,0.388983443301741,0.104782294273627,0.2427401223232816,0.0690907054749786,0.6154333420527731,0.0563974858737286,14.693518931922087,0.6175447965683842,0.4415156811523643,0,-1.294002124853587,-0.5557672929253668,no_weapon_share,3
staehr,ct,141,93.97872340425532,23.691805010560294,0.8794326241134752,0.4042553191489361,118.83687943262412,86.88652482269504,31.95035460992908,8.27659574468085,0.2340425531914893,0.0212765957446808,0.0,0.0,0.0,0.1532258064516129,0.1309523809523809,0.6333333333333333,0.226950354609929,0.8387096774193549,0.0,2.858156028368794,0.8297872340425532,0.7659574468085106,0.6028368794326241,0.6595744680851063,0.0,1987.4687753233056,105.49720352476918,574.2107286230627,106.82006719585476,0.8926401025724863,0.1307457437749304,8740.614636063794,1355.8152482263308,465.5242695414289,59.2725333480744,0.363783238048918,0.0812267105042633,0.2040152859541497,0.0732925313483668,0.5647523356996403,0.0514013262546832,10.324420025142024,0.6088960950273109,0.4054594331270019,0,0.3239795072178734,4.9147635362338695,no_weapon_share,3
starry,ct,110,71.46363636363637,33.034418743182165,0.5636363636363636,0.3545454545454545,89.61818181818182,91.54545454545456,-1.9272727272727272,4.9818181818181815,0.2636363636363636,0.009090909090909,0.0,0.0,0.0,0.1451612903225806,0.1971830985915492,0.391304347826087,0.1272727272727272,0.6290322580645161,0.0806451612903225,1.9727272727272729,0.5272727272727272,0.509090909090909,0.4909090909090909,0.4454545454545454,0.0,2074.6469824268825,140.51607780540917,767.1368591974192,206.95551838624695,1.0140583780905248,0.1660123592035503,8657.039123141118,1637.3082931557226,510.8866765343952,92.54430475438798,0.3175361604003414,0.0704996426650438,0.2053638441650884,0.0598433878123008,0.6092331396765996,0.0537910508392778,22.76969837948008,0.6954410455698226,0.5856820253424737,2,-1.795151574583426,-1.8053094365576514,no_weapon_share,3
stavn,ct,41,68.5609756097561,24.898014819967248,0.7804878048780488,0.4146341463414634,107.17073170731707,102.04878048780488,5.121951219512195,1.048780487804878,0.0,0.0,0.34375,0.125,0.3414634146341463,0.09375,0.0833333333333333,0.6,0.2195121951219512,0.03125,0.71875,1.6829268292682926,0.3658536585365853,0.6341463414634146,0.4390243902439024,0.2439024390243902,0.0,2130.3404264543806,53.144498120812855,682.368077717053,74.4955545452265,0.9881315149691312,0.063669542054766,8732.454133553656,1553.025788735019,563.9546971790794,81.23426084623499,0.2920091745090261,0.0823076247609718,0.1419377803767691,0.0284670257120442,0.6044779104998563,0.0791501107203679,19.501899242742336,0.7317794949072204,0.605885193761157,1,4.557135155115924,-2.750830805060808,no_weapon_share,3
story,ct,128,63.46875,19.395841908017594,0.6875,0.4921875,93.921875,76.421875,17.5,4.703125,0.078125,0.015625,0.125,0.2307692307692307,0.203125,0.1818181818181818,0.1846153846153846,0.5714285714285714,0.171875,0.1363636363636363,0.6477272727272727,1.828125,0.3984375,0.546875,0.484375,0.3984375,0.0,2151.436245659911,94.28595562736724,739.1744064519114,74.29894165562987,0.9822822986282151,0.0684261009509361,8545.922845689036,1156.1838865584991,556.2194537742458,62.48965234409561,0.2415671975808165,0.0464297151745673,0.1399954391408822,0.0413547946837205,0.6079995326661366,0.0502432607089264,15.210645637609014,0.6152445957606595,0.4156309820913181,1,4.691475771573092,-1.9428951780514971,no_weapon_share,3
stressarn,ct,147,74.19727891156462,29.75499920402949,0.7346938775510204,0.3809523809523809,92.52380952380952,87.65306122448979,4.870748299319728,4.802721088435374,0.2244897959183673,0.0136054421768707,0.0,0.0,0.0,0.1018518518518518,0.1208791208791208,0.5,0.1768707482993197,0.7685185185185185,0.0,2.020408163265306,0.5102040816326531,0.4897959183673469,0.5238095238095238,0.4965986394557823,0.0,2002.561523747314,180.32864421226844,640.8572014579678,145.62169163436909,0.8831462122761659,0.1391637571655081,8954.033036867362,777.6732150572758,500.3716064540928,90.99443649613134,0.3650479333700656,0.108173132961601,0.2331419499967827,0.0545065788653755,0.5664765098023803,0.0561704034024055,17.67478898904472,0.7569552456087678,0.4324642368211721,0,-1.1213052210183672,0.6368404270605393,no_weapon_share,3
sunpayus,ct,415,77.15180722891566,30.797617552262693,0.7807228915662651,0.4939759036144578,113.9421686746988,72.43373493975903,41.50843373493976,3.544578313253012,0.1879518072289156,0.0506024096385542,0.0,0.0,0.0,0.2160493827160493,0.119047619047619,0.7368421052631579,0.1903614457831325,0.1944444444444444,0.6296296296296297,2.2,0.4,0.6746987951807228,0.6457831325301204,0.4795180722891566,0.0,2174.492271934079,154.74057118624896,749.9015995200983,122.8574870568128,0.963847281164652,0.1128529940884448,8198.16405473011,1351.8850203430002,601.0957855703766,107.38386936103028,0.2411248404939017,0.078258861349478,0.1617496563341652,0.0904626102628139,0.6336748409201577,0.0590505707584235,15.320097982045842,0.7198073545724417,0.5415346994531167,1,3.4772600993434524,0.053407637652373184,no_weapon_share,3
susp,ct,146,67.82191780821918,25.38585051310317,0.6506849315068494,0.4383561643835616,82.6986301369863,84.39041095890411,-1.6917808219178083,1.6164383561643836,0.1301369863013698,0.0,0.2421052631578947,0.2439024390243902,0.2945205479452055,0.1052631578947368,0.1341463414634146,0.4761904761904761,0.1575342465753424,0.6631578947368421,0.0,1.7602739726027397,0.5205479452054794,0.2465753424657534,0.5753424657534246,0.4178082191780822,0.0,2094.1277076086617,188.76190142743712,927.952218807703,305.8556812123338,1.132647435168634,0.2001781140582182,8922.214406494157,1184.161339691427,598.3979792151773,173.43544350697383,0.318418004280689,0.1212531750980087,0.2179956754233215,0.0790816729644414,0.5724854991565308,0.0545037877460315,12.650471672095753,0.6926414217440696,0.4983317648926098,2,-1.227695591856715,-4.080617569016102,no_weapon_share,3
swisher,ct,237,79.40084388185655,27.167002679641936,0.6962025316455697,0.3713080168776371,95.21518987341771,94.1181434599156,1.0970464135021096,9.472573839662449,0.3037974683544304,0.0379746835443038,0.0,0.0,0.0,0.1636363636363636,0.1275167785234899,0.5869565217391305,0.1518987341772152,0.7575757575757576,0.0,3.109704641350211,0.7763713080168776,0.7848101265822784,0.7932489451476793,0.7510548523206751,0.0042194092827004,2057.495488924779,226.8919691730516,773.4340329927467,154.13623494741566,0.980067706311957,0.0881895305920916,10068.757413698451,1481.9048261364176,508.8345033093748,69.33049905411433,0.3615901569657416,0.0978190395758162,0.2261643367161628,0.0633155571415622,0.5553686623253162,0.0478011694510763,22.35249965352297,0.6126460911740885,0.4672510336637261,0,-3.178878600712974,3.6415248834009946,no_weapon_share,3
tabsen,ct,172,80.05813953488372,22.15447971092407,0.6744186046511628,0.4593023255813953,95.74418604651164,78.33720930232558,17.406976744186046,7.738372093023256,0.3023255813953488,0.0406976744186046,0.0,0.0,0.0,0.1206896551724138,0.2150537634408602,0.4117647058823529,0.1627906976744186,0.7155172413793104,0.0172413793103448,2.5348837209302326,0.627906976744186,0.5406976744186046,0.7209302325581395,0.6453488372093024,0.0,2122.548602890369,134.35954115223657,766.2906570973248,167.68742814877663,1.03561450258241,0.1282457366274672,8565.656646253641,1884.8653244206569,526.9982062590047,111.43003817091292,0.3051418031683627,0.0590705074830771,0.196049112771031,0.0754807779582966,0.5820741238362156,0.0529026829941486,10.566039466449793,0.645378881928607,0.3783591582806274,2,-0.8965265690691296,1.2552887519599882,no_weapon_share,3
tauson,ct,299,70.07357859531773,33.42245514622658,0.6421404682274248,0.3879598662207358,86.50501672240803,86.94314381270902,-0.4381270903010033,3.3076923076923075,0.2107023411371237,0.020066889632107,0.0,0.0,0.0,0.09375,0.087431693989071,0.5294117647058824,0.1705685618729097,0.6875,0.0,2.130434782608696,0.5418060200668896,0.3010033444816054,0.705685618729097,0.5819397993311036,0.0,2130.882641291332,178.18714025145843,803.1441006135781,270.5185913043692,1.0649956362508068,0.2007289516992579,8837.683686193077,1472.3107712146125,565.4206736615636,151.94607179512735,0.3238746330927784,0.0969172775533339,0.1840611724456199,0.0883014672176532,0.5757707370874303,0.0728923499194172,23.435733184424848,0.9400025831518436,0.6390835204135306,2,-2.381312050713578,-1.6234420331741202,no_weapon_share,3
techno4k,ct,418,71.20813397129187,34.30507164060726,0.6674641148325359,0.4019138755980861,87.87081339712918,86.29665071770334,1.5741626794258374,6.535885167464115,0.2200956937799043,0.0263157894736842,0.0,0.0,0.0,0.1362007168458781,0.104,0.59375,0.1674641148325359,0.7060931899641577,0.003584229390681,2.11244019138756,0.5023923444976076,0.4138755980861244,0.5933014354066986,0.6028708133971292,0.0,2047.5263844696483,163.5825636245067,785.6580206249653,213.81178540299464,0.9901069892455278,0.1419824767975295,9488.355955294235,1554.025387501498,547.140986828611,103.3903192904695,0.3622281422594716,0.1027649894381476,0.2204881605199211,0.0571872686440483,0.544138328519263,0.0484395391333888,15.84827894514534,0.8046954708753375,0.5224628766630474,2,-1.6852172903007812,0.34923546683649015,no_weapon_share,3
tenzy,ct,187,80.80213903743315,34.64085112871996,0.786096256684492,0.3850267379679144,103.91978609625669,91.77005347593582,12.149732620320856,5.021390374331551,0.2245989304812834,0.0106951871657754,0.272108843537415,0.2782608695652174,0.3850267379679144,0.1224489795918367,0.1130434782608695,0.5806451612903226,0.1871657754010695,0.8027210884353742,0.0,1.9572192513368984,0.3636363636363636,0.4919786096256685,0.5721925133689839,0.5294117647058824,0.0,2036.1351110006597,130.24367780223457,808.8708162847481,145.75990206330084,1.0264679009850053,0.1154110434648324,9162.74459297061,1360.4291836322343,536.6728428988446,64.54264859017941,0.3573727086022071,0.0536337896842479,0.1990409724746375,0.0468120847449589,0.5689338528022907,0.0421168580615433,19.44476391484732,0.7509952586695378,0.5693454345411765,2,1.460214583638959,-0.6878481652449352,no_weapon_share,3
teses,ct,603,72.71310116086235,20.849467699012127,0.6849087893864013,0.3930348258706467,93.41293532338308,90.11608623548922,3.296849087893864,3.749585406301824,0.2106135986733001,0.0265339966832504,0.0,0.0,0.0,0.1162227602905569,0.1256830601092896,0.5106382978723404,0.1724709784411277,0.7167070217917676,0.0048426150121065,2.472636815920398,0.5190713101160862,0.4676616915422885,0.8225538971807629,0.6633499170812603,0.0,2047.394372889064,169.2695976008686,886.3528661767205,220.1177335701728,1.1071681935733038,0.1616327517224214,8651.148384475055,1214.680073917384,580.3567523932898,140.86296498415754,0.3501008030498897,0.0827909146001322,0.2184847926507382,0.0670816958533776,0.5901190129193632,0.0470794574312632,13.060410587018795,0.494394474341247,0.3366645156094374,2,-2.299569349447155,-0.8171442680687488,no_weapon_share,3
th0r,ct,53,83.33962264150944,28.51422646874909,0.7735849056603774,0.3584905660377358,115.09433962264151,90.37735849056604,24.71698113207547,3.5283018867924527,0.1698113207547169,0.0377358490566037,0.0,0.0,0.0,0.2682926829268293,0.0,1.0,0.1886792452830188,0.1951219512195122,0.5609756097560976,1.8867924528301887,0.320754716981132,0.8113207547169812,0.5660377358490566,0.1886792452830188,0.0,2170.6632357658623,96.10225885927474,726.2741258971835,138.439797362112,1.008495676437808,0.1280070800848985,9336.6913095117,490.9828226086117,511.1974649149136,94.30073851873716,0.3010219815038721,0.074161436578822,0.1333806301495629,0.0768570963877762,0.5898425954709308,0.0187409250701958,10.155681172737973,0.6001958978039925,0.3842285685681839,1,4.273236314346209,-0.33563705668726707,no_weapon_share,3
tjp,ct,46,66.95652173913044,24.58126818383784,0.6086956521739131,0.391304347826087,86.15217391304348,87.84782608695652,-1.6956521739130437,3.652173913043478,0.2391304347826087,0.0652173913043478,0.0,0.0,0.0,0.1071428571428571,0.0714285714285714,0.6,0.1521739130434782,0.8571428571428571,0.0,2.630434782608696,0.6521739130434783,0.8478260869565217,0.6086956521739131,0.5217391304347826,0.0,2213.596039292873,240.6743851562009,981.038750893531,159.92432148415594,1.1047595472670446,0.1309194845618575,9203.977500505323,1180.874758028065,566.104607871972,126.25418589267473,0.3061128458918088,0.0886328876365393,0.1831103651958406,0.0578299051883544,0.6009966164053716,0.0441595201132235,7.439403700744406,0.6037881792439053,0.2917171820430032,2,-0.9266704632901057,-0.5061284008999214,no_weapon_share,3
tn1r,ct,364,77.17307692307692,34.310137552362846,0.7225274725274725,0.4065934065934066,96.16208791208793,85.47802197802197,10.684065934065934,3.851648351648352,0.2225274725274725,0.0219780219780219,0.0,0.0,0.0,0.1749049429657794,0.1527777777777778,0.5822784810126582,0.1785714285714285,0.7756653992395437,0.0038022813688212,2.6565934065934065,0.4972527472527472,0.695054945054945,0.7225274725274725,0.7417582417582418,0.0,2005.0238983453132,140.20958534117068,808.219152469384,197.59395626440303,1.0603995157371833,0.1334559772813998,8234.949570865454,1166.2727246111328,587.6424049142099,117.5191593993942,0.3270831795867513,0.0919297966449028,0.2162786635640134,0.0820395364673346,0.5918138460554238,0.0496323265316941,14.748017457414589,0.7330644629074436,0.5377631107526203,2,-1.5229777921200665,0.17021965108508252,no_weapon_share,3
torzsi,ct,463,78.85313174946005,25.51161027885305,0.816414686825054,0.4946004319654428,120.9913606911447,76.7818574514039,44.20950323974082,4.356371490280778,0.1576673866090712,0.0410367170626349,0.1851851851851851,0.2435897435897435,0.2742980561555075,0.1746031746031746,0.141025641025641,0.6666666666666666,0.2159827213822894,0.2116402116402116,0.5502645502645502,1.8336933045356367,0.3693304535637149,0.4492440604751619,0.5572354211663066,0.4578833693304535,0.0,2106.406089168813,109.33676886054194,701.093541983474,102.73610454794404,0.9882197242190582,0.1031312820415698,8563.148810737079,1279.660536512101,552.6950254020918,68.7753124939224,0.2855707395007817,0.0743775197637218,0.1638838893504162,0.0642973503033071,0.6160368747340133,0.048678053346224,13.928664271980232,0.6635398293048115,0.4578435146805837,1,4.845367865976453,-0.20482028900451607,no_weapon_share,3
try,ct,56,78.60714285714286,21.853790945678163,0.8035714285714286,0.5714285714285714,123.28571428571428,67.67857142857143,55.60714285714285,2.482142857142857,0.1607142857142857,0.0,0.2,0.1666666666666666,0.2321428571428571,0.2444444444444444,0.0833333333333333,0.8461538461538461,0.2142857142857142,0.2,0.6,1.5178571428571428,0.3214285714285714,0.3571428571428571,0.4821428571428571,0.3571428571428571,0.0,2135.3287536416824,109.87679025769512,704.5093873263501,115.6445707253014,0.9802578763001942,0.1071562736265236,9169.895599110465,547.248187943273,535.1731571911122,47.83565475933069,0.2362342642669924,0.0851789654516618,0.1470006789844056,0.0668116869385024,0.5776453493249221,0.0326152503904093,10.093728049188014,0.5587049758146064,0.2572468341937683,1,7.152681006273235,-0.18012726515698008,no_weapon_share,3
twistzz,ct,70,88.7,21.95208942150532,0.8857142857142857,0.3714285714285714,111.37142857142857,100.94285714285714,10.428571428571429,7.385714285714286,0.2,0.0428571428571428,0.0,0.0,0.0,0.1290322580645161,0.2045454545454545,0.4705882352941176,0.2285714285714285,0.8064516129032258,0.0,2.8857142857142857,0.5714285714285714,0.9857142857142858,0.7,0.6285714285714286,0.0,2011.1450085645365,96.41933713984004,732.7648996225731,91.84424177867302,1.0592215343015077,0.1511892962267168,8617.907179926251,1259.1267548229712,562.8442232394686,106.50640821663416,0.3268286511198381,0.0593061190270662,0.1901481191929851,0.0555108868251096,0.5956107822589648,0.0569895082112074,8.838968381883344,0.6731006990194023,0.3394384086461819,0,-0.39440703832222795,2.193386788250517,no_weapon_share,3
ultimate,ct,210,76.45714285714286,24.211059587439756,0.7714285714285715,0.4285714285714285,107.08095238095238,78.74761904761905,28.33333333333333,1.7142857142857142,0.1619047619047619,0.0380952380952381,0.1604938271604938,0.25,0.2666666666666666,0.2222222222222222,0.125,0.7058823529411765,0.1761904761904762,0.2222222222222222,0.5493827160493827,1.4952380952380953,0.3809523809523809,0.3476190476190476,0.4476190476190476,0.319047619047619,0.0,2103.65104213212,98.44380344498153,725.2735400036258,130.79897684355308,1.005306296626495,0.1361299539971943,7654.538060113125,1233.3635446026303,552.9760062216145,75.77458297228027,0.2921156590663348,0.0833485001377605,0.1714035150745059,0.0582376427881655,0.6385241664047135,0.0504005054328382,17.776189990683402,0.6467949518960932,0.4781213225328516,1,4.239378852830042,-2.7756538168653653,no_weapon_share,3
v$m,ct,282,73.43617021276596,26.35302670638248,0.6170212765957447,0.3404255319148936,92.16312056737588,90.53191489361704,1.6312056737588652,4.333333333333333,0.2411347517730496,0.0070921985815602,0.0632183908045977,0.1827956989247312,0.1595744680851064,0.1149425287356321,0.1720430107526881,0.3846153846153846,0.1524822695035461,0.735632183908046,0.0114942528735632,2.3049645390070923,0.4113475177304964,0.5460992907801419,0.7269503546099291,0.6205673758865248,0.0,2095.497629145512,149.36692475544993,808.9059534903183,166.0899808982139,1.0863489010394771,0.0984542581286962,8287.8649699011,1336.0262404170828,576.2707263808686,124.57140127989793,0.3385846818050431,0.0892138971827876,0.2079834395060239,0.0668593536730575,0.6065884686380213,0.0606989309930309,13.662638227507507,0.5931221296357652,0.4585803685613966,2,-1.6032647048240054,-1.8879936120111556,no_weapon_share,3
venomzera,ct,198,84.6969696969697,30.10734607159634,0.8737373737373737,0.4141414141414141,107.78282828282828,88.68181818181819,19.1010101010101,3.015151515151515,0.2424242424242424,0.0202020202020202,0.1560693641618497,0.3706896551724138,0.3535353535353535,0.1791907514450867,0.0948275862068965,0.7380952380952381,0.207070707070707,0.815028901734104,0.0,1.8585858585858583,0.3434343434343434,0.4545454545454545,0.5959595959595959,0.4646464646464646,0.0,2021.7020591363644,187.07202721555103,634.9900204719302,137.43582901612783,0.8982411813844585,0.1514566116187157,9292.183205377263,1685.4130757571884,454.5034300582175,61.315609766530216,0.3761262343756651,0.0807208494224688,0.2130251954677273,0.0639540387386529,0.5386051347204244,0.0683471899783455,14.270791919925752,0.7856903546217061,0.56191891286741,0,1.7041154977155972,1.4720006520639204,no_weapon_share,3
vexite,ct,128,88.875,24.95114651019842,0.7890625,0.421875,112.234375,86.2265625,26.0078125,8.375,0.234375,0.015625,0.0,0.0,0.0,0.1782178217821782,0.1756756756756756,0.5806451612903226,0.21875,0.7722772277227723,0.0,2.625,0.59375,0.46875,0.8359375,0.71875,0.0078125,1999.5362526341776,185.84042006753967,751.0907446626949,159.2667451365826,0.9775751495780708,0.1285109626234009,8099.148101076895,1553.5995555759891,484.70723434891306,101.41364961156236,0.3994951773620738,0.0949604887324036,0.269346131101388,0.0717440144539676,0.6017264889373729,0.0707801081044561,13.494861945933769,0.6099921998937812,0.4291513745392274,0,-1.8794331750698592,2.504204971626264,no_weapon_share,3
w0nderful,ct,344,79.95348837209302,26.427843351678437,0.8633720930232558,0.4854651162790697,123.3953488372093,74.80813953488372,48.58720930232558,3.581395348837209,0.1598837209302325,0.0348837209302325,0.2222222222222222,0.3107344632768362,0.3517441860465116,0.2053872053872054,0.1186440677966101,0.7439024390243902,0.2383720930232558,0.303030303030303,0.494949494949495,1.7180232558139534,0.2994186046511627,0.5319767441860465,0.5290697674418605,0.3575581395348837,0.0,2134.4735581618934,133.45701622525874,754.2674426463204,115.15081730225886,1.0008715526798808,0.1018548690691348,8952.353652553044,1159.552166624428,537.3219909821622,68.03577521992851,0.2683471649908885,0.0606824008142296,0.150269212025481,0.0450398639930679,0.5809463083687626,0.0436949569404124,11.05711254272909,0.6390999708940533,0.4238791613442876,1,6.259872661665078,-0.009720995443689902,no_weapon_share,3
westmelon,ct,110,80.78181818181818,37.85838598779852,0.7,0.3454545454545454,99.02727272727272,93.93636363636364,5.090909090909091,9.245454545454546,0.2909090909090909,0.0818181818181818,0.1558441558441558,0.2638888888888889,0.2818181818181818,0.1558441558441558,0.1388888888888889,0.5454545454545454,0.1909090909090909,0.7532467532467533,0.0,2.8545454545454545,0.6818181818181818,0.7636363636363637,0.8636363636363636,0.5454545454545454,0.0,2045.0865538001428,122.46270606822884,651.6972445424078,95.59831676701502,0.8872870030110618,0.1240145114556087,8667.868296646617,1622.8561183367897,473.58629102722176,83.43312823816652,0.3801107728971887,0.1051281230338652,0.2464437101335399,0.0808159873580189,0.596591784291077,0.055173857639106,16.666666666666668,0.9184197252164537,0.7019947868800902,0,-1.6398983820802955,2.615584853688029,no_weapon_share,3
wicadia,ct,303,91.82178217821782,22.596340596064078,0.8778877887788779,0.363036303630363,116.48514851485147,93.07920792079209,23.405940594059405,4.082508250825082,0.2112211221122112,0.0231023102310231,0.0,0.0,0.0,0.150375939849624,0.1398963730569948,0.5970149253731343,0.2343234323432343,0.7293233082706767,0.0300751879699248,2.1485148514851486,0.5874587458745875,0.33003300330033,0.6633663366336634,0.5676567656765676,0.0,1951.0076461774663,182.2025794771207,720.6421755814683,182.9796702621574,0.9922307711637472,0.1202053727018304,9039.472215697053,1786.4043207214672,540.7403185641053,93.00311513605914,0.4016942238813348,0.1315578624634188,0.2626994724526296,0.0790821052195408,0.5702109652278694,0.0612511864648237,10.271619776817388,0.493820545171354,0.3384902081746008,0,-1.4306110883555898,1.8915693375003024,no_weapon_share,3
woxic,ct,303,76.45544554455445,18.10570348717309,0.7260726072607261,0.4719471947194719,117.04290429042904,78.82838283828383,38.21452145214521,2.6204620462046204,0.1419141914191419,0.0231023102310231,0.1636363636363636,0.20625,0.2277227722772277,0.2136363636363636,0.15,0.6619718309859155,0.165016501650165,0.1272727272727272,0.6590909090909091,1.5577557755775575,0.3399339933993399,0.495049504950495,0.3135313531353135,0.4059405940594059,0.0033003300330033,2087.860091279702,109.26142787039632,688.0368564515333,113.9851536336038,0.9719858853247554,0.1012416957149305,8607.478781772355,1138.0653120099998,517.0000582475235,65.55136733696303,0.2736660638568737,0.0819422402397756,0.139792198569617,0.0472712288598744,0.6148629156411473,0.0382420474510969,12.111365950427937,0.4568829323676786,0.3348179559815551,1,5.126722244459204,-1.4567665649926194,no_weapon_share,3
x5g7v,ct,85,74.10588235294118,12.41600379130792,0.5411764705882353,0.3176470588235294,88.47058823529412,93.7764705882353,-5.305882352941176,4.729411764705882,0.4235294117647059,0.0823529411764705,0.0,0.0,0.0,0.1304347826086956,0.1379310344827586,0.4285714285714285,0.0941176470588235,0.7391304347826086,0.0,3.4705882352941178,1.1058823529411763,0.7529411764705882,0.8588235294117647,0.7529411764705882,0.0,2008.0949304043224,116.25042682637962,625.9711633406762,165.54330542538798,0.9005372928011983,0.1636792305252543,11021.252601506178,2551.1693501693508,541.9002449039277,88.84615825795531,0.3399861323885982,0.0848698323559492,0.199959034411418,0.069343419993272,0.5359476902026865,0.0704969669924984,6.215934047817402,0.1768073696624612,0.1411183936550798,0,-4.7748463450805625,4.919425552541669,no_weapon_share,3
xantares,ct,303,84.61386138613861,22.54994083099735,0.7425742574257426,0.3828382838283828,104.54125412541254,89.5940594059406,14.947194719471948,7.643564356435643,0.2541254125412541,0.0231023102310231,0.0,0.0,0.0,0.1777777777777777,0.1336898395721925,0.6153846153846154,0.1815181518151815,0.8044444444444444,0.0222222222222222,1.8745874587458744,0.5643564356435643,0.3696369636963696,0.4719471947194719,0.4686468646864686,0.0,1979.7379606329912,118.50289394660624,627.1681026758318,91.21824071171469,0.917250305143566,0.1179122812796732,8955.115129201738,1459.415953366466,480.66500217569984,77.834433879877,0.3445646741668537,0.0973802687476212,0.1906380217876692,0.0598916361212726,0.5915519582241796,0.0484751144363818,11.99678454862689,0.5928244385988148,0.3611686329115776,0,0.5852125303734511,1.2169151425628122,no_weapon_share,3
xeedo,ct,85,74.32941176470588,26.11655473482157,0.7176470588235294,0.4,96.2470588235294,88.08235294117647,8.16470588235294,5.1647058823529415,0.2235294117647059,0.0588235294117647,0.1639344262295081,0.2745098039215686,0.2823529411764706,0.2131147540983606,0.0980392156862745,0.7222222222222222,0.1411764705882353,0.6721311475409836,0.0,2.011764705882353,0.4235294117647059,0.4,0.6235294117647059,0.5647058823529412,0.0,2090.0238770235064,180.8956500278301,784.631597654088,168.04287720235376,1.0948418247439715,0.1920125993932488,10351.876714931172,1872.3798016332128,595.1365166333509,137.56131163186,0.332731199047082,0.0957542409003374,0.214241534260514,0.0890637153834028,0.5333985609643832,0.0546244583387125,9.026410277429818,0.7843385799624372,0.50918954611746,2,-0.28353485778763815,-0.24406846404848656,no_weapon_share,3
xelex,ct,463,71.92224622030237,30.207868550712902,0.6781857451403888,0.4211663066954643,92.82505399568036,83.49676025917927,9.32829373650108,3.0669546436285096,0.2224622030237581,0.0367170626349892,0.1942675159235669,0.2686567164179104,0.2872570194384449,0.1242038216560509,0.1119402985074626,0.5652173913043478,0.1598272138228941,0.7388535031847133,0.0031847133757961,2.0345572354211665,0.4794816414686825,0.4341252699784017,0.5658747300215983,0.5550755939524838,0.0,2012.5328251441808,147.75590814060232,749.8746425765083,268.0717254244624,1.003593497624795,0.1723108783842497,8501.00224864558,1552.532811882027,525.3267281226291,124.67542872824436,0.3566386098499055,0.0871807007020889,0.2138411076757193,0.056722834387075,0.5890587865205131,0.0536364185285362,17.46256752450551,0.6926013858663003,0.5031548914544106,2,-0.4734308084913318,-1.3522794983895146,no_weapon_share,3
xerolte,ct,69,65.28985507246377,25.186633520460383,0.5362318840579711,0.4202898550724637,83.47826086956522,82.42028985507247,1.0579710144927537,7.623188405797101,0.3478260869565217,0.0579710144927536,0.1621621621621621,0.15,0.1739130434782608,0.081081081081081,0.225,0.25,0.0869565217391304,0.8378378378378378,0.0,2.072463768115942,0.5362318840579711,0.5507246376811594,0.391304347826087,0.5942028985507246,0.0,2115.3294186219136,255.5758290941742,806.0244837493968,215.6632343828098,1.0515897888510757,0.1378250556018021,8278.234613139988,1465.1347832604715,552.1667893489414,136.17871379057925,0.3428786410972083,0.11847353298608,0.20205889600875,0.0829003859509606,0.5910996063389403,0.0666292966751606,23.41945692066871,0.6476237442931934,0.5060885798054912,2,-3.0879607261943316,-1.8705167526288335,no_weapon_share,3
xertion,ct,463,101.9071274298056,30.819384624692656,0.896328293736501,0.4341252699784017,123.36285097192224,85.19006479481641,38.17278617710584,11.06047516198704,0.2980561555075594,0.0259179265658747,0.0,0.0,0.0,0.2024096385542168,0.1450381679389313,0.6885245901639344,0.2332613390928725,0.8313253012048193,0.0,2.8185745140388767,0.7796976241900648,0.5615550755939525,0.7537796976241901,0.7213822894168467,0.0021598272138228,2009.8205329525688,169.13834787704178,649.8076970041341,172.57759809342429,0.9274044929443114,0.1624623299127464,9240.597328974018,1526.5561414144977,526.3160067198363,122.48193333545866,0.3456311552739751,0.0878928049501726,0.2208786538401762,0.0655269462613021,0.5605745332875375,0.0608324821003469,15.710559134928811,0.8013354486403983,0.5734889234181102,0,-0.7908836625662584,5.033577723720289,no_weapon_share,3
xfl0ud,ct,146,77.53424657534246,36.80226271383757,0.636986301369863,0.3561643835616438,92.88356164383562,99.63013698630137,-6.7465753424657535,12.582191780821915,0.3424657534246575,0.0205479452054794,0.1720430107526881,0.2127659574468085,0.2465753424657534,0.2043010752688172,0.2340425531914893,0.4634146341463415,0.1575342465753424,0.6666666666666666,0.010752688172043,2.3698630136986303,0.773972602739726,0.4794520547945205,0.5616438356164384,0.5547945205479452,0.0,2046.3288152161351,132.4181525379578,723.4672231594957,143.02968306819977,0.9504392306853954,0.1821205110433978,8703.914564507053,1515.5025947433153,529.9902059817942,116.93392973361412,0.3199630962049091,0.0670326974821636,0.1915250364391945,0.0537799868792768,0.6016438662403452,0.0477115862582854,17.592322072948964,0.7507664045611571,0.5629849730065174,0,-1.946415488978777,0.4262392874255672,no_weapon_share,3
xielo,ct,245,77.71428571428571,35.44589749878114,0.7591836734693878,0.3591836734693877,103.4408163265306,93.86530612244898,9.575510204081631,6.963265306122449,0.2285714285714285,0.0122448979591836,0.0,0.0,0.0,0.0967741935483871,0.1337579617834395,0.4615384615384615,0.1877551020408163,0.7311827956989247,0.010752688172043,2.3346938775510204,0.6489795918367347,0.4938775510204081,0.636734693877551,0.5551020408163265,0.0,2045.422186495136,167.77096118402707,782.8394729653162,170.48614387609666,1.0088310994893774,0.1476499719059283,9699.172785810615,1621.586862092456,520.1875216187813,88.32009790949256,0.339785420292173,0.0902338784653071,0.2129445345290467,0.0588024601010357,0.5621192591491018,0.0606102572628024,17.15944855976977,0.8099596665871043,0.529196127603254,0,-1.68651303774473,1.418058185934313,no_weapon_share,3
xkacpersky,ct,41,92.7560975609756,13.390352905204775,0.8048780487804879,0.2439024390243902,114.92682926829268,114.8048780487805,0.1219512195121951,4.682926829268292,0.3414634146341463,0.024390243902439,0.0,0.0,0.0,0.2424242424242424,0.1612903225806451,0.6153846153846154,0.1463414634146341,0.8484848484848485,0.0,1.975609756097561,0.5853658536585366,0.4146341463414634,0.5121951219512195,0.4634146341463415,0.0,1949.4715362055608,128.96802215182277,652.3314700655047,133.37357686743468,0.954212236254656,0.0440062122021759,8027.932756399143,745.3605695766331,502.4951954368349,30.232369179741507,0.3925294390068472,0.1147942015846438,0.2588701954902719,0.0877570644037135,0.6095045575464524,0.038325623704147,11.344765475923408,0.4855482654232795,0.337252798261808,0,-1.5029107907275,0.31394094454487625,no_weapon_share,3
yekindar,ct,310,90.21612903225808,31.656786313602904,0.8129032258064516,0.3903225806451613,113.47096774193548,89.06129032258065,24.40967741935484,10.696774193548388,0.3032258064516129,0.0451612903225806,0.0,0.0,0.0,0.2261904761904762,0.1428571428571428,0.6785714285714286,0.2258064516129032,0.7976190476190477,0.0119047619047619,2.6161290322580646,0.5870967741935483,0.6806451612903226,0.7064516129032258,0.6419354838709678,0.0,1992.799717686354,122.9991997770716,783.134650268456,144.95369391946778,1.0381490035248762,0.160875488387247,9529.724688563252,1139.881120238501,630.8246863088929,100.74119045160512,0.3637395072892666,0.0656104850158816,0.2723662509214579,0.078916170857632,0.5586357513290412,0.0482633629241742,11.940718596973264,0.6353283552948269,0.432845738346278,0,-1.0207285708657914,3.0527540106014106,no_weapon_share,3
yuurih,ct,310,71.30322580645161,31.28645766759634,0.6580645161290323,0.5161290322580645,86.91612903225807,73.18709677419355,13.729032258064516,2.8225806451612905,0.1935483870967742,0.032258064516129,0.2401960784313725,0.32,0.3129032258064516,0.0735294117647058,0.1266666666666666,0.4411764705882353,0.164516129032258,0.7549019607843137,0.0,2.693548387096774,0.5193548387096775,0.6903225806451613,0.8193548387096774,0.6645161290322581,0.0,2049.823688804827,186.1234478797088,786.0183057768061,267.965866625654,1.0050074162785216,0.1806265190915907,8513.022216747593,1349.1563922116993,545.7795359792915,115.61588645150536,0.3247461808586822,0.0850055854978981,0.2145188483665131,0.0603544775382636,0.6036580610122483,0.0568281928461638,13.164096009205709,0.7087758154980276,0.511043657044168,2,-0.650711272843716,-0.3627964876359762,no_weapon_share,3
yxngstxr,ct,146,79.07534246575342,18.85954371952857,0.7876712328767124,0.410958904109589,109.15753424657534,86.12328767123287,23.034246575342465,6.417808219178082,0.2054794520547945,0.0342465753424657,0.2782608695652174,0.1976744186046511,0.3356164383561644,0.1391304347826087,0.1162790697674418,0.6153846153846154,0.2123287671232876,0.3652173913043478,0.3565217391304348,1.5136986301369864,0.3287671232876712,0.4452054794520548,0.4315068493150685,0.3082191780821918,0.0,2083.453961631033,92.5919077956594,723.0273162333038,129.20539770482733,0.9470910211053344,0.1064216432131313,8194.693615553737,1254.930249185408,516.4595986021627,81.45049050788013,0.2926409868227515,0.0801987818660859,0.1836727022688947,0.0616694964180553,0.623417263314656,0.0594187874357832,11.4608414190855,0.3916872807331546,0.3266806521009346,1,3.8254524056405033,-1.5271982633747736,no_weapon_share,3
z4kr,ct,110,68.37272727272727,36.88484726147546,0.6363636363636364,0.3545454545454545,93.75454545454544,93.8,-0.0454545454545454,1.8363636363636364,0.2454545454545454,0.1363636363636363,0.0428571428571428,0.0985915492957746,0.0909090909090909,0.3285714285714285,0.1690140845070422,0.6571428571428571,0.1636363636363636,0.1142857142857142,0.5,1.7454545454545454,0.2727272727272727,0.6363636363636364,0.6090909090909091,0.2181818181818181,0.009090909090909,2177.8874868020225,153.4207749972852,726.8500426074919,116.081831738089,0.9672780596194098,0.1510053867648556,8280.215112983786,1568.8584160521507,557.5644734175015,92.64268032034828,0.2599509442943933,0.1065943910958668,0.1403170640211091,0.0696071962270555,0.6424676971860609,0.0586572411639802,31.3276575449787,1.181954663649616,0.862489025709071,1,1.7499184433608703,-2.677388180186339,no_weapon_share,3
zero,ct,63,83.47619047619048,15.597805287770305,0.6349206349206349,0.365079365079365,100.42857142857144,88.9047619047619,11.523809523809524,8.428571428571429,0.3174603174603174,0.0317460317460317,0.0,0.0,0.0,0.175,0.125,0.5833333333333334,0.1269841269841269,0.7,0.0,2.0476190476190474,0.4603174603174603,0.365079365079365,0.6825396825396826,0.5396825396825397,0.0,2067.361274839896,206.14607050713792,762.3970595004056,248.5128327812068,1.0397109685930206,0.1564761454328587,9360.755624352936,1797.8781175729805,487.09335315645967,85.21671134471183,0.3601738996247048,0.0849318958017876,0.1771628861603997,0.0716764508673038,0.5887534962284936,0.052556324022209,4.553685130462407,0.4269122666536917,0.2031725217553208,2,-1.5803428293174628,0.5378790026145985,no_weapon_share,3
zero ,ct,160,78.43125,34.54274658744265,0.725,0.39375,100.4,89.575,10.825,4.85,0.15625,0.01875,0.0,0.0,0.0,0.1637931034482758,0.1030927835051546,0.6551724137931034,0.1875,0.6637931034482759,0.0,2.06875,0.375,0.3625,0.66875,0.6625,0.0,2090.67011739467,173.61843110288714,741.9126505931613,233.45974323348057,1.0367285881233008,0.1808767159813442,8317.759488907826,1242.5481361567236,487.098884165513,85.59320727157325,0.3464069217134805,0.0977916636923608,0.2320124546896171,0.0563314232498327,0.5732531482501286,0.0409581088399509,16.25483311685779,0.7843630184017835,0.5238115537645328,2,-0.7863073998262504,-0.3251444415121345,no_weapon_share,3
zont1x,ct,364,69.05494505494505,26.21741960679388,0.6071428571428571,0.4313186813186813,82.62637362637362,81.07417582417582,1.5521978021978022,9.826923076923077,0.2527472527472527,0.0357142857142857,0.2126696832579185,0.2946859903381642,0.2967032967032967,0.1538461538461538,0.1352657004830917,0.5483870967741935,0.1565934065934066,0.755656108597285,0.0,2.4532967032967035,0.5714285714285714,0.5,0.7307692307692307,0.6510989010989011,0.0,2039.6136058486072,158.24350840970752,811.5219095084857,206.4275246283877,1.0590443896243245,0.1228718412082884,9853.908084686062,1298.3726586999296,563.4359838703012,96.52955734952762,0.325208739378684,0.0870957140626866,0.2211828789541277,0.0803479167376235,0.5522894419246487,0.0595620901721237,13.014635985845027,0.6280609028429652,0.4330722502651146,2,-1.2843806725349198,0.4187741725856487,no_weapon_share,3
zorte,ct,369,68.23848238482385,24.236256068958976,0.6829268292682927,0.4471544715447154,98.9241192411924,79.42818428184282,19.495934959349597,3.907859078590786,0.1571815718157181,0.037940379403794,0.1547619047619047,0.2107843137254902,0.2222222222222222,0.2301587301587301,0.1323529411764706,0.6823529411764706,0.1571815718157181,0.2301587301587301,0.5793650793650794,1.7669376693766938,0.3631436314363143,0.5040650406504065,0.5501355013550135,0.3414634146341463,0.008130081300813,2149.3707668729608,100.63412239125547,716.7942906617797,118.67414512481498,1.0145460778220732,0.1104800968202717,8220.300871908852,1177.2416120660637,559.0104163025997,79.43468100703748,0.2419258288976072,0.0644063619187655,0.1489656425472025,0.0495460373163046,0.6217714408875031,0.0469979675262449,15.606736167431215,0.6596848761880127,0.4780156801279279,1,4.205204584653408,-2.3267199691493974,no_weapon_share,3
zweih,ct,245,66.57142857142857,22.50222584740568,0.6448979591836734,0.3755102040816326,88.97551020408163,87.26938775510204,1.706122448979592,4.057142857142857,0.1551020408163265,0.0163265306122449,0.2531645569620253,0.196078431372549,0.2857142857142857,0.1518987341772152,0.1241830065359477,0.5581395348837209,0.1346938775510204,0.6645569620253164,0.0949367088607595,2.012244897959184,0.3714285714285714,0.4857142857142857,0.6530612244897959,0.5020408163265306,0.0,2127.7199376038225,179.44796393179297,918.3372503345172,203.13762891981057,1.1385296714744535,0.1263268124604317,9653.24394121096,1565.652652305249,626.7919318007221,151.11943411444923,0.2898489337986112,0.1177489595855752,0.2012355301677344,0.1184859775599988,0.575951458502108,0.077565657301581,14.82218380008506,0.5137558117917453,0.430460299185128,2,-0.7746961612545459,-3.042969150221392,no_weapon_share,3
zywoo,ct,266,95.82706766917292,27.25835104175484,0.9736842105263158,0.4736842105263157,137.46616541353384,75.34586466165413,62.1203007518797,4.597744360902255,0.206766917293233,0.0413533834586466,0.0,0.0,0.0,0.1853281853281853,0.05,0.8727272727272727,0.2406015037593984,0.2471042471042471,0.4826254826254826,2.022556390977444,0.3872180451127819,0.5902255639097744,0.5864661654135338,0.4586466165413533,0.0,2104.3138868613687,158.33454515506588,723.9917167513416,137.73951250762167,0.9767159603054164,0.1214712280024215,8935.567075374616,1434.7271079489014,547.148674363688,76.54198339261022,0.2459277729544559,0.0868346455258382,0.1362092356152619,0.0646226895750386,0.5871798770168438,0.0673209017259308,19.284129556214047,0.7942183394089763,0.5403728627457139,1,5.004507205380132,2.3225383599075453,no_weapon_share,3
