player_name,side,rounds_played,demo_count,adr,adr_std,kpr,survival_rate,damage_per_round,damage_taken_per_round,damage_diff_per_round,util_damage_per_round,assists_per_round,flash_assists_per_round,trade_kill_rate,death_traded_rate,trade_participation,opening_kill_rate,opening_death_rate,opening_duel_attempt_rate,opening_duel_success,multi_kill_rate,rifle_kill_share,awp_kill_share,grenades_per_round,he_grenades_per_round,flashbangs_per_round,smokes_per_round,fire_nades_per_round,decoys_per_round,avg_distance_to_enemy,avg_distance_to_enemy_std,avg_distance_to_team_centroid,avg_distance_to_team_centroid_std,relative_team_centroid_distance,relative_team_centroid_distance_std,avg_distance_moved_per_round,avg_distance_moved_per_round_std,avg_distance_to_closest_teammate,avg_distance_to_closest_teammate_std,time_near_enemy_rate,time_near_enemy_rate_std,first_contact_rate,first_contact_received_rate,first_contact_participation_rate,time_stationary_rate,time_stationary_rate_std,kast_std,impact_std,rating_std
910,ct,418,36,78.71291866028709,25.991973356266634,0.8181818181818182,0.4258373205741627,113.00478468899522,84.54066985645933,28.464114832535884,4.327751196172249,0.1674641148325359,0.03110047846889952,0.17543859649122806,0.2375,0.2799043062200957,0.145933014354067,0.05980861244019139,0.20574162679425836,0.7093023255813954,0.22248803827751196,0.24269005847953215,0.5994152046783626,1.9210526315789473,0.3827751196172249,0.6076555023923444,0.49521531100478466,0.430622009569378,0.004784688995215311,2166.6981477746526,102.96867323214653,799.4777625671501,99.29943222839472,1.0354097157624773,0.0828233377061615,8516.818289931372,1319.5330202362095,577.276363996636,58.41664949228598,0.262027898124449,0.06253423118528773,0.14354066985645933,0.06220095693779904,0.20574162679425836,0.6200404383154211,0.04489615327642996,13.414199659036248,0.6588435169798467,0.4696728955829566
910,t,428,36,71.35747663551402,26.091873172286288,0.6892523364485982,0.3317757009345794,102.03271028037383,94.04205607476635,7.990654205607477,2.441588785046729,0.2383177570093458,0.10747663551401869,0.30847457627118646,0.23076923076923078,0.36682242990654207,0.06775700934579439,0.07710280373831775,0.14485981308411214,0.46774193548387094,0.1705607476635514,0.42033898305084744,0.39322033898305087,2.4953271028037385,0.0794392523364486,1.2546728971962617,0.7757009345794392,0.3808411214953271,0.004672897196261682,2100.362734286194,106.83911768170839,499.472113302825,76.95578677377043,0.9112230305569914,0.07520684646063899,9234.6055334516,1594.2172288010647,366.6309191395042,64.28304085619358,0.3262280916649625,0.0717623556858381,0.07476635514018691,0.07710280373831775,0.15186915887850466,0.5712431836312934,0.04910997610975497,14.919184782251458,0.600003921363143,0.4817680454914286
afro,ct,326,32,81.30674846625767,25.731338615934618,0.7944785276073619,0.41411042944785276,121.02453987730061,83.73926380368098,37.285276073619634,4.932515337423313,0.2361963190184049,0.08282208588957055,0.1891891891891892,0.21465968586387435,0.27607361963190186,0.1687116564417178,0.06748466257668712,0.2361963190184049,0.7142857142857143,0.1901840490797546,0.22393822393822393,0.5598455598455598,2.085889570552147,0.5,0.598159509202454,0.5858895705521472,0.3987730061349693,0.003067484662576687,2067.7621963157203,97.95525075769747,703.5829779543384,81.83284325093972,0.9576261595492402,0.10378139186681701,8079.798471004221,1421.3135106612945,548.695960832569,52.44557433374294,0.30286337453316864,0.06785025182355837,0.1411042944785276,0.08895705521472393,0.23006134969325154,0.6417396508151364,0.05587704431091624,15.164534204291455,0.6075029599465436,0.4641019886420488
afro,t,321,30,63.4797507788162,23.68021598139648,0.5482866043613707,0.3644859813084112,90.98753894080997,94.63239875389408,-3.6448598130841123,2.573208722741433,0.2087227414330218,0.09345794392523364,0.2727272727272727,0.15196078431372548,0.24610591900311526,0.059190031152647975,0.06542056074766354,0.12461059190031153,0.475,0.12149532710280374,0.3465909090909091,0.4943181818181818,2.5981308411214954,0.08411214953271028,1.2866043613707165,0.7476635514018691,0.4797507788161994,0.0,2090.8783630232965,87.61231750882988,495.9545057065755,92.5215428684124,0.891094716937571,0.08405110962889564,8213.348595234893,1250.76641293217,372.0564385681686,74.10234343069835,0.3435489196090379,0.06740186160465853,0.08099688473520249,0.08099688473520249,0.16199376947040497,0.6010848746687836,0.04963974558646624,21.70995551838238,0.6071260518457579,0.5307290914097529
aleks,ct,53,6,69.79245283018868,21.638864737994993,0.5471698113207547,0.33962264150943394,83.73584905660377,101.62264150943396,-17.88679245283019,9.641509433962264,0.1509433962264151,0.03773584905660377,0.1724137931034483,0.2,0.22641509433962265,0.0,0.1320754716981132,0.1320754716981132,0.0,0.09433962264150944,0.6551724137931034,0.034482758620689655,3.0754716981132075,0.9056603773584906,0.6226415094339622,0.8679245283018868,0.6792452830188679,0.0,2068.1675750047007,154.72235260233322,798.7822509589346,214.30133934703778,1.0370898702884301,0.08685186133674125,8734.94184916013,1096.1314295420325,532.90083598822,85.5055384812752,0.378396838838965,0.08509407220643396,0.07547169811320754,0.11320754716981132,0.18867924528301888,0.6020860908489966,0.05730049069052992,14.621796147877589,0.7518644086533449,0.45185675247581114
aleks,t,52,6,49.94230769230769,13.097570426793384,0.2692307692307692,0.07692307692307693,58.23076923076923,129.17307692307693,-70.9423076923077,2.4423076923076925,0.17307692307692307,0.0,0.35714285714285715,0.125,0.21153846153846154,0.019230769230769232,0.17307692307692307,0.19230769230769232,0.1,0.038461538461538464,0.6428571428571429,0.0,2.076923076923077,0.4230769230769231,0.5961538461538461,0.5769230769230769,0.4423076923076923,0.038461538461538464,2134.9070437255255,195.98137082057085,463.6246426246874,72.6346694766703,0.9748139196535685,0.11142980836552295,7207.398105340854,1080.7599942326647,352.38298937998456,88.76029197441379,0.388269953892726,0.07071352080168448,0.019230769230769232,0.09615384615384616,0.11538461538461539,0.6176919420251404,0.025325457232031116,23.118856894252545,0.3341841195836666,0.3071659525966776
aleksib,ct,344,30,62.01453488372093,27.40872343908726,0.502906976744186,0.47093023255813954,72.84883720930233,75.69767441860465,-2.8488372093023258,8.883720930232558,0.3081395348837209,0.0755813953488372,0.23699421965317918,0.29120879120879123,0.27325581395348836,0.0755813953488372,0.0755813953488372,0.1511627906976744,0.5,0.09011627906976744,0.5895953757225434,0.0,2.941860465116279,0.627906976744186,0.8633720930232558,0.7558139534883721,0.6947674418604651,0.0,2075.9632020585054,173.65317609201847,756.8507827787355,187.97012865702507,0.9966663399097678,0.12346855597190547,9733.649002924352,1582.5563843575924,516.2637713589397,109.49154515473334,0.32621639153376847,0.0944981973948991,0.07848837209302326,0.05813953488372093,0.13662790697674418,0.5406359209380799,0.0561074277049422,13.218018718319332,0.6625349565569169,0.4515760863057742
aleksib,t,282,29,53.01418439716312,18.293795115291775,0.4078014184397163,0.32269503546099293,64.30141843971631,93.79078014184397,-29.48936170212766,4.418439716312057,0.22695035460992907,0.05319148936170213,0.33043478260869563,0.3193717277486911,0.35106382978723405,0.03900709219858156,0.09219858156028368,0.13120567375886524,0.2972972972972973,0.08865248226950355,0.7043478260869566,0.0,3.1382978723404253,0.35106382978723405,1.0,1.0886524822695036,0.6808510638297872,0.01773049645390071,2078.031301974012,98.48302658478238,529.7501528502106,89.68961198799134,0.9249428104830392,0.08383432125520096,9594.294000708669,1434.7275091382198,407.88095490399417,70.79604770782944,0.3511909217176204,0.06373150572447729,0.03900709219858156,0.1099290780141844,0.14893617021276595,0.5495719915974115,0.0489539940200317,17.25425136580775,0.4899685735845523,0.37273229475775577
alex,ct,141,13,79.28368794326241,25.133624574643722,0.75177304964539,0.48226950354609927,97.33333333333333,74.36170212765957,22.97163120567376,8.617021276595745,0.22695035460992907,0.028368794326241134,0.2641509433962264,0.2602739726027397,0.3333333333333333,0.10638297872340426,0.02127659574468085,0.1276595744680851,0.8333333333333334,0.18439716312056736,0.7830188679245284,0.018867924528301886,2.5673758865248226,0.6524822695035462,0.5531914893617021,0.6595744680851063,0.7021276595744681,0.0,2033.0863150559446,170.93195639470525,635.525326849711,137.79811114277763,0.9256247982297042,0.16831235750930373,10003.867451662672,1798.3073127622458,512.9411820348055,72.08340057258759,0.3283808735077044,0.068334750763306,0.1347517730496454,0.07092198581560284,0.20567375886524822,0.546609710437174,0.07138183979332931,11.456386316288933,0.6078940063306668,0.4021642122553363
alex,t,138,13,65.89855072463769,18.470061605531406,0.5869565217391305,0.2463768115942029,77.89855072463769,105.34782608695652,-27.44927536231884,4.949275362318841,0.21014492753623187,0.036231884057971016,0.38271604938271603,0.25961538461538464,0.42028985507246375,0.057971014492753624,0.07971014492753623,0.13768115942028986,0.42105263157894735,0.12318840579710146,0.7777777777777778,0.012345679012345678,2.710144927536232,0.34057971014492755,0.6811594202898551,1.0579710144927537,0.6304347826086957,0.0,2041.6511520647264,138.2805066146407,478.38754637493685,79.69383362008092,0.9263147167362342,0.061028800885840916,9167.323470778552,1302.6083092619606,337.1041372829397,67.34411219915151,0.3929869611810065,0.08919842937559662,0.07971014492753623,0.07971014492753623,0.15942028985507245,0.5589974228098149,0.050438800689923846,16.782633926341052,0.49127385521874145,0.3677303946458692
alex666,ct,463,41,75.70842332613391,18.506486386224363,0.6544276457883369,0.3952483801295896,90.69114470842332,86.95896328293736,3.7321814254859613,5.278617710583154,0.28509719222462204,0.04535637149028078,0.24092409240924093,0.22857142857142856,0.2958963282937365,0.09071274298056156,0.06911447084233262,0.15982721382289417,0.5675675675675675,0.1447084233261339,0.7491749174917491,0.0,2.4773218142548594,0.5183585313174947,0.5593952483801296,0.816414686825054,0.5809935205183585,0.0021598272138228943,2145.197377709608,180.91295484683164,811.2782980976331,167.1425319865103,1.0880547790209754,0.09827286883707866,8288.098560290551,1197.8472690881576,541.2761957252833,104.79767900805273,0.30935981889241615,0.1013726437921791,0.10583153347732181,0.06911447084233262,0.17494600431965443,0.5939079271311491,0.04014262662253534,12.127968495336804,0.47297959922118843,0.31582180433847046
alex666,t,438,40,62.257990867579906,22.46381024532298,0.54337899543379,0.2534246575342466,79.42237442922375,102.95890410958904,-23.536529680365298,2.9200913242009134,0.2009132420091324,0.0273972602739726,0.29411764705882354,0.20795107033639143,0.3150684931506849,0.07077625570776255,0.11187214611872145,0.182648401826484,0.3875,0.1278538812785388,0.7857142857142857,0.004201680672268907,2.490867579908676,0.2968036529680365,0.7191780821917808,0.9155251141552512,0.5593607305936074,0.0,2112.36815813152,97.4418125920732,567.5566646144762,81.22529288513459,1.018362261301911,0.09848449315510889,8814.158751077384,1237.8679322868068,429.15735799366183,88.11897432123037,0.3262964825807971,0.0539004656450965,0.07534246575342465,0.10273972602739725,0.1780821917808219,0.5666902409767316,0.04747294500141461,16.313449507042343,0.5032274524408333,0.41487987395096115
alistair,ct,46,5,66.73913043478261,17.129687180639635,0.8478260869565217,0.5,100.19565217391305,79.95652173913044,20.23913043478261,5.1521739130434785,0.2391304347826087,0.17391304347826086,0.20512820512820512,0.21739130434782608,0.2826086956521739,0.08695652173913043,0.08695652173913043,0.17391304347826086,0.5,0.21739130434782608,0.3333333333333333,0.46153846153846156,1.7826086956521738,0.21739130434782608,0.9130434782608695,0.32608695652173914,0.2391304347826087,0.08695652173913043,2083.7289584645673,152.56454181976534,808.6898634234345,118.3969220214886,0.9677496564230859,0.11122715333232812,8630.266906840547,1916.4946188755712,564.6655625217444,57.10464465238929,0.2827887969340565,0.03706859591049445,0.10869565217391304,0.10869565217391304,0.21739130434782608,0.6295887642431363,0.07506182847329924,16.333652064252252,0.4513438350715544,0.3969171081111748
alistair,t,56,5,60.285714285714285,26.961258108172732,0.42857142857142855,0.17857142857142858,76.96428571428571,110.83928571428571,-33.875,3.767857142857143,0.3392857142857143,0.10714285714285714,0.25,0.2826086956521739,0.3392857142857143,0.07142857142857142,0.16071428571428573,0.23214285714285715,0.3076923076923077,0.10714285714285714,0.20833333333333334,0.5416666666666666,2.767857142857143,0.08928571428571429,1.4642857142857142,0.7678571428571429,0.44642857142857145,0.0,2193.6457344832847,100.70875658646551,550.6383848064708,117.04592681232563,1.0107673702888818,0.05972903732646389,8299.90811802624,521.151029182377,425.6869301814968,76.4660011140689,0.31627705804808137,0.03745043853611132,0.10714285714285714,0.17857142857142858,0.2857142857142857,0.6172846243670754,0.026346493880089906,14.689241284825068,0.45451981838652805,0.41738160124202744
apex,ct,266,27,80.39473684210526,30.009927348743332,0.6353383458646616,0.38721804511278196,97.7218045112782,91.09398496240601,6.62781954887218,15.413533834586467,0.3684210526315789,0.05639097744360902,0.14201183431952663,0.25766871165644173,0.24812030075187969,0.13533834586466165,0.09774436090225563,0.23308270676691728,0.5806451612903226,0.13533834586466165,0.7810650887573964,0.0,2.4849624060150375,0.8834586466165414,0.5263157894736842,0.5939849624060151,0.48120300751879697,0.0,2040.5127683779886,178.24007274582678,652.4177999582496,151.747554879832,0.9041976846169788,0.1290282485157813,8803.637243055298,1608.7010752501149,506.6440919469234,67.71730190189663,0.3109319268903124,0.07000524570329776,0.14285714285714285,0.13157894736842105,0.2744360902255639,0.5908154251654139,0.05231174911104324,13.095886721223247,0.6900255207555464,0.455556660754477
apex,t,286,27,66.18531468531468,17.860471831973044,0.541958041958042,0.25524475524475526,84.31818181818181,108.87762237762237,-24.55944055944056,4.055944055944056,0.2727272727272727,0.08041958041958042,0.2709677419354839,0.2347417840375587,0.32167832167832167,0.11188811188811189,0.16783216783216784,0.27972027972027974,0.4,0.13636363636363635,0.7483870967741936,0.012903225806451613,2.5524475524475525,0.16783216783216784,1.2482517482517483,0.5979020979020979,0.5314685314685315,0.006993006993006993,2061.7836804771373,153.0759015962414,599.8831940147113,94.21591322628299,0.994463031188604,0.11461223102216786,9158.751471935619,1647.4107918678337,454.1331287504378,79.07068706853579,0.35181545857787644,0.08280459102287109,0.12237762237762238,0.14335664335664336,0.26573426573426573,0.5837990446745445,0.050979804013178434,15.387718029405665,0.45538841391589524,0.35939013890013716
art,ct,447,45,82.32214765100672,31.030127282733734,0.738255033557047,0.3982102908277405,104.2662192393736,89.30648769574944,14.95973154362416,6.706935123042506,0.2751677852348993,0.03355704697986577,0.21515151515151515,0.26394052044609667,0.31767337807606266,0.1476510067114094,0.0894854586129754,0.2371364653243848,0.6226415094339622,0.19239373601789708,0.6696969696969697,0.06060606060606061,2.1968680089485457,0.5302013422818792,0.5659955257270693,0.6129753914988815,0.48769574944071586,0.0,2003.5857484194428,133.8327295616018,708.477603555804,169.32858257196466,0.9401879669962688,0.12451846185459639,9188.575365946239,1627.5663251039794,539.1192916478417,109.09057310622347,0.36627970407602706,0.08165004635386763,0.16554809843400448,0.09395973154362416,0.2595078299776286,0.5724769818803986,0.058355771083745775,14.208934340298516,0.6763785211331651,0.46064947865911204
art,t,436,45,64.02981651376147,24.10215824342988,0.4908256880733945,0.23853211009174313,77.83944954128441,106.76605504587155,-28.926605504587155,4.252293577981652,0.28440366972477066,0.0481651376146789,0.2803738317757009,0.32831325301204817,0.3876146788990826,0.11697247706422019,0.1444954128440367,0.26146788990825687,0.4473684210526316,0.08256880733944955,0.7336448598130841,0.018691588785046728,2.532110091743119,0.29357798165137616,0.9151376146788991,0.7752293577981652,0.5389908256880734,0.009174311926605505,2034.861637094434,114.4256753112399,527.6333821860204,109.06311934067628,0.9826622749798125,0.0845282777745014,8713.014221779864,1447.1323037398672,382.75527342084683,101.33701813167815,0.4165553536701377,0.06877419316630169,0.12385321100917432,0.14908256880733944,0.27293577981651373,0.5894626136752837,0.048194574268086335,12.063246131224266,0.5412881118794504,0.37687372248410533
asap,ct,46,5,100.58695652173913,17.6834983125648,0.782608695652174,0.391304347826087,118.69565217391305,86.30434782608695,32.391304347826086,14.934782608695652,0.2608695652173913,0.021739130434782608,0.1388888888888889,0.25,0.2608695652173913,0.17391304347826086,0.08695652173913043,0.2608695652173913,0.6666666666666666,0.10869565217391304,0.6388888888888888,0.0,2.130434782608696,0.5652173913043478,0.391304347826087,0.782608695652174,0.391304347826087,0.0,2029.9059440452256,104.8818415901129,757.9407499812271,60.43800844563612,0.894900545336308,0.12470874352988676,9270.704239843755,703.5243718733848,550.2934874398096,39.86445502493344,0.34789163721720684,0.06729541943294128,0.15217391304347827,0.043478260869565216,0.1956521739130435,0.5523657271429044,0.03506633728237788,3.4461747052611997,0.6044024382845555,0.307980974005578
asap,t,56,5,77.625,15.225414413001022,0.6607142857142857,0.23214285714285715,98.25,111.48214285714286,-13.232142857142858,3.9285714285714284,0.3392857142857143,0.05357142857142857,0.40540540540540543,0.37209302325581395,0.5535714285714286,0.125,0.16071428571428573,0.2857142857142857,0.4375,0.14285714285714285,0.5945945945945946,0.02702702702702703,1.4642857142857142,0.10714285714285714,0.4107142857142857,0.5178571428571429,0.39285714285714285,0.03571428571428571,2094.099152398056,120.73884940219676,559.728015864808,136.5179157348616,1.0160539755754892,0.0680322471082838,7749.4448905783565,1536.7804248679104,382.77562180408603,113.78583689434943,0.443793814070411,0.05855662509945214,0.125,0.14285714285714285,0.26785714285714285,0.6146594236507598,0.04771021327813546,17.587246074635896,0.528986956602053,0.46102672515242943
aw,ct,190,18,77.72631578947369,28.861177300689132,0.7368421052631579,0.3473684210526316,99.3157894736842,98.28947368421052,1.0263157894736843,4.757894736842105,0.23684210526315788,0.005263157894736842,0.2,0.23387096774193547,0.3,0.08421052631578947,0.08421052631578947,0.16842105263157894,0.5,0.16842105263157894,0.7071428571428572,0.0,2.889473684210526,0.7473684210526316,0.6210526315789474,0.7368421052631579,0.7842105263157895,0.0,2009.0960694626722,111.94195623949844,719.5008515000131,143.33745834755567,0.940718317373194,0.08035499411790631,9129.769541805574,987.3893459605856,525.4612287672537,87.15111237691042,0.36400699789634045,0.06320558069316905,0.08421052631578947,0.09473684210526316,0.17894736842105263,0.5813118922981637,0.051135950671753416,13.865239505769349,0.6238833510316645,0.4442356914016688
aw,t,220,18,71.41818181818182,21.329743412744595,0.6181818181818182,0.2409090909090909,92.2909090909091,106.38181818181818,-14.090909090909092,3.6545454545454548,0.18181818181818182,0.02727272727272727,0.27941176470588236,0.19161676646706588,0.3181818181818182,0.05909090909090909,0.13636363636363635,0.19545454545454546,0.3023255813953488,0.16818181818181818,0.7867647058823529,0.007352941176470588,2.713636363636364,0.3090909090909091,0.8318181818181818,0.8181818181818182,0.7545454545454545,0.0,2057.1109447674858,118.09078056531548,579.3564187893535,81.13462022512657,0.9206132409333396,0.12097954025028569,9522.442488832148,1424.7765271046092,436.5417778760518,53.192465921871246,0.3327330945593878,0.0613597011056193,0.08181818181818182,0.09090909090909091,0.17272727272727273,0.5857589359928915,0.05536295013400307,16.50715680834576,0.6952779329686796,0.4973323855141884
azuwu,ct,326,32,72.2760736196319,26.17537136324307,0.6871165644171779,0.3282208588957055,92.6717791411043,99.75766871165644,-7.085889570552148,5.828220858895706,0.23006134969325154,0.015337423312883436,0.17857142857142858,0.2557077625570776,0.294478527607362,0.13190184049079753,0.08895705521472393,0.22085889570552147,0.5972222222222222,0.1656441717791411,0.6607142857142857,0.0,2.3220858895705523,0.6196319018404908,0.37116564417177916,0.7423312883435583,0.588957055214724,0.0,1906.087502744147,140.3455061834145,661.2945134049442,150.348230000192,0.8968422988156726,0.10511367601470306,8387.508321644502,1317.8070389642326,494.88096516355427,99.02218362803096,0.4017223073545706,0.08819195214454247,0.10429447852760736,0.1441717791411043,0.24846625766871167,0.6161129725830603,0.05428362472078506,16.753804604165197,0.682016896122286,0.471451044488254
azuwu,t,321,30,65.02803738317758,25.708709391173063,0.5794392523364486,0.26791277258566976,81.69470404984423,102.33333333333333,-20.638629283489095,4.133956386292835,0.16199376947040497,0.018691588785046728,0.25268817204301075,0.26382978723404255,0.3395638629283489,0.1277258566978193,0.17757009345794392,0.3052959501557632,0.41836734693877553,0.1308411214953271,0.7419354838709677,0.021505376344086023,1.8068535825545171,0.2367601246105919,0.48598130841121495,0.5389408099688473,0.5389408099688473,0.006230529595015576,1972.6326382696793,116.93713253424102,558.6040168391897,102.10984336574155,0.9681315383576062,0.09200935338532716,7938.8074295163315,1304.093167960164,394.05829670261664,89.79361767652719,0.4367641828308804,0.08642007363084933,0.09657320872274143,0.17445482866043613,0.27102803738317754,0.6081562068589379,0.05592865033729333,17.754027980873136,0.5222311785235005,0.4574676771428825
b1t,ct,342,29,90.03508771929825,23.73199987115432,0.8567251461988304,0.4619883040935672,115.14327485380117,79.42105263157895,35.72222222222222,4.157894736842105,0.21929824561403508,0.02046783625730994,0.23208191126279865,0.22826086956521738,0.3216374269005848,0.1286549707602339,0.05263157894736842,0.18128654970760233,0.7096774193548387,0.21637426900584794,0.7440273037542662,0.04436860068259386,2.58187134502924,0.5526315789473685,0.5935672514619883,0.8099415204678363,0.6257309941520468,0.0,2143.4204780454716,123.39986285377111,899.363507990648,179.27410887617037,1.1474523804932788,0.09268009257243252,9319.842991596912,1205.2335823834585,584.5553840618846,104.29369352053854,0.30649579287149703,0.06533716575249746,0.12280701754385964,0.049707602339181284,0.17251461988304093,0.5438232241480324,0.048700380370405104,13.662466683345396,0.6100858979368564,0.4023599644392924
b1t,t,284,30,80.10211267605634,26.02708022462635,0.7007042253521126,0.3345070422535211,101.12676056338029,93.03169014084507,8.095070422535212,3.2007042253521125,0.2147887323943662,0.035211267605633804,0.2964824120603015,0.2857142857142857,0.397887323943662,0.08098591549295775,0.0880281690140845,0.16901408450704225,0.4791666666666667,0.15492957746478872,0.8140703517587939,0.0,1.9788732394366197,0.24295774647887325,0.6619718309859155,0.6232394366197183,0.43661971830985913,0.014084507042253521,2137.6601888572095,141.37293785248866,671.5210884946662,131.6292404861786,1.118295239568698,0.14033225748649714,9650.297445720858,1698.806897162432,483.02875510720514,122.61750059458714,0.327903971190335,0.07369900954563739,0.09154929577464789,0.10211267605633803,0.1936619718309859,0.5299265257316944,0.07117011462172593,13.021847509321274,0.5870590412737322,0.4446426308349979
bart4k,ct,69,9,68.89855072463769,18.49066011144971,0.4782608695652174,0.391304347826087,81.3913043478261,90.46376811594203,-9.072463768115941,2.4057971014492754,0.2608695652173913,0.043478260869565216,0.12121212121212122,0.14285714285714285,0.14492753623188406,0.07246376811594203,0.014492753623188406,0.08695652173913043,0.8333333333333334,0.08695652173913043,0.6363636363636364,0.0,2.1594202898550723,0.36231884057971014,0.6086956521739131,0.5942028985507246,0.5942028985507246,0.0,2062.5593001623715,116.93998703324937,794.0152055347622,124.04879979218137,1.0633028245128622,0.11104745957001244,7851.116630278218,1105.7197811551637,525.0203729062627,100.2331269421493,0.34839442217091743,0.058388884760438874,0.043478260869565216,0.057971014492753624,0.10144927536231885,0.6011672740316529,0.04134986338171648,20.072781425235707,0.4603233399901579,0.4565293569753579
bart4k,t,105,9,61.457142857142856,20.187940458850257,0.5047619047619047,0.21904761904761905,72.61904761904762,110.18095238095238,-37.56190476190476,3.6952380952380954,0.11428571428571428,0.0,0.32075471698113206,0.25609756097560976,0.3619047619047619,0.06666666666666667,0.11428571428571428,0.18095238095238095,0.3684210526315789,0.10476190476190476,0.7547169811320755,0.0,1.5333333333333334,0.17142857142857143,0.38095238095238093,0.5428571428571428,0.42857142857142855,0.009523809523809525,2002.524285923696,85.42969065302842,592.8301165853551,113.61617803765789,1.0327006081878594,0.1309173411959645,8159.40128302454,1346.7701862739552,419.0505057028997,100.44745085808172,0.4376836682262564,0.07418527765023991,0.06666666666666667,0.09523809523809523,0.1619047619047619,0.6075505364790871,0.05214935079111678,14.849051164782233,0.5026751543810627,0.43149071220270757
beastik,ct,147,13,67.89795918367346,19.979102614722613,0.54421768707483,0.32653061224489793,80.421768707483,95.59183673469387,-15.170068027210885,7.136054421768708,0.3469387755102041,0.05442176870748299,0.1875,0.23232323232323232,0.2585034013605442,0.10204081632653061,0.1564625850340136,0.2585034013605442,0.39473684210526316,0.11564625850340136,0.8625,0.0,2.4489795918367347,0.5850340136054422,0.7687074829931972,0.5918367346938775,0.5034013605442177,0.0,2055.977676765091,199.2385036311256,649.010281028201,182.01947285677232,0.9307024014240163,0.19364250691226542,8130.844297890542,1622.2369398433054,532.3143817659712,87.49985636135015,0.324171941441307,0.0633875691097679,0.11564625850340136,0.09523809523809523,0.2108843537414966,0.6025688800327199,0.06820734274124536,12.823133352689343,0.5221365860374236,0.4008334029671326
beastik,t,130,13,66.1923076923077,34.886796538977805,0.5692307692307692,0.2923076923076923,82.62307692307692,104.68461538461538,-22.06153846153846,2.4384615384615387,0.2076923076923077,0.046153846153846156,0.16216216216216217,0.25,0.2692307692307692,0.06153846153846154,0.13846153846153847,0.2,0.3076923076923077,0.13076923076923078,0.6486486486486487,0.0,2.4615384615384617,0.13076923076923078,0.9923076923076923,0.8615384615384616,0.46923076923076923,0.007692307692307693,2102.9824941620964,136.4410109542696,583.1978636171491,115.73374304996054,1.0264007867936997,0.0888805100747814,7707.717843944639,1385.7446517517944,441.23873038776657,104.67496399683417,0.3580515434820688,0.05255192440773127,0.1,0.13846153846153847,0.23846153846153847,0.5952751336769166,0.039549344367102286,18.89440544178505,0.6924612287844766,0.529613858334598
belchonokk,ct,245,25,69.48979591836735,24.410551250382454,0.5918367346938775,0.37142857142857144,84.01632653061225,92.40408163265306,-8.387755102040817,4.987755102040817,0.20816326530612245,0.00816326530612245,0.25517241379310346,0.2597402597402597,0.3142857142857143,0.04897959183673469,0.10612244897959183,0.15510204081632653,0.3157894736842105,0.13877551020408163,0.8068965517241379,0.006896551724137931,2.0040816326530613,0.46938775510204084,0.3510204081632653,0.7183673469387755,0.46530612244897956,0.0,2061.8848323504444,123.7045310129656,783.6221294005204,197.93835718986855,1.02092924370382,0.19206296308395557,9053.802555617032,772.5567384519301,573.638285172929,109.27555729109532,0.3161270374622116,0.07326260152578787,0.08571428571428572,0.09387755102040816,0.17959183673469387,0.5814923817310775,0.03915855305946141,15.64106407694861,0.5542815155887325,0.4508152233008497
belchonokk,t,266,25,54.43609022556391,21.653081033100495,0.4774436090225564,0.2518796992481203,68.99248120300751,100.93984962406014,-31.94736842105263,4.556390977443609,0.15413533834586465,0.05263157894736842,0.3937007874015748,0.22613065326633167,0.35714285714285715,0.04887218045112782,0.06766917293233082,0.11654135338345864,0.41935483870967744,0.09398496240601503,0.7165354330708661,0.015748031496062992,1.8834586466165413,0.18421052631578946,0.650375939849624,0.5977443609022557,0.45112781954887216,0.0,2123.0783739283297,109.87402802885293,587.828578242717,110.57641780928313,1.0216383649648886,0.11742590152671861,9140.885432992463,1609.5202432018905,393.5784889512826,103.09899605315101,0.3660887409399547,0.06497585496138666,0.05263157894736842,0.06766917293233082,0.12030075187969924,0.583846397244877,0.05350528595704265,14.955052285410646,0.4671659831791987,0.33886505142261636
biguzera,ct,282,30,83.68439716312056,26.646430164943087,0.74822695035461,0.4326241134751773,103.99290780141844,82.69858156028369,21.29432624113475,6.783687943262412,0.2872340425531915,0.05673758865248227,0.14691943127962084,0.24375,0.24822695035460993,0.11702127659574468,0.0851063829787234,0.20212765957446807,0.5789473684210527,0.1773049645390071,0.7488151658767772,0.009478672985781991,2.6666666666666665,0.5638297872340425,0.8617021276595744,0.7127659574468085,0.524822695035461,0.0035460992907801418,1999.7790001673573,127.61578914562682,606.2896977286099,102.1911594044791,0.8785564073274309,0.13174240787410266,9221.384756458885,1457.623602716451,506.4527174856729,79.40797187913346,0.34045973194992535,0.07694084695582633,0.11347517730496454,0.12056737588652482,0.23404255319148937,0.5564774905366846,0.055306440664371695,16.95525805664224,0.607123828418403,0.45306850537251364
biguzera,t,270,27,54.71851851851852,24.121756148341383,0.45555555555555555,0.26296296296296295,69.12962962962963,104.87037037037037,-35.74074074074074,3.4555555555555557,0.14444444444444443,0.003703703703703704,0.3170731707317073,0.25125628140703515,0.3296296296296296,0.05925925925925926,0.1111111111111111,0.17037037037037037,0.34782608695652173,0.08888888888888889,0.6504065040650406,0.0,2.5407407407407407,0.29259259259259257,0.8185185185185185,0.8851851851851852,0.5370370370370371,0.007407407407407408,2010.11645466638,131.87076852500738,521.1298787522633,94.43182935102597,0.9631977126280474,0.07471117494108147,9095.40589371793,1592.272520859101,365.5407421904432,59.61035121552931,0.4032972667573062,0.10524801155183784,0.08148148148148149,0.08888888888888889,0.17037037037037037,0.5605525247858675,0.05660703442473884,15.968139295925035,0.5589131970176988,0.4237646120945359
blamef,ct,172,16,101.29651162790698,27.75592085088899,0.9593023255813954,0.5116279069767442,125.41279069767442,76.93604651162791,48.47674418604651,14.505813953488373,0.3546511627906977,0.011627906976744186,0.18181818181818182,0.30952380952380953,0.32558139534883723,0.1744186046511628,0.03488372093023256,0.20930232558139536,0.8333333333333334,0.27325581395348836,0.7636363636363637,0.006060606060606061,2.127906976744186,0.7732558139534884,0.38953488372093026,0.5290697674418605,0.436046511627907,0.0,2054.513314529086,160.03157405630682,636.4842345982703,141.87828499169055,0.9305023316944442,0.15641345539296705,9109.204036184474,1331.189403867607,544.3534701517995,75.72711341785744,0.30178137231997665,0.05265193010361278,0.1744186046511628,0.06976744186046512,0.2441860465116279,0.5435859083977157,0.04646945804302638,13.113043938898523,0.6614017126200509,0.4749023885062405
blamef,t,173,17,70.11560693641619,20.82633998553252,0.6069364161849711,0.2832369942196532,89.04046242774567,99.55491329479769,-10.514450867052023,6.312138728323699,0.20809248554913296,0.017341040462427744,0.3523809523809524,0.18548387096774194,0.3468208092485549,0.07514450867052024,0.06358381502890173,0.13872832369942195,0.5416666666666666,0.1329479768786127,0.7714285714285715,0.0,2.254335260115607,0.4624277456647399,0.5086705202312138,0.7803468208092486,0.5028901734104047,0.0,2151.9852599975547,148.01681486568964,552.1550063204288,78.85512862414586,1.0312979506107496,0.08960537505806687,8795.549353083477,1527.5630131982075,425.80627241425486,80.86710365418594,0.3518870240011055,0.08434904600502723,0.07514450867052024,0.07514450867052024,0.15028901734104047,0.5451183738284614,0.045556926835851864,16.548442327826304,0.44708733700657977,0.4031205296496068
blitz,ct,418,36,86.4066985645933,21.96010227327483,0.6698564593301436,0.37320574162679426,103.38277511961722,91.29186602870813,12.090909090909092,15.68421052631579,0.37320574162679426,0.04784688995215311,0.25357142857142856,0.2748091603053435,0.34210526315789475,0.11483253588516747,0.14114832535885166,0.25598086124401914,0.4485981308411215,0.1722488038277512,0.7392857142857143,0.02142857142857143,2.61244019138756,0.8133971291866029,0.6196172248803827,0.6291866028708134,0.5502392344497608,0.0,2040.7251543824648,114.28240327347334,652.8224774897012,120.54469485018727,0.8845480873753863,0.11848905080497696,9179.923778250863,1446.5865249026954,537.0904365140502,75.60511212773879,0.32116495901786946,0.05423402194443004,0.15311004784688995,0.14114832535885166,0.2942583732057416,0.5633272357521354,0.05107398345216735,12.179505816795661,0.5175897616414773,0.3673032099140839
blitz,t,428,36,71.16822429906541,19.463127766917527,0.5677570093457944,0.26869158878504673,86.15420560747664,101.79439252336448,-15.64018691588785,8.282710280373832,0.28738317757009346,0.053738317757009345,0.30864197530864196,0.2523961661341853,0.3598130841121495,0.08644859813084112,0.13317757009345793,0.21962616822429906,0.39361702127659576,0.13317757009345793,0.7407407407407407,0.024691358024691357,2.9509345794392523,0.39953271028037385,1.0537383177570094,0.8504672897196262,0.6308411214953271,0.016355140186915886,2048.783212538579,115.62609937591829,569.4518788377999,103.4035863024713,1.0159078358376616,0.11516356343348515,9295.74228679158,1343.226806250731,423.14064806239423,109.43026587663775,0.3709819927661133,0.07002548433569214,0.09579439252336448,0.11682242990654206,0.21261682242990654,0.551751535948454,0.046652553881745426,15.056582981384219,0.4981905459695697,0.3692262105530232
boombl4,ct,369,36,84.14092140921409,27.869421216471025,0.7452574525745257,0.4173441734417344,100.03523035230353,84.28184281842819,15.753387533875339,7.517615176151762,0.3116531165311653,0.037940379403794036,0.19272727272727272,0.24651162790697675,0.2872628726287263,0.1111111111111111,0.08130081300813008,0.19241192411924118,0.5774647887323944,0.21138211382113822,0.7418181818181818,0.007272727272727273,2.8536585365853657,0.6775067750677507,0.7425474254742548,0.7669376693766937,0.6612466124661247,0.005420054200542005,1977.8343787673093,149.7296771252082,638.5205892349153,141.57123100193127,0.9097879866809205,0.13163329438343552,9935.010716333014,1590.0733577034362,507.36484131061434,109.29040765220756,0.36969207290288736,0.11003711013028693,0.12737127371273713,0.0975609756097561,0.22493224932249323,0.5071851979266776,0.05891808765743343,15.859357172562332,0.6631877771749886,0.4963855889946572
boombl4,t,367,36,59.85558583106267,22.74404689304294,0.4768392370572207,0.24250681198910082,70.40054495912807,107.70572207084469,-37.305177111716624,4.291553133514986,0.2125340599455041,0.02452316076294278,0.28,0.3129496402877698,0.37057220708446864,0.05994550408719346,0.14986376021798364,0.2098092643051771,0.2857142857142857,0.10899182561307902,0.7371428571428571,0.017142857142857144,2.7138964577656677,0.3405994550408719,0.7547683923705722,0.885558583106267,0.7329700272479565,0.0,2018.8807833866624,110.46994738061389,519.000987792484,104.60636554074763,0.9694921611763883,0.07050335972739338,8991.048404344838,1662.7074960321074,398.76110581286747,76.08016719723604,0.4064254422161572,0.08680590825766742,0.06267029972752043,0.1307901907356948,0.19346049046321526,0.5489574517462166,0.05932297275430032,15.298170469394439,0.5326040139377728,0.4335938720683876
br0,ct,143,13,74.87412587412588,21.42123420575006,0.6783216783216783,0.35664335664335667,95.06993006993007,94.94405594405595,0.1258741258741259,4.4825174825174825,0.22377622377622378,0.0,0.23711340206185566,0.29347826086956524,0.34965034965034963,0.0979020979020979,0.11188811188811189,0.2097902097902098,0.4666666666666667,0.15384615384615385,0.7938144329896907,0.010309278350515464,2.202797202797203,0.4195804195804196,0.7482517482517482,0.6013986013986014,0.43356643356643354,0.0,2083.8381494629916,128.4109011744326,651.3860559675364,65.24853126476138,1.0004518305026706,0.13964376466517522,8629.15665808591,1616.5944836018691,494.4764801573487,68.21983119834614,0.3329619188161906,0.0701120828021702,0.0979020979020979,0.08391608391608392,0.18181818181818182,0.5833861654193074,0.056854623154814064,15.653025922859024,0.5575867562545835,0.4151949448186042
br0,t,151,13,71.45033112582782,15.904127262946762,0.5960264900662252,0.25165562913907286,88.62251655629139,99.27152317880795,-10.649006622516556,6.8344370860927155,0.18543046357615894,0.019867549668874173,0.25555555555555554,0.23893805309734514,0.33112582781456956,0.1456953642384106,0.13245033112582782,0.2781456953642384,0.5238095238095238,0.1390728476821192,0.8333333333333334,0.011111111111111112,2.1456953642384105,0.4503311258278146,0.6622516556291391,0.3443708609271523,0.6754966887417219,0.013245033112582781,2025.7863227833757,131.9197768454189,553.3120158702047,114.67081705373847,0.9948539485001124,0.10980260793779731,8447.54595728448,1195.388683686825,426.0371014659551,106.07594193565234,0.41356888472135467,0.10577650054240914,0.10596026490066225,0.10596026490066225,0.2119205298013245,0.5924853775694209,0.03769747855575559,12.00364936786433,0.4388424094207739,0.357100243182959
brnz4n,ct,201,22,74.08457711442786,28.314874610554792,0.6467661691542289,0.3781094527363184,94.7860696517413,85.51243781094527,9.27363184079602,2.398009950248756,0.24378109452736318,0.024875621890547265,0.2153846153846154,0.312,0.3333333333333333,0.12437810945273632,0.05472636815920398,0.1791044776119403,0.6944444444444444,0.12935323383084577,0.7307692307692307,0.007692307692307693,2.2487562189054726,0.3781094527363184,0.472636815920398,0.7661691542288557,0.6318407960199005,0.0,2051.8105643143926,188.03445623713517,836.2809202304602,141.89347234292853,1.124686896714222,0.08591573158721735,7750.875782147022,1316.6254108967296,539.512853473364,97.85413785746863,0.3495026695059427,0.07746322724145259,0.09950248756218906,0.0845771144278607,0.18407960199004975,0.6168585765121154,0.04976268212143217,16.27285415667323,0.7267545582986756,0.4712669051229598
brnz4n,t,210,22,56.7047619047619,16.657301950592355,0.4714285714285714,0.21904761904761905,70.25714285714285,111.05714285714286,-40.8,2.676190476190476,0.1523809523809524,0.004761904761904762,0.43434343434343436,0.25609756097560976,0.40476190476190477,0.05238095238095238,0.1523809523809524,0.20476190476190476,0.2558139534883721,0.10952380952380952,0.7272727272727273,0.0,1.980952380952381,0.3047619047619048,0.580952380952381,0.6761904761904762,0.4142857142857143,0.004761904761904762,2094.925810536962,168.8450972645615,565.4146573203142,126.86527179350992,1.0599732514785565,0.1491195616231398,7110.787467489947,1273.568903562658,363.0424085632874,112.24126683096708,0.4133758921222306,0.09195691327757562,0.1,0.13333333333333333,0.23333333333333334,0.6216812554574418,0.059387246182789254,16.250736680466858,0.4315742316917419,0.38569812294340466
broky,ct,70,6,73.77142857142857,17.71143506248969,0.7428571428571429,0.44285714285714284,122.07142857142857,81.24285714285715,40.82857142857143,5.6,0.32857142857142857,0.14285714285714285,0.25,0.23076923076923078,0.3142857142857143,0.07142857142857142,0.05714285714285714,0.12857142857142856,0.5555555555555556,0.14285714285714285,0.17307692307692307,0.5769230769230769,2.557142857142857,0.6,0.9,0.6428571428571429,0.4142857142857143,0.0,2111.597798463354,69.96151087570296,673.9535507115828,25.511358103651983,0.9516814646790327,0.10534040283602432,9605.971906252766,1006.9800223187302,498.00462452359517,38.32936232546414,0.25647954867455985,0.0396542701175434,0.07142857142857142,0.05714285714285714,0.12857142857142856,0.5824660340445663,0.02882155177355105,13.502330360721785,0.4880287085901435,0.3695927658197237
broky,t,57,6,45.87719298245614,16.34079366990892,0.45614035087719296,0.3157894736842105,65.75438596491227,97.05263157894737,-31.29824561403509,1.1754385964912282,0.15789473684210525,0.10526315789473684,0.5,0.28205128205128205,0.42105263157894735,0.07017543859649122,0.08771929824561403,0.15789473684210525,0.4444444444444444,0.12280701754385964,0.5769230769230769,0.2692307692307692,2.0350877192982457,0.03508771929824561,1.105263157894737,0.42105263157894735,0.47368421052631576,0.0,2068.4072426109024,84.8178705082,466.2737549177811,72.92683160188948,0.8904474003467027,0.09864787102916926,8709.51149361697,1129.0073776897339,320.9391746717965,74.47798676267595,0.34651566459846717,0.08636655738820172,0.03508771929824561,0.12280701754385964,0.15789473684210525,0.5842477638407236,0.053362637592051225,14.14172106854455,0.41824673890952324,0.34887008771594735
brollan,ct,107,11,76.42990654205607,22.70316417584261,0.7009345794392523,0.34579439252336447,97.05607476635514,91.00934579439253,6.046728971962617,6.065420560747664,0.1588785046728972,0.028037383177570093,0.18666666666666668,0.24285714285714285,0.2897196261682243,0.08411214953271028,0.09345794392523364,0.17757009345794392,0.47368421052631576,0.17757009345794392,0.6666666666666666,0.0,2.2336448598130842,0.4766355140186916,0.5607476635514018,0.6635514018691588,0.5327102803738317,0.0,2177.319822369869,112.22602597956751,862.3908273201494,156.23459507415356,1.1506070194313587,0.11039384468008762,8724.701657123444,1355.0757036100106,611.1707940708321,100.16578255380995,0.2698560223354632,0.05040849562691544,0.07476635514018691,0.11214953271028037,0.18691588785046728,0.5952611047189932,0.03514070586830599,14.962538723912107,0.45628423301343624,0.3836143411883785
brollan,t,112,13,63.375,26.191144336715546,0.48214285714285715,0.19642857142857142,77.16071428571429,112.89285714285714,-35.732142857142854,2.794642857142857,0.19642857142857142,0.017857142857142856,0.2777777777777778,0.3333333333333333,0.4017857142857143,0.08035714285714286,0.23214285714285715,0.3125,0.2571428571428571,0.14285714285714285,0.6851851851851852,0.0,1.5446428571428572,0.1875,0.4375,0.375,0.5446428571428571,0.0,1975.9303990249089,119.39270667011412,491.0790741867245,96.40943845025765,0.9675289305417181,0.10166612567294621,7789.73091821636,857.7058068857564,359.3127240988251,85.51700246647836,0.48552514082953546,0.08695486741114318,0.125,0.14285714285714285,0.26785714285714285,0.6179712208771911,0.0431691888228808,14.205503987448553,0.5451954880745411,0.40896609773419046
bymas,ct,326,32,66.61349693251533,25.884806812452705,0.6134969325153374,0.4386503067484663,79.02760736196319,85.06134969325153,-6.033742331288344,2.8496932515337425,0.19938650306748465,0.027607361963190184,0.24,0.17486338797814208,0.24539877300613497,0.06134969325153374,0.07975460122699386,0.1411042944785276,0.43478260869565216,0.15030674846625766,0.79,0.0,1.8773006134969326,0.3220858895705521,0.5030674846625767,0.48773006134969327,0.5644171779141104,0.0,1995.748839930956,115.92513303504265,712.5050132693339,209.65446829747503,0.9358275277978048,0.14614668131399802,9068.79606404392,1160.0826716150705,562.8979745349294,126.69585946601805,0.3464787156062519,0.08358549225499219,0.06748466257668712,0.06134969325153374,0.12883435582822086,0.576718903132504,0.049325968076293004,16.39658121246867,0.6624983286452493,0.45985227432120557
bymas,t,321,30,61.8006230529595,29.059380472802417,0.5233644859813084,0.2585669781931464,75.94080996884735,101.8753894080997,-25.934579439252335,2.177570093457944,0.19314641744548286,0.01557632398753894,0.31547619047619047,0.25210084033613445,0.35202492211838005,0.07165109034267912,0.09034267912772585,0.16199376947040497,0.4423076923076923,0.11526479750778816,0.8333333333333334,0.011904761904761904,1.691588785046729,0.14330218068535824,0.5358255451713395,0.6105919003115264,0.40186915887850466,0.0,2046.540560077955,92.96320349449222,563.6284117551355,127.7352568401661,0.9700054512988076,0.08400857483355702,7933.088719302103,1256.117695241678,380.3881661798987,101.23917242749371,0.4049391461882121,0.07848651330186794,0.07476635514018691,0.11214953271028037,0.18691588785046728,0.5939578610804576,0.04636051299846204,17.683417920103444,0.6655775024225774,0.5017659272709394
c4llm3su3,ct,110,13,65.03636363636363,30.072848267805895,0.6454545454545455,0.45454545454545453,82.10909090909091,76.18181818181819,5.927272727272728,4.836363636363636,0.12727272727272726,0.01818181818181818,0.22535211267605634,0.16666666666666666,0.23636363636363636,0.06363636363636363,0.05454545454545454,0.11818181818181818,0.5384615384615384,0.13636363636363635,0.5774647887323944,0.0,1.9,0.39090909090909093,0.4727272727272727,0.5363636363636364,0.5,0.0,2167.88709935626,134.40869846016025,838.3704553036988,176.90995736343237,1.0555104256891603,0.10852541800344907,8868.144559388913,1204.6132733472639,576.275487780323,90.14314807270216,0.3032285608907144,0.09119947206781444,0.07272727272727272,0.045454545454545456,0.11818181818181818,0.5833035999434203,0.049170241621167385,12.045216311728394,0.7579162331873655,0.45481476102843427
c4llm3su3,t,144,14,66.79166666666667,13.365085823880277,0.6111111111111112,0.3055555555555556,84.45138888888889,98.125,-13.67361111111111,2.611111111111111,0.2013888888888889,0.013888888888888888,0.2159090909090909,0.35,0.375,0.0625,0.09722222222222222,0.1597222222222222,0.391304347826087,0.1527777777777778,0.7954545454545454,0.022727272727272728,1.8125,0.18055555555555555,0.5833333333333334,0.6597222222222222,0.3888888888888889,0.0,2118.8256698795476,103.71135454221522,580.6165297530359,117.71432739645378,1.0458400370813203,0.11339854341264331,8564.22563690863,1624.1336355103635,394.90440170575835,102.31174358206044,0.3868914658871865,0.1023723284814815,0.0763888888888889,0.1111111111111111,0.1875,0.5813606902342224,0.07042715179669946,14.313276331750384,0.35623168591061216,0.3242509168534376
cairne,ct,41,4,59.65853658536585,14.800486662488282,0.5853658536585366,0.2682926829268293,74.3170731707317,96.97560975609755,-22.658536585365855,2.5853658536585367,0.12195121951219512,0.0,0.2916666666666667,0.23333333333333334,0.34146341463414637,0.07317073170731707,0.0975609756097561,0.17073170731707318,0.42857142857142855,0.0975609756097561,0.7083333333333334,0.0,2.1463414634146343,0.5121951219512195,0.4146341463414634,0.7560975609756098,0.4634146341463415,0.0,2095.3326511652913,71.89396276685146,719.757549871465,40.6985252099481,1.0292685569039735,0.12153357809627319,8658.263593602984,669.597256416111,492.48087970883387,96.49592929868147,0.34430579836016,0.040402323259677686,0.07317073170731707,0.04878048780487805,0.12195121951219512,0.5922819501711556,0.026605613931831924,15.079054464220661,0.43185082360567484,0.27867897520190915
cairne,t,40,4,74.725,25.997463818611248,0.6,0.225,89.75,108.625,-18.875,4.3,0.275,0.025,0.25,0.22580645161290322,0.325,0.15,0.1,0.25,0.6,0.125,0.7083333333333334,0.0,1.675,0.4,0.5,0.5,0.275,0.0,2017.0924264681012,81.33827277315433,570.6122529567463,97.70130279768284,1.0187382448340359,0.1491202790845437,8308.589178663542,761.7673704311884,388.78292005031966,67.36221374488711,0.45111132335502874,0.1050473340854191,0.075,0.125,0.2,0.5969799169945478,0.03382301613865916,14.64866319270581,0.4194389109274439,0.3643036255913828
chr1zn,ct,146,15,68.0958904109589,15.270761231256055,0.5821917808219178,0.3287671232876712,82.17808219178082,101.0068493150685,-18.828767123287673,8.342465753424657,0.15753424657534246,0.0,0.23529411764705882,0.24489795918367346,0.3013698630136986,0.10273972602739725,0.1506849315068493,0.2534246575342466,0.40540540540540543,0.136986301369863,0.6235294117647059,0.0,2.636986301369863,0.5068493150684932,0.541095890410959,0.9178082191780822,0.6712328767123288,0.0,2065.2174878168903,167.78540790562545,884.2875534368467,229.98026505431162,1.094395545822912,0.1315758543698106,9272.19744250631,1503.5231216775685,634.8690514665656,140.06116072619935,0.34505665617689624,0.10752646558021298,0.10273972602739725,0.15753424657534246,0.2602739726027397,0.5704342854385978,0.058358459074784964,15.709734550588458,0.40254084127009776,0.3370680801891973
chr1zn,t,155,15,51.81290322580645,24.48632161813439,0.49032258064516127,0.2,65.61290322580645,110.36129032258064,-44.748387096774195,2.0709677419354837,0.15483870967741936,0.025806451612903226,0.39473684210526316,0.3467741935483871,0.47096774193548385,0.05161290322580645,0.2709677419354839,0.3225806451612903,0.16,0.11612903225806452,0.5921052631578947,0.0,2.606451612903226,0.1870967741935484,0.7225806451612903,0.967741935483871,0.7225806451612903,0.0064516129032258064,2026.1429306802693,107.56855319560646,526.850406091257,120.78687565387264,0.9830920562738151,0.11995153674457033,8294.524476568653,1035.0118531621408,403.63927992881173,107.29872552748739,0.41544593609995717,0.07616864053662682,0.06451612903225806,0.24516129032258063,0.3096774193548387,0.6042504597659514,0.04262050874954265,12.579039734669372,0.5824450930433355,0.3877035335322484
cmtry,ct,294,26,67.69727891156462,18.911883986865032,0.6666666666666666,0.45918367346938777,102.9795918367347,77.3843537414966,25.595238095238095,4.3061224489795915,0.20068027210884354,0.061224489795918366,0.21428571428571427,0.22641509433962265,0.2653061224489796,0.1292517006802721,0.0782312925170068,0.20748299319727892,0.6229508196721312,0.14965986394557823,0.20408163265306123,0.576530612244898,2.2108843537414966,0.4557823129251701,0.6462585034013606,0.608843537414966,0.5,0.0,2160.070265376852,113.70577988092761,715.4263252243821,65.48624701413799,1.011375384006667,0.07703710808765295,8464.269316784808,1377.4494336888106,554.5683727180652,71.9850558874746,0.25513297151155745,0.058790353876201934,0.13945578231292516,0.09523809523809523,0.23469387755102042,0.6287828608696767,0.04767949735363973,12.990044040670602,0.42920168495187583,0.3178156804737423
cmtry,t,265,28,52.943396226415096,18.953462404585107,0.49433962264150944,0.33962264150943394,69.40377358490566,89.9132075471698,-20.50943396226415,2.279245283018868,0.22264150943396227,0.10943396226415095,0.33587786259541985,0.21714285714285714,0.30943396226415093,0.04905660377358491,0.07169811320754717,0.12075471698113208,0.40625,0.09433962264150944,0.4122137404580153,0.3282442748091603,2.8566037735849057,0.04905660377358491,1.2867924528301886,1.0226415094339623,0.4981132075471698,0.0,2177.826170906168,117.8050539997458,510.40703894312213,84.37928591752906,0.9387854793844356,0.08086717871523412,8514.549380021977,1268.3548925280336,368.8515323447349,55.67892628124344,0.32741089629372944,0.08050261588735602,0.04905660377358491,0.06415094339622641,0.11320754716981132,0.5802439985677388,0.044142728960044925,16.782604830354934,0.5073791054390564,0.3865783377440679
cobrazera,ct,418,36,74.69856459330144,21.630274124454594,0.7200956937799043,0.39952153110047844,98.30143540669856,87.67942583732058,10.62200956937799,4.279904306220096,0.20334928229665072,0.023923444976076555,0.22259136212624583,0.27091633466135456,0.3229665071770335,0.11244019138755981,0.0861244019138756,0.19856459330143542,0.5662650602409639,0.16985645933014354,0.6976744186046512,0.053156146179401995,2.088516746411483,0.4784688995215311,0.4354066985645933,0.6507177033492823,0.5239234449760766,0.0,2054.8268375708612,163.10689076730597,791.6738967161805,198.0606072287152,1.0078512981688896,0.15249023798331537,9027.063345474164,1293.971519271977,560.2585215085404,123.93905274917293,0.3670020425882284,0.09751714513533992,0.10287081339712918,0.09569377990430622,0.19856459330143542,0.5757747335139151,0.055636324172870275,12.298183222800256,0.6007843089454348,0.4286255116926637
cobrazera,t,428,36,66.01869158878505,18.376855616924264,0.5934579439252337,0.2383177570093458,86.14018691588785,109.2196261682243,-23.07943925233645,3.9906542056074765,0.16121495327102803,0.002336448598130841,0.3110236220472441,0.2668711656441718,0.3878504672897196,0.07009345794392523,0.14953271028037382,0.21962616822429906,0.3191489361702128,0.14485981308411214,0.7401574803149606,0.031496062992125984,1.6565420560747663,0.2827102803738318,0.35514018691588783,0.5654205607476636,0.4532710280373832,0.0,1992.64939916006,97.01282343455084,497.03742721490187,109.14935375592933,0.9168265694704277,0.12579251004143874,8504.886790071987,1138.9970651760866,379.3465055882565,90.80959207144221,0.40977099754397467,0.08831138825143388,0.08177570093457943,0.1425233644859813,0.22429906542056074,0.5861221497016239,0.04456094114881245,11.522223700839422,0.418831820952102,0.32397825212023085
controlez,ct,69,9,80.3623188405797,24.73818924904148,0.7391304347826086,0.3333333333333333,97.4927536231884,88.71014492753623,8.782608695652174,6.405797101449275,0.2318840579710145,0.028985507246376812,0.23529411764705882,0.17391304347826086,0.2898550724637681,0.10144927536231885,0.10144927536231885,0.2028985507246377,0.5,0.2318840579710145,0.6274509803921569,0.0,1.7536231884057971,0.43478260869565216,0.43478260869565216,0.4782608695652174,0.4057971014492754,0.0,2029.38029938862,148.24351293676665,715.8721877679814,125.86161374613327,0.977124289078998,0.05700865015924244,8287.114667071397,1445.3267333079498,528.4698937211023,70.53286700777602,0.3701087525111544,0.0901583728183253,0.14492753623188406,0.057971014492753624,0.2028985507246377,0.5893485455412947,0.06591425729219093,17.84560193567608,0.6667615820451753,0.5450177832975407
controlez,t,105,9,53.05714285714286,19.015202441075036,0.4095238095238095,0.1523809523809524,64.35238095238095,116.54285714285714,-52.19047619047619,2.0952380952380953,0.17142857142857143,0.0,0.16279069767441862,0.23595505617977527,0.26666666666666666,0.08571428571428572,0.2,0.2857142857142857,0.3,0.08571428571428572,0.813953488372093,0.0,1.2476190476190476,0.12380952380952381,0.3523809523809524,0.41904761904761906,0.3523809523809524,0.0,1969.8499322979828,96.27358162834408,549.1633225623794,110.56963047971759,0.9741681240191671,0.08663752162835674,7115.640281594355,1116.011582418947,419.0049349099864,74.00265512382528,0.45278757096200317,0.12334962760807627,0.11428571428571428,0.18095238095238095,0.29523809523809524,0.664024413217595,0.04097132089016711,11.829018673703487,0.36922716664017174,0.3131515979487854
corn,ct,53,6,64.79245283018868,33.29399259686691,0.6037735849056604,0.3584905660377358,76.30188679245283,97.81132075471699,-21.50943396226415,6.886792452830188,0.18867924528301888,0.09433962264150944,0.3125,0.23529411764705882,0.33962264150943394,0.05660377358490566,0.03773584905660377,0.09433962264150944,0.6,0.16981132075471697,0.625,0.0,1.7924528301886793,0.4339622641509434,0.4339622641509434,0.49056603773584906,0.4339622641509434,0.0,2101.569446401068,115.97145651214873,738.9898467244798,148.0651940627166,0.9526287670599461,0.07545624154627494,9331.571998250494,1274.518489253021,483.29212672178124,64.6428037760471,0.3863636851568376,0.06448252223936056,0.03773584905660377,0.03773584905660377,0.07547169811320754,0.5553788753754152,0.058119879489403135,16.535618647968438,0.772486179009316,0.6355580915408394
corn,t,52,6,29.903846153846153,16.755019581540232,0.23076923076923078,0.057692307692307696,33.05769230769231,120.86538461538461,-87.8076923076923,3.019230769230769,0.1346153846153846,0.038461538461538464,0.5833333333333334,0.20408163265306123,0.3269230769230769,0.038461538461538464,0.11538461538461539,0.15384615384615385,0.25,0.038461538461538464,0.4166666666666667,0.0,1.3846153846153846,0.21153846153846154,0.2692307692307692,0.6923076923076923,0.21153846153846154,0.0,2121.0771626520022,201.46304755584575,428.40266537911407,49.659551764701,0.9265866576627209,0.05440798057929011,6827.81954355289,1213.488486969895,279.7652033677519,37.798643873797666,0.3906649691949663,0.06796792350429176,0.038461538461538464,0.15384615384615385,0.19230769230769232,0.6152442395350624,0.04945896467895527,19.344899426994143,0.4037943648111677,0.2838431415838637
crepow,ct,53,6,51.54716981132076,23.796258654509028,0.33962264150943394,0.1509433962264151,59.905660377358494,110.52830188679245,-50.62264150943396,9.018867924528301,0.3018867924528302,0.03773584905660377,0.1111111111111111,0.3111111111111111,0.3018867924528302,0.07547169811320754,0.2641509433962264,0.33962264150943394,0.2222222222222222,0.09433962264150944,0.5555555555555556,0.0,1.830188679245283,0.4339622641509434,0.39622641509433965,0.5094339622641509,0.4339622641509434,0.05660377358490566,1969.630657593339,86.11737107360457,766.8159845395767,170.97590232166547,1.0211854792716881,0.06750119107605933,7076.531244707129,340.2265518044774,553.4998267614437,95.7557164194291,0.4470332751788562,0.04981539502906693,0.09433962264150944,0.24528301886792453,0.33962264150943394,0.668062309743938,0.02902918516422766,14.601492787728189,0.39642345729506223,0.30130680666512194
crepow,t,52,6,51.82692307692308,37.46993041632635,0.4230769230769231,0.038461538461538464,58.80769230769231,123.67307692307692,-64.86538461538461,3.0961538461538463,0.1346153846153846,0.0,0.2727272727272727,0.14,0.25,0.09615384615384616,0.21153846153846154,0.3076923076923077,0.3125,0.07692307692307693,0.5909090909090909,0.0,1.6923076923076923,0.46153846153846156,0.36538461538461536,0.46153846153846156,0.3269230769230769,0.07692307692307693,2020.9604605024276,273.04610163442277,538.7541538913902,99.86679218553738,1.125437148627322,0.07798715574147949,5954.997115976647,1162.523325799941,375.678536455806,85.38309776549428,0.4951305420984489,0.10070953533635281,0.1346153846153846,0.23076923076923078,0.36538461538461536,0.6684352207344744,0.06571304793978029,15.880293250509421,0.7982952369215485,0.5690749783297855
d1ledez,ct,238,23,72.7016806722689,22.658329067407468,0.6596638655462185,0.42016806722689076,91.9327731092437,85.84873949579831,6.084033613445378,2.4747899159663866,0.23949579831932774,0.037815126050420166,0.22929936305732485,0.2898550724637681,0.31932773109243695,0.07983193277310924,0.04201680672268908,0.12184873949579832,0.6551724137931034,0.16806722689075632,0.802547770700637,0.0,2.46218487394958,0.6134453781512605,0.453781512605042,0.7478991596638656,0.6470588235294118,0.0,2081.742718407198,153.60219132053635,782.1266022814399,272.184536981277,1.0343731305553616,0.17319560476864798,8264.104787973825,1205.7505643581853,537.3719611329042,130.5181228687011,0.3251489234379497,0.08892252430894648,0.09663865546218488,0.03361344537815126,0.13025210084033614,0.5794016733194746,0.0532345451319182,13.187596533706781,0.5868694512921657,0.42423745117661144
d1ledez,t,230,23,73.33478260869565,27.462438374226135,0.6826086956521739,0.2608695652173913,97.68695652173913,103.2695652173913,-5.582608695652174,2.152173913043478,0.14782608695652175,0.008695652173913044,0.29936305732484075,0.21764705882352942,0.3652173913043478,0.06521739130434782,0.11739130434782609,0.1826086956521739,0.35714285714285715,0.1608695652173913,0.7707006369426752,0.006369426751592357,2.0608695652173914,0.2217391304347826,0.5869565217391305,0.8260869565217391,0.4260869565217391,0.0,2016.9876163926579,99.82881571817651,487.6361050228626,110.77501923844704,0.923161686784099,0.10835420072266992,7861.821718897383,978.7390563057852,338.57435860763275,82.39770254315691,0.41267433075858884,0.07788403876167461,0.05217391304347826,0.10434782608695652,0.1565217391304348,0.5850991010490422,0.05040019346501913,15.56423359915038,0.6987131788963126,0.48697547579659123
daps,ct,33,3,57.72727272727273,20.959443105199004,0.42424242424242425,0.2727272727272727,65.3030303030303,95.33333333333333,-30.03030303030303,1.0606060606060606,0.15151515151515152,0.030303030303030304,0.14285714285714285,0.16666666666666666,0.18181818181818182,0.06060606060606061,0.06060606060606061,0.12121212121212122,0.5,0.09090909090909091,0.7142857142857143,0.0,1.0909090909090908,0.18181818181818182,0.2727272727272727,0.36363636363636365,0.2727272727272727,0.0,1918.112427201277,98.22556840045053,721.0129266588028,75.79650378233937,1.108064468077174,0.12083881913995596,7234.366134505817,1407.910924941932,562.7731145381413,99.72408458031002,0.4243870072178731,0.04678105533142789,0.0,0.06060606060606061,0.06060606060606061,0.6309543570175233,0.03889616019242804,19.591793788175277,0.36794852316931426,0.36151013409610117
daps,t,31,3,50.935483870967744,14.795419555376995,0.3548387096774194,0.12903225806451613,58.774193548387096,128.03225806451613,-69.25806451612904,2.7096774193548385,0.1935483870967742,0.03225806451612903,0.0,0.18518518518518517,0.16129032258064516,0.12903225806451613,0.0967741935483871,0.22580645161290322,0.5714285714285714,0.03225806451612903,0.45454545454545453,0.0,1.935483870967742,0.3225806451612903,0.6451612903225806,0.3870967741935484,0.5806451612903226,0.0,2036.1713965939293,34.84949606898166,735.6334856053016,175.93113245545692,1.1709713278408975,0.07521114317396824,8006.931776191892,479.8824293313614,625.1733529156766,169.918782395349,0.40838736653720364,0.08915479791125475,0.0967741935483871,0.0967741935483871,0.1935483870967742,0.5969659184554124,0.01771075953274797,3.8716077299935012,0.07531182389961928,0.0810039062626496
dav1g,ct,141,13,78.7872340425532,26.85916327903433,0.6666666666666666,0.41134751773049644,94.1418439716312,87.31914893617021,6.822695035460993,2.4893617021276597,0.2978723404255319,0.0425531914893617,0.2127659574468085,0.3493975903614458,0.3475177304964539,0.07801418439716312,0.09929078014184398,0.1773049645390071,0.44,0.1773049645390071,0.6595744680851063,0.010638297872340425,2.24822695035461,0.3546099290780142,0.6453900709219859,0.7304964539007093,0.5177304964539007,0.0,1930.3546544701842,142.89688405608442,649.3069522634266,195.22416041890654,0.9272369450607446,0.14277895749683844,8810.242505493785,1269.504658929099,512.2951555279382,99.16588966614401,0.40848006880317855,0.10357883863247752,0.11347517730496454,0.06382978723404255,0.1773049645390071,0.6006836365284033,0.05371938237272265,9.82868428683965,0.5403224713933605,0.4027021907165299
dav1g,t,138,13,63.95652173913044,26.624400007615712,0.47101449275362317,0.2536231884057971,73.8768115942029,108.57246376811594,-34.69565217391305,2.2971014492753623,0.2246376811594203,0.007246376811594203,0.3076923076923077,0.20388349514563106,0.2971014492753623,0.13043478260869565,0.17391304347826086,0.30434782608695654,0.42857142857142855,0.08695652173913043,0.7230769230769231,0.0,1.934782608695652,0.18840579710144928,0.5579710144927537,0.7463768115942029,0.43478260869565216,0.007246376811594203,2037.1252298492207,122.34627513530569,540.072329740654,92.33119898301233,1.007185878829107,0.12777363405423775,8592.787715961224,1646.3778282078304,411.19837698438766,118.55124780444469,0.43319426447154485,0.07891103503017709,0.10869565217391304,0.2028985507246377,0.3115942028985507,0.5928315867822516,0.06492431440179187,9.301413776223777,0.5741067570883398,0.38800988249551815
dem0n,ct,294,26,73.20748299319727,20.419460855441415,0.6802721088435374,0.391156462585034,94.46938775510205,85.74149659863946,8.727891156462585,3.4829931972789114,0.1564625850340136,0.017006802721088437,0.23,0.25139664804469275,0.30952380952380953,0.08503401360544217,0.08163265306122448,0.16666666666666666,0.5102040816326531,0.17006802721088435,0.825,0.0,2.0238095238095237,0.5306122448979592,0.391156462585034,0.5782312925170068,0.5238095238095238,0.0,2104.264699264336,148.65113864545714,736.5851926552358,153.86762897357713,1.0172853792617418,0.14192887506335308,8959.46162552979,1007.8188823170358,511.3153368465106,116.96019398119105,0.3237220501680075,0.06721446581873321,0.08843537414965986,0.05442176870748299,0.14285714285714285,0.5662398803203735,0.040409299954140755,12.631809811373982,0.517517248052034,0.32691287882441844
dem0n,t,265,28,77.95094339622642,21.925189425795175,0.7169811320754716,0.3018867924528302,102.58867924528302,99.20754716981132,3.3811320754716983,3.7735849056603774,0.16981132075471697,0.018867924528301886,0.3526315789473684,0.23243243243243245,0.41509433962264153,0.09811320754716982,0.11320754716981132,0.21132075471698114,0.4642857142857143,0.20754716981132076,0.8157894736842105,0.0,1.818867924528302,0.3169811320754717,0.4075471698113208,0.5735849056603773,0.5132075471698113,0.007547169811320755,2061.3226522714813,99.37929735683193,519.1696668967243,108.8753460722674,0.9441334371696034,0.09903421663703246,8315.829737177704,1339.1044600835169,353.98350393413443,84.79052989590781,0.41427343820984636,0.0755956633770642,0.0830188679245283,0.13584905660377358,0.2188679245283019,0.5679553871759488,0.05227952252673288,16.958659928930455,0.6212653420093901,0.5031175853480586
dexter,ct,46,5,76.58695652173913,19.3209897481934,0.6956521739130435,0.34782608695652173,90.8695652173913,91.1086956521739,-0.2391304347826087,9.608695652173912,0.17391304347826086,0.021739130434782608,0.25,0.13333333333333333,0.2608695652173913,0.08695652173913043,0.1956521739130435,0.2826086956521739,0.3076923076923077,0.17391304347826086,0.75,0.03125,2.0434782608695654,0.5434782608695652,0.5652173913043478,0.4782608695652174,0.45652173913043476,0.0,2075.8095762465546,194.19500223499026,800.2601816072785,189.06443469617068,0.9374298334884696,0.11955087274959876,7704.79101369659,518.3899443569303,580.5005978684306,83.10431527616174,0.32799094797376166,0.0664238929755317,0.15217391304347827,0.17391304347826086,0.32608695652173914,0.6412235541550458,0.031679805666730815,15.03207861837796,0.4342144095663677,0.30399447645550376
dexter,t,56,5,73.08928571428571,28.19833409828262,0.625,0.16071428571428573,88.46428571428571,110.85714285714286,-22.392857142857142,8.053571428571429,0.19642857142857142,0.05357142857142857,0.42857142857142855,0.2765957446808511,0.5,0.03571428571428571,0.08928571428571429,0.125,0.2857142857142857,0.10714285714285714,0.6571428571428571,0.02857142857142857,2.3214285714285716,0.375,0.8035714285714286,0.6785714285714286,0.42857142857142855,0.03571428571428571,2117.070751146251,127.21532877703956,477.3648962793041,122.7125774603691,0.9114896858114925,0.12909214360345592,7638.875580109153,648.1374993364153,370.0548920350877,141.99603904127008,0.3721243231494165,0.04846735187658581,0.03571428571428571,0.07142857142857142,0.10714285714285714,0.6256522430790571,0.0170436526931699,11.434150423987225,0.6454364179707069,0.43081427662541216
dgt,ct,327,33,83.24159021406727,25.89903213695824,0.7889908256880734,0.4709480122324159,103.21406727828746,85.43119266055047,17.782874617737004,7.409785932721713,0.2415902140672783,0.03669724770642202,0.24806201550387597,0.3179190751445087,0.363914373088685,0.1529051987767584,0.0581039755351682,0.21100917431192662,0.7246376811594203,0.19571865443425077,0.8410852713178295,0.003875968992248062,2.159021406727829,0.6452599388379205,0.42507645259938837,0.5596330275229358,0.5290519877675841,0.0,2040.6417965482392,149.5433749367274,583.5631952669579,75.85806442072557,0.8408443787152393,0.12265763338841969,9382.52295642652,1500.6962858044133,495.28453884894185,75.48985342046235,0.30856032017056356,0.08258729650766991,0.1437308868501529,0.11314984709480122,0.25688073394495414,0.5452535721220073,0.054879197283652294,11.809417709687343,0.6684542743003482,0.46029064424978844
dgt,t,346,33,78.67630057803468,27.863115907307446,0.684971098265896,0.33815028901734107,97.24277456647398,95.06647398843931,2.1763005780346822,2.878612716763006,0.18786127167630057,0.008670520231213872,0.25738396624472576,0.1965065502183406,0.3063583815028902,0.0953757225433526,0.07514450867052024,0.17052023121387283,0.559322033898305,0.17630057803468208,0.7890295358649789,0.0,1.569364161849711,0.3786127167630058,0.2861271676300578,0.407514450867052,0.49710982658959535,0.0,2090.363831537389,160.17415520874502,654.0061622821073,125.51374484888704,1.15965798058299,0.10704377634595619,8887.490362905139,1703.8408015762036,521.455232026315,114.02878223437273,0.3830381683905194,0.087166746417674,0.11849710982658959,0.07225433526011561,0.1907514450867052,0.5403659284295194,0.06549996623059008,17.889708233072657,0.6234161825030469,0.4536634722139657
doc,ct,61,7,87.85245901639344,43.61335018390672,0.7377049180327869,0.3442622950819672,113.36065573770492,87.47540983606558,25.885245901639344,2.80327868852459,0.18032786885245902,0.0,0.17777777777777778,0.25,0.29508196721311475,0.18032786885245902,0.09836065573770492,0.2786885245901639,0.6470588235294118,0.21311475409836064,0.7555555555555555,0.0,2.0655737704918034,0.39344262295081966,0.5409836065573771,0.6229508196721312,0.5081967213114754,0.0,2126.81473978876,233.90105283906504,783.2292222072958,186.10463610998295,1.0780304663119378,0.11619582673986072,7520.635125639501,1489.797919493355,498.5208560365312,140.71849936307828,0.34801986037771815,0.15534424579928563,0.21311475409836064,0.09836065573770492,0.3114754098360656,0.6288520998719813,0.038879880447297385,16.33950747163687,0.9910327079041601,0.5840005604246074
doc,t,59,6,62.86440677966102,14.634301850346729,0.5254237288135594,0.22033898305084745,85.11864406779661,108.15254237288136,-23.033898305084747,1.6101694915254237,0.2033898305084746,0.01694915254237288,0.2903225806451613,0.21739130434782608,0.3220338983050847,0.13559322033898305,0.22033898305084745,0.3559322033898305,0.38095238095238093,0.11864406779661017,0.6774193548387096,0.03225806451612903,1.6610169491525424,0.2711864406779661,0.5423728813559322,0.4915254237288136,0.3559322033898305,0.0,1965.106681404399,107.90870222296823,521.4942238954843,103.01099549587393,1.0746194659050803,0.17159458482319256,7396.310016518111,790.5078635877853,398.6203986482681,127.80549375402893,0.438655646088142,0.0757095620163401,0.13559322033898305,0.1694915254237288,0.3050847457627119,0.6197372638001482,0.031098713139109634,19.768691044502155,0.47280709193685744,0.38869065509418993
donk,ct,364,33,102.52472527472527,27.654686184270624,1.0357142857142858,0.4065934065934066,134.01923076923077,86.6456043956044,47.37362637362637,4.343406593406593,0.260989010989011,0.008241758241758242,0.20159151193633953,0.30092592592592593,0.3873626373626374,0.20604395604395603,0.054945054945054944,0.260989010989011,0.7894736842105263,0.29120879120879123,0.8037135278514589,0.013262599469496022,2.25,0.75,0.39285714285714285,0.5879120879120879,0.510989010989011,0.008241758241758242,1946.2299597598862,111.62947231929078,679.0239223968484,169.80596787675165,0.9226332051435319,0.12489211797026564,9665.011320663169,1089.8932570598465,491.7564868358449,63.23044287514391,0.3326264984551061,0.07413669965487972,0.1813186813186813,0.09065934065934066,0.27197802197802196,0.5458374384492967,0.0364308201314834,9.248482520987995,0.7449450816000635,0.4706358061670568
donk,t,367,33,93.04904632152588,26.058607394985064,0.8692098092643051,0.2888283378746594,120.59128065395096,105.55858310626704,15.032697547683924,4.160762942779291,0.2615803814713896,0.013623978201634877,0.2852664576802508,0.32567049808429116,0.47956403269754766,0.18528610354223432,0.1335149863760218,0.3188010899182561,0.5811965811965812,0.23978201634877383,0.8432601880877743,0.006269592476489028,2.002724795640327,0.37329700272479566,0.5068119891008175,0.5122615803814714,0.6103542234332425,0.0,1990.037208186771,131.95477052850637,543.1284160630887,76.03677145561905,0.8996501729305049,0.07557518636922642,9581.429360320948,1643.6989095839501,349.7223096989018,51.24040203780672,0.38060715927640304,0.06332714737393433,0.14713896457765668,0.1444141689373297,0.29155313351498635,0.563240514407188,0.062454025917562314,14.414712531597935,0.6362295653263349,0.4721743815152296
dumau,ct,447,45,87.63982102908277,25.206202848754167,0.756152125279642,0.40268456375838924,105.92841163310962,88.77852348993288,17.149888143176735,9.393736017897092,0.27740492170022374,0.040268456375838924,0.17159763313609466,0.27340823970037453,0.2930648769574944,0.13646532438478748,0.10067114093959731,0.2371364653243848,0.5754716981132075,0.19910514541387025,0.7662721893491125,0.0029585798816568047,2.8165548098434003,0.7472035794183445,0.6733780760626398,0.7002237136465325,0.6957494407158836,0.0,2035.0925158408284,177.24599379088602,700.3124338478543,163.04663069407218,0.9231982460823421,0.11168296094987067,9152.717995619623,1462.6096723838925,513.5812921660356,93.45026384799395,0.3677877940111831,0.11235919668879087,0.1342281879194631,0.08277404921700224,0.21700223713646533,0.5904503440223511,0.05108671292137754,11.982894395308012,0.6379359053065708,0.39598177391029826
dumau,t,436,45,77.51834862385321,23.6127262437238,0.7385321100917431,0.268348623853211,98.98394495412845,105.34174311926606,-6.3577981651376145,4.912844036697248,0.20871559633027523,0.01834862385321101,0.2888198757763975,0.2884012539184953,0.4243119266055046,0.13302752293577982,0.1559633027522936,0.2889908256880734,0.4603174603174603,0.19036697247706422,0.8416149068322981,0.0,2.3577981651376145,0.3646788990825688,0.7706422018348624,0.5825688073394495,0.6284403669724771,0.011467889908256881,2015.9336572721108,111.01785190934777,529.7707591847097,94.79558071781462,0.9833768733628327,0.09097012703063416,8263.090693650447,1225.7096601977896,369.25621650711315,77.27323366213172,0.42178092662944006,0.0743202855904151,0.12614678899082568,0.16055045871559634,0.286697247706422,0.6150139323470099,0.04973157389058534,15.162151845744415,0.6171696627938719,0.447460164603081
dziugss,ct,294,26,80.06122448979592,25.689137105519713,0.6972789115646258,0.3877551020408163,97.54421768707483,86.84013605442176,10.704081632653061,3.938775510204082,0.24829931972789115,0.030612244897959183,0.18536585365853658,0.2777777777777778,0.29931972789115646,0.10204081632653061,0.08163265306122448,0.1836734693877551,0.5555555555555556,0.19387755102040816,0.8,0.0,2.370748299319728,0.5,0.5238095238095238,0.7925170068027211,0.5544217687074829,0.0,2076.882110017376,163.75340964692072,761.7452851263042,178.8734635535262,1.0461183414145403,0.14341343709623208,8901.087461556945,1234.9687806425577,546.3376681063214,104.13346616868424,0.33477009025773746,0.08820612950607101,0.11564625850340136,0.0782312925170068,0.19387755102040816,0.5675023758263907,0.045599675622978085,11.775001802155089,0.6051621075282184,0.38841355725472754
dziugss,t,265,28,75.83018867924528,31.25014955744876,0.7094339622641509,0.30943396226415093,96.06415094339623,99.92075471698114,-3.8566037735849057,3.3245283018867924,0.18490566037735848,0.026415094339622643,0.30851063829787234,0.3005464480874317,0.42641509433962266,0.10943396226415095,0.0830188679245283,0.19245283018867926,0.5686274509803921,0.18490566037735848,0.7712765957446809,0.005319148936170213,1.9132075471698113,0.4037735849056604,0.35094339622641507,0.569811320754717,0.5886792452830188,0.0,2096.1788478680846,133.82205958319005,610.9726604300624,130.13307769533614,1.0681507089783229,0.13944659609556612,8178.745465452994,1096.3888811449442,452.93845779987896,114.3612772067113,0.39462247282855734,0.0813697739290974,0.12452830188679245,0.08679245283018867,0.21132075471698114,0.5724587943824299,0.03881291094204176,14.66432944295733,0.6213110416811398,0.44191699724727035
electronic,ct,61,7,66.36065573770492,32.70034341279919,0.639344262295082,0.3770491803278688,82.98360655737704,88.06557377049181,-5.081967213114754,3.8360655737704916,0.14754098360655737,0.06557377049180328,0.23076923076923078,0.2894736842105263,0.32786885245901637,0.08196721311475409,0.08196721311475409,0.16393442622950818,0.5,0.16393442622950818,0.6410256410256411,0.0,1.9836065573770492,0.45901639344262296,0.5081967213114754,0.6557377049180327,0.36065573770491804,0.0,2047.1771556759252,124.43446712435693,685.3222682061925,158.61049205324193,0.8209055286786524,0.08594857176456294,8812.370325451968,656.0363975619574,551.2751379390121,77.25082468068224,0.30960611721645037,0.0584453835436289,0.06557377049180328,0.11475409836065574,0.18032786885245902,0.5849197756749651,0.02410117269489892,8.731635151402731,0.6195834478782568,0.3835976921132135
electronic,t,83,7,59.44578313253012,20.043788307713147,0.4939759036144578,0.24096385542168675,74.08433734939759,107.27710843373494,-33.19277108433735,1.8313253012048192,0.1927710843373494,0.024096385542168676,0.3902439024390244,0.2857142857142857,0.40963855421686746,0.060240963855421686,0.0963855421686747,0.1566265060240964,0.38461538461538464,0.060240963855421686,0.7317073170731707,0.0,1.9156626506024097,0.3132530120481928,0.6746987951807228,0.4819277108433735,0.4457831325301205,0.0,2022.261897450866,94.6294353411019,616.9352760703413,69.6057498012198,1.0559353558237086,0.09235785861923604,8852.586769286132,1628.8097074918394,440.0938329111521,79.24271829427619,0.4029804216796367,0.0598149199817184,0.04819277108433735,0.12048192771084337,0.1686746987951807,0.5620495240391764,0.04530759883587877,19.75633112678513,0.3171568415987546,0.40258402492272444
elige,ct,210,22,87.26666666666667,26.045792600795803,0.7761904761904762,0.34285714285714286,107.39047619047619,92.32380952380953,15.066666666666666,4.476190476190476,0.2857142857142857,0.01904761904761905,0.19631901840490798,0.34782608695652173,0.38095238095238093,0.15714285714285714,0.0761904761904762,0.23333333333333334,0.673469387755102,0.20476190476190476,0.7852760736196319,0.0,2.204761904761905,0.5666666666666667,0.5428571428571428,0.5761904761904761,0.5142857142857142,0.004761904761904762,2015.1801947954305,109.6066064296211,668.8245925803334,122.51792374732331,0.947754919738175,0.11424465201882873,8881.019924790337,1126.2910399944008,523.4638746944563,74.38847696587156,0.3524592435012138,0.07541610859354275,0.12380952380952381,0.11904761904761904,0.24285714285714285,0.5733249437492189,0.05228276516569292,16.0559088124032,0.5850871424717129,0.4117021791654084
elige,t,231,21,67.77056277056278,25.934466772636416,0.5757575757575758,0.20346320346320346,86.18614718614718,114.51948051948052,-28.333333333333332,4.268398268398268,0.2077922077922078,0.004329004329004329,0.3609022556390977,0.32608695652173914,0.4675324675324675,0.09956709956709957,0.15151515151515152,0.2510822510822511,0.39655172413793105,0.1038961038961039,0.7142857142857143,0.007518796992481203,1.9134199134199135,0.36796536796536794,0.46320346320346323,0.5627705627705628,0.5194805194805194,0.0,2016.4979359891086,108.00330909832624,522.6355258853109,88.79247922058552,0.9717565877275051,0.08703537979206073,8294.561878652416,1631.0826530606464,378.80118562318654,98.31473564134686,0.4048678971578097,0.06917124623064543,0.09090909090909091,0.15151515151515152,0.24242424242424243,0.5836519402158057,0.052066823440292356,15.022279180362995,0.670516584343929,0.4693557001561934
emiliaqaq,ct,110,13,81.85454545454546,22.1365095508849,0.7545454545454545,0.39090909090909093,105.12727272727273,92.85454545454546,12.272727272727273,5.3090909090909095,0.24545454545454545,0.045454545454545456,0.21686746987951808,0.1791044776119403,0.2727272727272727,0.1,0.045454545454545456,0.14545454545454545,0.6875,0.21818181818181817,0.7590361445783133,0.0,1.7818181818181817,0.36363636363636365,0.4,0.6181818181818182,0.4,0.0,2085.0686942473953,159.17703160485186,840.9373474524168,237.66894285142521,1.0758661335898567,0.17160905567222962,8743.553410861718,1446.9007864672396,560.9815910396438,122.84560590314047,0.3418699712467427,0.06779523581066782,0.13636363636363635,0.03636363636363636,0.17272727272727273,0.6002820148040502,0.03957181504813914,16.648750701123834,0.6775070735503383,0.45647576694143177
emiliaqaq,t,144,14,56.93055555555556,22.979291536210866,0.5416666666666666,0.20833333333333334,74.77083333333333,107.11111111111111,-32.34027777777778,6.125,0.1736111111111111,0.020833333333333332,0.34615384615384615,0.21929824561403508,0.3611111111111111,0.10416666666666667,0.1597222222222222,0.2638888888888889,0.39473684210526316,0.13194444444444445,0.6025641025641025,0.0,1.8125,0.3263888888888889,0.4930555555555556,0.4375,0.5555555555555556,0.0,2113.0580618487334,106.53273781732422,574.4586153037917,102.73256661185754,1.044809611366784,0.11723443560523068,7953.8842428308835,1119.4290000591654,416.3628382159572,101.68609158343978,0.3762124888302861,0.06439184624289702,0.09722222222222222,0.1388888888888889,0.2361111111111111,0.6115185026734531,0.0375947331868387,16.554494152810694,0.5934670690861004,0.4111124946883468
esenthial,ct,463,41,66.54427645788337,25.739984310765166,0.6436285097192225,0.4168466522678186,85.04967602591793,82.40820734341253,2.6414686825053995,3.352051835853132,0.18142548596112312,0.01079913606911447,0.2348993288590604,0.2814814814814815,0.31533477321814257,0.0755939524838013,0.08855291576673865,0.16414686825053995,0.4605263157894737,0.1511879049676026,0.7348993288590604,0.006711409395973154,2.1727861771058317,0.5809935205183585,0.2224622030237581,0.6652267818574514,0.7041036717062635,0.0,2169.644818328925,144.25339108655012,788.8475321665784,193.88338744954544,1.0530994930278617,0.16182051136869588,8930.847929218102,1176.3678379511155,541.2839965768859,126.46572916244304,0.309244279625157,0.08377390537598553,0.07127429805615551,0.06479481641468683,0.13606911447084233,0.5565835349877815,0.05442487992275159,14.930818282887207,0.645948996710101,0.4426278145301818
esenthial,t,438,40,56.853881278538815,18.255235625433798,0.5205479452054794,0.2648401826484018,74.53196347031964,101.69634703196347,-27.164383561643834,3.2077625570776256,0.14840182648401826,0.01141552511415525,0.35964912280701755,0.22981366459627328,0.3561643835616438,0.0502283105022831,0.0821917808219178,0.1324200913242009,0.3793103448275862,0.1004566210045662,0.7894736842105263,0.008771929824561403,1.82648401826484,0.3538812785388128,0.3584474885844749,0.6050228310502284,0.5091324200913242,0.0,2100.8521716314226,93.22191528835158,612.8214485440451,109.53555147881305,1.0584376918273253,0.08677674149249666,8466.647672868736,1139.2296662828587,445.90088025452786,107.59515844739947,0.36934919680745254,0.07872257670970995,0.0593607305936073,0.0730593607305936,0.1324200913242009,0.5712749521305018,0.04539460744899716,15.418449928867325,0.44967563697579227,0.34431163528876635
ex3rcice,ct,46,4,71.76086956521739,14.171608352682775,0.6521739130434783,0.45652173913043476,93.84782608695652,80.02173913043478,13.826086956521738,11.369565217391305,0.2826086956521739,0.043478260869565216,0.23333333333333334,0.4,0.3695652173913043,0.08695652173913043,0.06521739130434782,0.15217391304347827,0.5714285714285714,0.13043478260869565,0.8,0.03333333333333333,2.0652173913043477,0.41304347826086957,0.3695652173913043,0.6304347826086957,0.6521739130434783,0.0,2106.434361715888,138.8704243819991,840.4623141876248,298.237563989748,1.0963372590771672,0.21780561746904872,8703.587455955962,1101.0149392721148,566.5690121673442,140.98424457867225,0.31322734184958634,0.06426835859342996,0.08695652173913043,0.06521739130434782,0.15217391304347827,0.5869386313696424,0.024144316341184864,9.137333487622033,0.5112900397288197,0.35061524347875184
ex3rcice,t,46,4,50.95652173913044,15.60635301947152,0.5,0.13043478260869565,69.93478260869566,119.41304347826087,-49.47826086956522,2.369565217391304,0.13043478260869565,0.0,0.5217391304347826,0.25,0.4782608695652174,0.021739130434782608,0.2826086956521739,0.30434782608695654,0.07142857142857142,0.15217391304347827,0.7391304347826086,0.0,1.6521739130434783,0.32608695652173914,0.45652173913043476,0.391304347826087,0.4782608695652174,0.0,2027.851197337664,86.87768861139698,565.4618007102184,97.02512913975703,1.1257701789050838,0.09722953004131568,7347.119703184616,1654.2326107120546,442.8638825283005,69.68180250567956,0.40148395795189473,0.04253142775150876,0.06521739130434782,0.1956521739130435,0.2608695652173913,0.6349236686763576,0.05519996680935581,12.58243141607633,0.5658321656618175,0.4083501712272326
fallen,ct,310,29,68.8741935483871,24.53707107952429,0.6290322580645161,0.4645161290322581,86.33225806451613,75.36774193548388,10.964516129032258,5.380645161290323,0.21935483870967742,0.035483870967741936,0.14871794871794872,0.3132530120481928,0.26129032258064516,0.1,0.07096774193548387,0.17096774193548386,0.5849056603773585,0.16129032258064516,0.6256410256410256,0.046153846153846156,2.596774193548387,0.4806451612903226,0.7161290322580646,0.7806451612903226,0.6193548387096774,0.0,2142.3558951251734,131.42452406528193,866.0924648000081,170.41689120510685,1.1111065575992098,0.12976640157875122,9382.307437002026,1321.7795130475565,606.3305029408439,135.2768255920867,0.2952557322042698,0.07080736612373525,0.1032258064516129,0.06451612903225806,0.16774193548387098,0.5658700283027855,0.06118705728768254,13.988674282075547,0.6059527856081577,0.4346267080319732
fallen,t,296,29,54.12162162162162,20.99409965036405,0.4864864864864865,0.2905405405405405,69.01013513513513,98.3141891891892,-29.304054054054053,4.1891891891891895,0.2635135135135135,0.08783783783783784,0.3472222222222222,0.30952380952380953,0.3885135135135135,0.04391891891891892,0.11824324324324324,0.16216216216216217,0.2708333333333333,0.10135135135135136,0.6875,0.027777777777777776,3.6554054054054053,0.16216216216216217,1.5202702702702702,1.3310810810810811,0.6317567567567568,0.010135135135135136,2101.529708279819,137.50402451877184,504.74757798936076,97.07380936863512,0.8918493591578025,0.05400188295367375,10177.258206146464,2063.0186587931266,372.1548905668803,76.563437655272,0.35577932265636364,0.08076954738922706,0.05067567567567568,0.11148648648648649,0.16216216216216217,0.5453486188297156,0.06211842635899523,16.606369196783373,0.5288158975400382,0.40220289505572077
fame,ct,85,7,90.69411764705882,10.665406216721161,0.8470588235294118,0.4117647058823529,118.27058823529411,82.36470588235294,35.90588235294118,4.364705882352941,0.2235294117647059,0.03529411764705882,0.20833333333333334,0.22,0.3058823529411765,0.17647058823529413,0.07058823529411765,0.24705882352941178,0.7142857142857143,0.21176470588235294,0.7916666666666666,0.0,2.070588235294118,0.35294117647058826,0.47058823529411764,0.5411764705882353,0.7058823529411765,0.0,1963.7435058611961,99.36965802311397,663.9243975355511,133.94287530868755,0.9272100706892608,0.09146265000170196,9685.263702980074,1045.3751396677567,466.4563933970382,97.33654820442159,0.36861737136456074,0.07941597007630352,0.15294117647058825,0.09411764705882353,0.24705882352941178,0.5724458115591057,0.024881471197031404,13.699455099674982,0.4324351542483075,0.3482727391128198
fame,t,87,7,69.0,21.024138985049913,0.5862068965517241,0.21839080459770116,91.70114942528735,111.34482758620689,-19.64367816091954,4.252873563218391,0.13793103448275862,0.05747126436781609,0.3333333333333333,0.17647058823529413,0.3333333333333333,0.04597701149425287,0.10344827586206896,0.14942528735632185,0.3076923076923077,0.12643678160919541,0.7843137254901961,0.0,2.4827586206896552,0.367816091954023,0.7701149425287356,0.6666666666666666,0.6781609195402298,0.0,2082.0794452468735,68.64117984183314,637.6004817146234,118.05926501996768,1.1435337353049828,0.08875565345125797,9177.909980057007,893.0470461619559,472.6732584174833,92.49011211059707,0.37901514968440075,0.09805763341867813,0.04597701149425287,0.06896551724137931,0.11494252873563218,0.5696677679187592,0.03221693847135619,11.838370290455156,0.4894252710982779,0.34464229869684176
faven,ct,172,16,74.80813953488372,28.919166567469524,0.7151162790697675,0.436046511627907,98.49418604651163,81.92441860465117,16.569767441860463,4.441860465116279,0.2441860465116279,0.023255813953488372,0.23577235772357724,0.29896907216494845,0.3372093023255814,0.11046511627906977,0.06395348837209303,0.1744186046511628,0.6333333333333333,0.1744186046511628,0.7804878048780488,0.016260162601626018,2.058139534883721,0.4127906976744186,0.3488372093023256,0.6511627906976745,0.6453488372093024,0.0,2139.7767024563673,221.29757719013776,795.0380733138652,238.09671284455942,1.0441471582179604,0.17691636366172023,8930.32367197817,1413.4080107604939,548.510450711262,111.3072501230221,0.31454974594974516,0.11547021607699733,0.0755813953488372,0.0872093023255814,0.16279069767441862,0.5565705840635407,0.057494571218371794,10.507648549917771,0.6153107187449078,0.4278677943585255
faven,t,173,17,62.75722543352601,21.012090597893994,0.5549132947976878,0.19653179190751446,81.57803468208093,108.14450867052022,-26.566473988439306,2.578034682080925,0.17341040462427745,0.005780346820809248,0.40625,0.2733812949640288,0.44508670520231214,0.08092485549132948,0.10982658959537572,0.1907514450867052,0.42424242424242425,0.12138728323699421,0.7291666666666666,0.0,1.8323699421965318,0.34104046242774566,0.3236994219653179,0.5606936416184971,0.6069364161849711,0.0,2100.689243405702,146.59489186387964,557.1654656557706,112.4651661299491,1.0389213888544715,0.13847295156952794,8031.923717016655,1325.2517085787638,403.2403965312521,97.1045641276316,0.4108139011474172,0.08602659192603264,0.07514450867052024,0.09826589595375723,0.17341040462427745,0.5793660217705087,0.055656170342474616,16.456823388939352,0.5967686563351668,0.43489710405500814
fer,ct,26,4,70.57692307692308,33.3332757114182,0.5769230769230769,0.2692307692307692,83.76923076923077,90.15384615384616,-6.384615384615385,5.846153846153846,0.23076923076923078,0.038461538461538464,0.26666666666666666,0.21052631578947367,0.3076923076923077,0.11538461538461539,0.038461538461538464,0.15384615384615385,0.75,0.07692307692307693,0.4,0.0,1.7307692307692308,0.34615384615384615,0.5769230769230769,0.5384615384615384,0.2692307692307692,0.0,2084.4698031258768,49.26964222728725,934.4173752896427,208.6999263513318,1.064460361654859,0.19713383754249258,8113.805624719686,541.864848455215,650.9890767975697,178.38345964685732,0.3148765201917092,0.07267234702225912,0.23076923076923078,0.0,0.23076923076923078,0.6188721164508829,0.04104613053060546,7.106840727254864,0.5567148406307567,0.34802241936241124
fer,t,42,4,56.333333333333336,18.709241413956732,0.42857142857142855,0.09523809523809523,68.57142857142857,107.9047619047619,-39.333333333333336,1.0238095238095237,0.14285714285714285,0.0,0.3333333333333333,0.2631578947368421,0.38095238095238093,0.047619047619047616,0.11904761904761904,0.16666666666666666,0.2857142857142857,0.07142857142857142,0.5,0.0,0.9285714285714286,0.09523809523809523,0.38095238095238093,0.2619047619047619,0.19047619047619047,0.0,2036.0785967212114,123.50051551513799,461.9221648477967,91.01320266707717,0.9103525728506059,0.10092580267025983,7143.539513788863,470.6610208445046,334.7847807043328,100.23954585489507,0.41223922402283414,0.0852374154679708,0.07142857142857142,0.14285714285714285,0.21428571428571427,0.6373829462078707,0.025745652502303967,6.9416093986253875,0.45525783230774963,0.23172422026613904
fl4mus,ct,365,35,85.15342465753425,29.00180503474298,0.7835616438356164,0.4054794520547945,106.06301369863014,85.67397260273972,20.389041095890413,4.698630136986301,0.20821917808219179,0.0136986301369863,0.17132867132867133,0.24423963133640553,0.27945205479452057,0.1095890410958904,0.06301369863013699,0.1726027397260274,0.6349206349206349,0.2136986301369863,0.8111888111888111,0.01048951048951049,2.0164383561643837,0.4657534246575342,0.40821917808219177,0.6547945205479452,0.4876712328767123,0.0,2076.034118262634,135.3181864213556,775.1220851837659,176.71948893895174,1.060923694833622,0.15063301173101645,8217.717613703666,916.6188307946828,582.2163018806092,104.53817198088775,0.3012760674583222,0.07002728386677863,0.10410958904109589,0.06027397260273973,0.1643835616438356,0.5778408690936159,0.04642851580375347,14.707672739348478,0.6875420643866438,0.48919290919412006
fl4mus,t,367,36,63.31607629427793,21.27813003938224,0.5967302452316077,0.2670299727520436,81.87738419618529,104.95095367847412,-23.07356948228883,2.5040871934604905,0.15803814713896458,0.013623978201634877,0.3287671232876712,0.2527881040892193,0.3814713896457766,0.08174386920980926,0.1226158038147139,0.20435967302452315,0.4,0.14713896457765668,0.7853881278538812,0.0091324200913242,1.779291553133515,0.31607629427792916,0.42779291553133514,0.5831062670299727,0.45231607629427795,0.0,2024.5930866745814,108.67840915814377,565.3322344691422,134.680227239333,1.0251345652172013,0.10007243913678215,7694.2042015596335,1232.298751950547,413.11154000703664,99.90426895653447,0.44988932348236926,0.08811505063414574,0.08991825613079019,0.12534059945504086,0.21525885558583105,0.5954509879398611,0.051849765529771386,13.904526675142067,0.4965766510997081,0.3901254282671714
flamez,ct,266,27,73.36842105263158,26.122300826620744,0.6954887218045113,0.4398496240601504,93.99624060150376,82.05639097744361,11.93984962406015,4.157894736842105,0.17293233082706766,0.018796992481203006,0.21621621621621623,0.19463087248322147,0.2593984962406015,0.13157894736842105,0.08270676691729323,0.21428571428571427,0.6140350877192983,0.18796992481203006,0.8054054054054054,0.0,2.710526315789474,0.49624060150375937,0.8308270676691729,0.6804511278195489,0.7030075187969925,0.0,2001.0039151628648,146.2308931041743,754.6809108128348,182.00544402149188,0.9842082813365852,0.11109097976994292,8949.514311639774,1476.7450240446847,542.3263817542247,116.52200671780243,0.3414588917721995,0.11543389785811058,0.11278195488721804,0.07142857142857142,0.18421052631578946,0.563668443775295,0.060471625505122285,14.638213399961897,0.5697878399461787,0.42889073490379975
flamez,t,286,27,70.03496503496504,24.580806235528296,0.6223776223776224,0.24475524475524477,88.52797202797203,106.22377622377623,-17.695804195804197,2.611888111888112,0.2097902097902098,0.017482517482517484,0.19662921348314608,0.2824074074074074,0.3356643356643357,0.13986013986013987,0.13986013986013987,0.27972027972027974,0.5,0.15734265734265734,0.6404494382022472,0.0056179775280898875,2.167832167832168,0.17132867132867133,0.8636363636363636,0.5104895104895105,0.6188811188811189,0.0034965034965034965,1962.8830322108997,116.23246703655249,536.0350219454779,92.10148181841895,0.9120119187111649,0.07708956523403988,8953.673504312203,1565.9074573688713,359.3988725968195,69.05826877705192,0.4122301636242125,0.07759215104212254,0.0944055944055944,0.16083916083916083,0.25524475524475526,0.572967028270745,0.05840194130108115,16.013484930317873,0.643436648127826,0.45710111530197906
flashie,ct,12,1,42.25,0.0,0.4166666666666667,0.4166666666666667,60.666666666666664,80.83333333333333,-20.166666666666668,2.1666666666666665,0.25,0.08333333333333333,0.0,0.42857142857142855,0.25,0.0,0.0,0.0,0.0,0.08333333333333333,0.6,0.0,2.4166666666666665,0.5,0.4166666666666667,0.9166666666666666,0.5833333333333334,0.0,2040.5211221772217,0.0,1115.8992028122204,0.0,1.1444316134522283,0.0,7565.400881150872,0.0,746.4307133402535,0.0,0.3358805957934365,0.0,0.0,0.0,0.0,0.6718765024808279,0.0,0.0,0.0,0.0
flashie,t,10,1,60.3,0.0,0.6,0.3,81.0,94.0,-13.0,0.0,0.2,0.0,0.3333333333333333,0.14285714285714285,0.3,0.3,0.0,0.3,1.0,0.2,0.6666666666666666,0.0,1.8,0.1,0.9,0.4,0.4,0.0,2039.4412260604608,0.0,648.2720514974127,0.0,0.9775212168083449,0.0,8114.385003311023,0.0,500.4147176075705,0.0,0.33955810832263,0.0,0.2,0.0,0.2,0.5602412985422809,0.0,0.0,0.0,0.0
frozen,ct,70,6,84.91428571428571,26.075790241806583,0.8428571428571429,0.37142857142857144,106.31428571428572,89.4,16.914285714285715,1.3,0.14285714285714285,0.014285714285714285,0.1864406779661017,0.29545454545454547,0.34285714285714286,0.15714285714285714,0.05714285714285714,0.21428571428571427,0.7333333333333333,0.21428571428571427,0.8305084745762712,0.01694915254237288,1.7571428571428571,0.5,0.2714285714285714,0.5571428571428572,0.42857142857142855,0.0,2051.7928561201393,83.66027498746668,721.2914326271458,101.5477308430828,0.9979106966216564,0.052626965274693856,9099.290920950714,793.5235399498964,474.13547217935235,53.23537782746317,0.3225058194233854,0.06071632874664628,0.1,0.05714285714285714,0.15714285714285714,0.5535868149165317,0.04615447510437302,10.40015698468641,0.6362158615194838,0.48011841091766283
frozen,t,58,7,82.43103448275862,25.632783281040737,0.6896551724137931,0.3103448275862069,106.70689655172414,92.74137931034483,13.96551724137931,3.293103448275862,0.22413793103448276,0.05172413793103448,0.375,0.25,0.43103448275862066,0.034482758620689655,0.10344827586206896,0.13793103448275862,0.25,0.15517241379310345,0.575,0.0,2.0,0.5172413793103449,0.43103448275862066,0.5517241379310345,0.5,0.0,2002.5842660387336,99.28737541009068,617.5077063208734,204.2394207191016,1.1255283465368875,0.14174138198072936,8346.80941283245,629.7035113773948,442.3473609820286,182.54970204134506,0.4122868642871491,0.06418655225144249,0.06896551724137931,0.08620689655172414,0.15517241379310345,0.5691270038674209,0.019289013371340633,12.501061616206409,0.4375052087826012,0.28968603955509875
gafolo,ct,61,7,49.78688524590164,18.366453009579924,0.5081967213114754,0.4262295081967213,61.16393442622951,81.26229508196721,-20.098360655737704,1.2622950819672132,0.11475409836065574,0.01639344262295082,0.16129032258064516,0.37142857142857144,0.29508196721311475,0.01639344262295082,0.04918032786885246,0.06557377049180328,0.25,0.13114754098360656,0.5483870967741935,0.0,2.3442622950819674,0.7540983606557377,0.39344262295081966,0.6885245901639344,0.5081967213114754,0.0,2094.678640067829,220.04377501261374,614.8872198465501,220.54547544960968,0.8663192213387022,0.1443662344296915,8997.790671599367,1056.2039435565962,414.2053468856186,56.74931395477326,0.3362334919803058,0.11020141072003907,0.06557377049180328,0.04918032786885246,0.11475409836065574,0.5533057164226158,0.0332313017988202,10.840318964636433,0.450025104849011,0.30719419205134685
gafolo,t,59,6,55.728813559322035,12.209927876802297,0.4576271186440678,0.23728813559322035,66.9322033898305,109.01694915254237,-42.08474576271186,4.983050847457627,0.2033898305084746,0.06779661016949153,0.48148148148148145,0.26666666666666666,0.423728813559322,0.03389830508474576,0.1864406779661017,0.22033898305084745,0.15384615384615385,0.1016949152542373,0.6296296296296297,0.0,2.2203389830508473,0.2033898305084746,0.6949152542372882,0.9152542372881356,0.4067796610169492,0.0,1968.8816977964796,75.32802128144237,408.40773897128025,61.95006873606351,0.8785575006698818,0.049049696490058595,7988.035569291691,1045.8221112325257,275.72627489326686,58.14129552815011,0.4082746262993646,0.03068763257938123,0.0,0.11864406779661017,0.11864406779661017,0.5881736745238357,0.035463337605068014,22.24622128810487,0.5114208076125409,0.39931691384858653
gizmy,ct,326,32,75.40184049079754,23.283031810134258,0.6104294478527608,0.34355828220858897,93.38036809815951,91.59815950920246,1.7822085889570551,10.831288343558283,0.29141104294478526,0.049079754601226995,0.15577889447236182,0.2616822429906542,0.2668711656441718,0.10736196319018405,0.0950920245398773,0.20245398773006135,0.5303030303030303,0.12883435582822086,0.6834170854271356,0.005025125628140704,2.7024539877300615,0.6932515337423313,0.7055214723926381,0.7484662576687117,0.5552147239263804,0.0,2069.473066614778,197.1910456028011,792.3151576773233,203.3564621963484,1.0477493087426895,0.1857764318642061,9675.521690249985,1484.7673067351534,589.0753833564453,129.09846475850796,0.34165712492045275,0.10501721013046758,0.13190184049079753,0.09202453987730061,0.22392638036809817,0.5588584821823241,0.055665889583196716,14.546453581404977,0.5502564183108086,0.3930572298314261
gizmy,t,321,30,61.23364485981308,18.38121538451136,0.5514018691588785,0.27414330218068533,76.85981308411215,97.98130841121495,-21.121495327102803,4.454828660436137,0.19626168224299065,0.04672897196261682,0.22598870056497175,0.21030042918454936,0.2772585669781931,0.08099688473520249,0.1557632398753894,0.2367601246105919,0.34210526315789475,0.12149532710280374,0.7231638418079096,0.01694915254237288,2.7383177570093458,0.19937694704049844,1.043613707165109,0.9190031152647975,0.5763239875389408,0.0,2046.8817223898081,90.89176266402461,564.1022591787764,85.91795186277149,0.9997290155604339,0.11588313520426378,8657.983683074937,1522.197290070936,432.2805125170795,80.23654402093398,0.38671739305693636,0.07869431129782659,0.09657320872274143,0.13707165109034267,0.2336448598130841,0.568420349062319,0.06102493811321251,17.433223160558,0.5041530644096092,0.4026105722106123
gr1ks,ct,172,16,88.95348837209302,23.38418055126266,0.877906976744186,0.5116279069767442,126.1046511627907,73.11627906976744,52.98837209302326,5.476744186046512,0.27906976744186046,0.03488372093023256,0.2119205298013245,0.2261904761904762,0.29651162790697677,0.1569767441860465,0.046511627906976744,0.20348837209302326,0.7714285714285715,0.2441860465116279,0.17218543046357615,0.6158940397350994,1.744186046511628,0.47674418604651164,0.4476744186046512,0.47093023255813954,0.3488372093023256,0.0,2161.26593601512,98.5433687560183,705.0572414853975,113.53618573391839,0.9853112102198599,0.08732257765347677,8069.24202723571,1066.815466715127,538.6921014419906,81.07297978728263,0.24250347960156107,0.04764715375069898,0.1569767441860465,0.05813953488372093,0.21511627906976744,0.6211047663069611,0.04448961331010859,11.578277752564093,0.5815891894246468,0.43329448979796564
gr1ks,t,173,17,55.31791907514451,24.047385670036526,0.5433526011560693,0.23121387283236994,72.38150289017341,103.90751445086705,-31.526011560693643,2.7630057803468207,0.12716763005780346,0.04046242774566474,0.39361702127659576,0.19548872180451127,0.36416184971098264,0.04046242774566474,0.07514450867052024,0.11560693641618497,0.35,0.10982658959537572,0.3829787234042553,0.40425531914893614,2.161849710982659,0.06358381502890173,1.0289017341040463,0.6994219653179191,0.3699421965317919,0.0,2157.6503944717742,154.5533638584898,451.3974719998801,55.27387227176148,0.8959077176968266,0.050274454607382564,7804.937866261826,983.1621758944685,316.7066915076448,37.8809174227405,0.325659041367597,0.1053105407153613,0.03468208092485549,0.08670520231213873,0.12138728323699421,0.606505503139421,0.04291230975390884,16.928032483674745,0.7231749649509406,0.4856086336474587
graviti,ct,46,4,85.1086956521739,12.183104708064464,0.8478260869565217,0.32608695652173914,124.69565217391305,92.04347826086956,32.65217391304348,5.043478260869565,0.32608695652173914,0.06521739130434782,0.358974358974359,0.3870967741935484,0.5652173913043478,0.10869565217391304,0.10869565217391304,0.21739130434782608,0.5,0.1956521739130435,0.7435897435897436,0.0,1.891304347826087,0.32608695652173914,0.5217391304347826,0.5652173913043478,0.4782608695652174,0.0,1950.6138307403364,104.09366437112642,669.8594506466358,94.02665467091066,0.9331300704889763,0.10782406072261577,7704.117345124473,736.3241738002413,439.8304466472417,38.950891062429214,0.38391100459043487,0.13310327230957988,0.13043478260869565,0.13043478260869565,0.2608695652173913,0.6342957217928421,0.05130601485434609,6.954256877686959,0.601229812413351,0.2701924569685842
graviti,t,46,4,58.54347826086956,16.810794739861645,0.5652173913043478,0.10869565217391304,78.21739130434783,115.1086956521739,-36.891304347826086,0.5217391304347826,0.08695652173913043,0.0,0.38461538461538464,0.2926829268292683,0.4782608695652174,0.06521739130434782,0.15217391304347827,0.21739130434782608,0.3,0.13043478260869565,0.6538461538461539,0.0,1.673913043478261,0.17391304347826086,0.45652173913043476,0.6304347826086957,0.41304347826086957,0.0,1971.898642102343,44.662893089696745,489.1706448981178,42.878959211067745,1.0302477603550546,0.06184011271667473,6935.088161774342,496.07350399820126,324.97273162580035,32.046460745257065,0.4562809429768041,0.07062638797684573,0.10869565217391304,0.10869565217391304,0.21739130434782608,0.6730650402729949,0.014809004003211978,13.777647349153291,0.5006789152555504,0.35622444575382073
grim,ct,176,16,80.4034090909091,24.408028131107272,0.7215909090909091,0.3409090909090909,102.10795454545455,95.13068181818181,6.9772727272727275,6.846590909090909,0.25,0.017045454545454544,0.25196850393700787,0.2672413793103448,0.35795454545454547,0.125,0.056818181818181816,0.18181818181818182,0.6875,0.18181818181818182,0.7322834645669292,0.015748031496062992,2.125,0.5227272727272727,0.38636363636363635,0.625,0.5852272727272727,0.005681818181818182,2017.0545207711446,161.0814386238644,681.8694700445595,200.7817562969554,0.9964782124887764,0.1567010449067909,7985.999169445955,711.2029412587176,488.29699803157655,134.28842804580657,0.3896214231679012,0.09047501564557933,0.13068181818181818,0.0625,0.19318181818181818,0.608651335836534,0.03961569286130318,17.049470888794986,0.5554071892773565,0.4302028481711266
grim,t,182,16,76.57692307692308,27.178225676397897,0.6813186813186813,0.24725274725274726,95.48351648351648,99.82967032967034,-4.346153846153846,2.1373626373626373,0.13736263736263737,0.005494505494505495,0.3064516129032258,0.21897810218978103,0.37362637362637363,0.08241758241758242,0.13736263736263737,0.21978021978021978,0.375,0.15934065934065933,0.7096774193548387,0.0,1.9065934065934067,0.35714285714285715,0.42857142857142855,0.5714285714285714,0.5494505494505495,0.0,2051.435913115819,145.22391406814617,642.4678773940102,120.07472098733041,1.13197046776264,0.12572203645208346,7880.813103023148,1090.5594260735595,445.0337646799354,130.82607931564013,0.4412756735996594,0.07102323036704451,0.07692307692307693,0.14835164835164835,0.22527472527472528,0.5998190540172172,0.032447441487188325,14.693425081376207,0.7042258717744387,0.4818902490296027
heavygod,ct,415,39,82.07228915662651,27.797212857118343,0.7421686746987952,0.42891566265060244,102.15180722891566,83.06746987951807,19.08433734939759,3.0265060240963857,0.20963855421686747,0.024096385542168676,0.16558441558441558,0.27848101265822783,0.2819277108433735,0.10120481927710843,0.07710843373493977,0.1783132530120482,0.5675675675675675,0.2,0.737012987012987,0.006493506493506494,2.8120481927710843,0.5301204819277109,0.7228915662650602,0.8602409638554217,0.6987951807228916,0.0,2160.484033284624,162.31769019495104,971.7581189769427,155.50619356153723,1.1626883787896407,0.08569103907157333,8991.309697191824,1410.1284186311414,621.5532662347913,126.38434860133155,0.30787290849663373,0.08327101866145452,0.1108433734939759,0.08674698795180723,0.19759036144578312,0.5757298085838901,0.057108435313917474,10.065601211180317,0.6559682104810368,0.4330303670382279
heavygod,t,429,38,77.4079254079254,25.057211964041414,0.6783216783216783,0.3006993006993007,98.7972027972028,100.98834498834499,-2.191142191142191,2.55011655011655,0.21212121212121213,0.03496503496503497,0.27835051546391754,0.23,0.34965034965034963,0.08624708624708624,0.07925407925407925,0.1655011655011655,0.5211267605633803,0.16083916083916083,0.6769759450171822,0.0,2.2097902097902096,0.1445221445221445,0.8554778554778555,0.6317016317016317,0.5757575757575758,0.002331002331002331,2158.34426013821,98.09815612787298,704.1102575863051,135.03097163333823,1.1524917915539783,0.15556634123344093,8858.182431667698,1354.0650876587358,544.2179088669355,138.93416051529448,0.35769262054314516,0.0631628589944827,0.10023310023310024,0.08857808857808858,0.1888111888111888,0.5865984705083439,0.053795063139314335,14.080563645073687,0.5913853663502322,0.3970918399344805
hen1,ct,26,4,81.23076923076923,45.15673605893362,0.9230769230769231,0.38461538461538464,106.53846153846153,84.53846153846153,22.0,1.9615384615384615,0.11538461538461539,0.0,0.2916666666666667,0.1875,0.38461538461538464,0.19230769230769232,0.038461538461538464,0.23076923076923078,0.8333333333333334,0.23076923076923078,0.4166666666666667,0.20833333333333334,2.0,0.3076923076923077,0.5769230769230769,0.5769230769230769,0.5384615384615384,0.0,2054.262286123123,115.46212500537392,821.1243556878397,167.10909410655688,0.9335910632294803,0.09434894778535446,8513.833423485892,1838.1757236711926,610.9562621859855,127.73974458999737,0.2979008719701116,0.07116587544913211,0.2692307692307692,0.038461538461538464,0.3076923076923077,0.6190041814372508,0.05829627257140633,13.706561293234962,1.1419249886170562,0.732022420973653
hen1,t,42,4,55.642857142857146,7.324631510005724,0.5,0.21428571428571427,74.83333333333333,100.04761904761905,-25.214285714285715,2.119047619047619,0.09523809523809523,0.047619047619047616,0.38095238095238093,0.12121212121212122,0.2857142857142857,0.047619047619047616,0.11904761904761904,0.16666666666666666,0.2857142857142857,0.09523809523809523,0.3333333333333333,0.38095238095238093,2.261904761904762,0.047619047619047616,1.2142857142857142,0.5952380952380952,0.38095238095238093,0.023809523809523808,2097.8715522529405,100.74877835932917,456.1241290108363,47.061991669572,0.922286431660069,0.08351458915063271,7873.697025824658,662.5908854765194,356.6694275948738,78.63472285542687,0.354411865596599,0.07095972282601642,0.047619047619047616,0.11904761904761904,0.16666666666666666,0.6075437706495048,0.026486532590715563,12.931881537143104,0.2545759779936605,0.20830854478285607
hooxi,ct,141,13,64.80851063829788,15.965885816870324,0.5531914893617021,0.40425531914893614,83.31205673758865,82.95744680851064,0.3546099290780142,6.829787234042553,0.2624113475177305,0.0425531914893617,0.15384615384615385,0.2976190476190476,0.2624113475177305,0.07092198581560284,0.06382978723404255,0.1347517730496454,0.5263157894736842,0.1276595744680851,0.7435897435897436,0.0,2.730496453900709,0.6453900709219859,0.6312056737588653,0.723404255319149,0.7304964539007093,0.0,2068.4467618794324,232.42074354608403,706.5711687278733,211.8532106655283,1.0182863122501993,0.15368408609619633,8860.593666068577,1429.0493832758943,561.4247501142652,133.9873874532442,0.33640123140411776,0.12236429865192786,0.09219858156028368,0.05673758865248227,0.14893617021276595,0.5663936656455997,0.03905127552307524,13.823291020976141,0.619638329026233,0.4401498647700507
hooxi,t,117,13,54.00854700854701,17.664582438772506,0.42735042735042733,0.18803418803418803,66.88034188034187,106.85470085470085,-39.97435897435897,1.811965811965812,0.20512820512820512,0.06837606837606838,0.32,0.2,0.29914529914529914,0.05128205128205128,0.15384615384615385,0.20512820512820512,0.25,0.10256410256410256,0.8,0.0,2.9743589743589745,0.07692307692307693,1.2136752136752136,1.1282051282051282,0.5555555555555556,0.0,2139.167088932966,131.6734357401524,578.2230978903419,134.71675976732718,1.0949637763709104,0.13387431568786418,7783.077268788951,1051.5330973077434,445.635444512583,112.46991554200055,0.3464541900392571,0.08377332939353462,0.06837606837606838,0.13675213675213677,0.20512820512820512,0.5806934965648972,0.04083423637639969,14.116986742004462,0.4194516249026956,0.34031285351233886
huasopeek,ct,329,34,80.22492401215806,28.023832291926826,0.7629179331306991,0.44680851063829785,103.72340425531915,79.20668693009118,24.51671732522796,4.167173252279635,0.22796352583586627,0.03951367781155015,0.2151394422310757,0.3626373626373626,0.364741641337386,0.11550151975683891,0.0911854103343465,0.2066869300911854,0.5588235294117647,0.1884498480243161,0.7689243027888446,0.0,2.513677811550152,0.45896656534954405,0.6231003039513677,0.7963525835866262,0.6352583586626139,0.0,2114.3763881351565,162.22682248808758,843.9499026445552,191.74786984188816,1.0984083064814218,0.12143534822758006,8731.526544826835,1763.8500158919671,597.3246368084034,107.02876661690685,0.29983552145644027,0.09616094232671314,0.11854103343465046,0.0729483282674772,0.19148936170212766,0.5814063440487452,0.06225449808370449,13.481088482349328,0.6380770587379225,0.4038434168546844
huasopeek,t,346,33,60.0635838150289,25.46870457550293,0.5289017341040463,0.26011560693641617,78.28901734104046,102.17630057803468,-23.887283236994218,3.060693641618497,0.2023121387283237,0.023121387283236993,0.3224043715846995,0.28515625,0.3815028901734104,0.08959537572254335,0.1791907514450867,0.26878612716763006,0.3333333333333333,0.10982658959537572,0.7377049180327869,0.01639344262295082,1.7052023121387283,0.18786127167630057,0.638728323699422,0.4682080924855491,0.41040462427745666,0.0,2089.519362604395,143.7086080827726,544.0590727251688,108.08035275252546,0.9887242753925062,0.09047177138066126,8182.898788535544,1636.6396440987437,373.5100447462556,75.6006533815129,0.3865769333390499,0.08777145603635722,0.09248554913294797,0.15028901734104047,0.24277456647398843,0.595973587153785,0.05503748713732897,19.548235825832915,0.584889313771349,0.5220851558292053
hunter-,ct,415,39,85.3156626506024,29.31073047612079,0.7903614457831325,0.44096385542168676,106.31807228915663,83.8144578313253,22.503614457831326,7.1012048192771084,0.3108433734939759,0.0819277108433735,0.25,0.2974137931034483,0.363855421686747,0.09397590361445783,0.06987951807228916,0.163855421686747,0.5735294117647058,0.2,0.7591463414634146,0.01524390243902439,2.674698795180723,0.5397590361445783,0.8602409638554217,0.7542168674698795,0.5204819277108433,0.0,2086.368435065875,141.16896685358572,659.0676080332145,100.63541932179294,0.8571710844257296,0.08761016921125159,9445.697765554885,1493.3639978137298,506.0139239774308,59.38959206940405,0.31556167216539505,0.0707166324738251,0.0746987951807229,0.06265060240963856,0.13734939759036144,0.5555757180106612,0.0596782636550599,16.725061226018664,0.7746951853520048,0.5611256890169948
hunter-,t,429,38,59.46620046620047,20.32487879598983,0.5501165501165501,0.3076923076923077,73.95104895104895,98.89277389277389,-24.941724941724942,4.475524475524476,0.18414918414918416,0.06993006993006994,0.4025423728813559,0.25925925925925924,0.40093240093240096,0.053613053613053616,0.10722610722610723,0.16083916083916083,0.3333333333333333,0.1258741258741259,0.7838983050847458,0.00423728813559322,2.6946386946386944,0.2937062937062937,0.9906759906759907,0.8461538461538461,0.5547785547785548,0.009324009324009324,2058.4342652850955,133.71144147712334,518.9164027402808,99.64625391153413,0.9038707549454341,0.09097246651336538,9427.430426727364,1333.0690130610997,370.10848566741134,78.40389507848262,0.38241357242423923,0.06551582176514803,0.07925407925407925,0.09557109557109557,0.17482517482517482,0.5572042473895198,0.0527871952790528,14.976814149451144,0.5061381137120198,0.38749015923566926
hypex,ct,299,31,70.89297658862876,24.71114861538692,0.6722408026755853,0.431438127090301,99.4448160535117,79.1438127090301,20.301003344481604,2.120401337792642,0.2040133779264214,0.04013377926421405,0.263681592039801,0.27647058823529413,0.33444816053511706,0.10702341137123746,0.06020066889632107,0.16722408026755853,0.64,0.14715719063545152,0.23880597014925373,0.572139303482587,1.5317725752508362,0.3411371237458194,0.3712374581939799,0.47491638795986624,0.34448160535117056,0.0,2130.4395572932212,125.87128076528946,659.0612971690798,106.85366877637047,0.9486385483264015,0.08841392702109972,8542.609982078433,1262.9406140561448,495.7159942102771,77.83601217519046,0.2792663858485769,0.06131481329722581,0.12709030100334448,0.08361204013377926,0.21070234113712374,0.6042080589037829,0.04555291389890856,14.840326029276703,0.630667174087672,0.4137733748040965
hypex,t,327,32,63.174311926605505,19.551896510445133,0.6758409785932722,0.3761467889908257,86.68195718654434,89.41284403669725,-2.7308868501529053,1.8318042813455657,0.17737003058103976,0.0764525993883792,0.40271493212669685,0.27941176470588236,0.44648318042813456,0.0581039755351682,0.045871559633027525,0.10397553516819572,0.5588235294117647,0.14678899082568808,0.5294117647058824,0.22171945701357465,2.6452599388379205,0.05504587155963303,1.217125382262997,1.0214067278287462,0.3516819571865443,0.0,2106.2747535563926,110.58571082103816,473.5501940448452,91.76820512967637,0.9058185897962661,0.07667932287012603,9081.045402292702,1189.739797168694,332.3591838726596,70.5853489409077,0.34711333283328044,0.07741190633179412,0.05198776758409786,0.04892966360856269,0.10091743119266056,0.5539309938992483,0.05204063022787549,14.830965588961046,0.5998281947798645,0.444424474293915
im,ct,344,30,81.37209302325581,22.709402474835333,0.75,0.375,98.78779069767442,86.125,12.662790697674419,3.6511627906976742,0.25290697674418605,0.0377906976744186,0.19767441860465115,0.29767441860465116,0.33430232558139533,0.125,0.061046511627906974,0.18604651162790697,0.671875,0.1686046511627907,0.8178294573643411,0.0,2.1627906976744184,0.4796511627906977,0.6017441860465116,0.6686046511627907,0.4127906976744186,0.0,2015.9714829055317,163.22918197896718,630.7357631049081,118.52741329057237,0.8701012148325106,0.09134574367362483,9002.783856317144,1082.2089463683142,507.0398547831409,92.16934148142252,0.3554917871483501,0.0912751297153917,0.13662790697674418,0.061046511627906974,0.19767441860465115,0.558896504608947,0.05354707796669127,13.574522466138447,0.5350787707194018,0.3859346478719069
im,t,284,30,71.28169014084507,22.770382960527893,0.6514084507042254,0.3204225352112676,89.56338028169014,94.32394366197182,-4.76056338028169,2.73943661971831,0.22183098591549297,0.0528169014084507,0.3027027027027027,0.29533678756476683,0.397887323943662,0.0880281690140845,0.10915492957746478,0.19718309859154928,0.44642857142857145,0.17253521126760563,0.7621621621621621,0.005405405405405406,1.7816901408450705,0.31338028169014087,0.5352112676056338,0.4647887323943662,0.46830985915492956,0.0,2083.1816066155548,149.06545790158552,639.3705527677228,146.68427787640232,1.0880790174828432,0.14092866793677827,9059.005625394315,1408.4137293155502,465.57605719894366,112.14259269161442,0.3674277805170074,0.08181856895430983,0.06338028169014084,0.11619718309859155,0.1795774647887324,0.5452182388587457,0.05675748726388138,12.572574951470626,0.5778541862453793,0.40591906193802063
ins,ct,128,11,78.40625,22.433831577383838,0.7421875,0.3828125,96.9140625,91.71875,5.1953125,11.9921875,0.3125,0.1015625,0.2,0.2911392405063291,0.328125,0.09375,0.09375,0.1875,0.5,0.234375,0.8631578947368421,0.010526315789473684,2.8671875,0.734375,0.9765625,0.546875,0.609375,0.0,2026.6420663941876,171.84307813258346,677.1738944143565,124.40653940097916,0.9270190892423377,0.0752761335715267,8682.410500709262,1234.0535694213945,501.8642821727079,84.9325634650087,0.3437675395622884,0.07846259438936085,0.1015625,0.09375,0.1953125,0.5765380716870876,0.05724822491014207,14.851597805837695,0.6366446747380651,0.42808997725136244
ins,t,108,11,66.36111111111111,29.44712001851726,0.6203703703703703,0.23148148148148148,79.23148148148148,109.0925925925926,-29.86111111111111,1.3888888888888888,0.2037037037037037,0.08333333333333333,0.2537313432835821,0.27710843373493976,0.37037037037037035,0.05555555555555555,0.12962962962962962,0.18518518518518517,0.3,0.16666666666666666,0.5671641791044776,0.014925373134328358,2.6481481481481484,0.16666666666666666,1.1111111111111112,0.7407407407407407,0.6203703703703703,0.009259259259259259,1985.8353941315324,80.42922131498005,517.6999486362321,93.91849858417616,0.9657045224320417,0.09883093297714624,8086.2713893046775,936.4028750961788,372.8708922866302,101.21365769692184,0.39796869302805304,0.05970162234088374,0.08333333333333333,0.12037037037037036,0.2037037037037037,0.6010094875839506,0.03715116369608099,16.290173321706224,0.6700026294192671,0.47881180580475374
insani,ct,199,21,116.19095477386935,39.08944505211026,0.964824120603015,0.40703517587939697,140.75879396984925,85.98994974874371,54.768844221105525,12.025125628140703,0.4271356783919598,0.020100502512562814,0.20833333333333334,0.3559322033898305,0.4120603015075377,0.22110552763819097,0.06030150753768844,0.2814070351758794,0.7857142857142857,0.2914572864321608,0.8125,0.0,2.648241206030151,0.8291457286432161,0.5175879396984925,0.592964824120603,0.7085427135678392,0.0,1968.510783398209,148.91904347057536,667.5831588095999,164.26140136862546,0.9467998642753175,0.14993846404192504,9263.828443014989,1473.9005373435318,511.92055289125653,107.20746470254431,0.36293813827319354,0.06330694080298509,0.19095477386934673,0.10050251256281408,0.2914572864321608,0.5447869911465608,0.059090448193539834,14.032522869152434,0.9095722372029342,0.6120309179504514
insani,t,210,22,72.72857142857143,36.04397583529015,0.6714285714285714,0.18095238095238095,92.54761904761905,109.5904761904762,-17.042857142857144,3.8333333333333335,0.14285714285714285,0.004761904761904762,0.24822695035460993,0.23837209302325582,0.3619047619047619,0.10476190476190476,0.15714285714285714,0.2619047619047619,0.4,0.16666666666666666,0.7446808510638298,0.0,2.142857142857143,0.30952380952380953,0.6857142857142857,0.5095238095238095,0.6238095238095238,0.014285714285714285,2026.5051958854376,129.8646411841058,554.5894138181255,86.1184427263292,1.0318541469456393,0.1280700952571999,7868.627552926819,1550.483247776202,440.8943589103108,89.74870358043374,0.3918186243935009,0.08123796005792161,0.09047619047619047,0.16666666666666666,0.2571428571428571,0.591609295328958,0.06350659440740088,18.807925480523313,0.7803673021815828,0.5884995006594446
jabbi,ct,141,13,77.46099290780141,18.593276248495915,0.7730496453900709,0.4326241134751773,105.70212765957447,78.86524822695036,26.836879432624112,3.269503546099291,0.14184397163120568,0.02127659574468085,0.22935779816513763,0.15,0.2624113475177305,0.09929078014184398,0.0425531914893617,0.14184397163120568,0.7,0.19148936170212766,0.6880733944954128,0.09174311926605505,2.021276595744681,0.5177304964539007,0.4397163120567376,0.5602836879432624,0.5035460992907801,0.0,1983.088919531319,144.52394682883113,660.1452378416159,191.2329834641603,0.9635446880528066,0.157943870375993,8230.362248090272,1413.0754450589948,508.577871976138,112.4586905574863,0.3712568806795785,0.11627833585814645,0.07092198581560284,0.06382978723404255,0.1347517730496454,0.5815184528915528,0.055161491361904326,9.631772177484123,0.5896535796218424,0.42195038441880006
jabbi,t,117,13,69.13675213675214,27.180675613891353,0.5811965811965812,0.18803418803418803,86.12820512820512,113.3076923076923,-27.17948717948718,2.7777777777777777,0.1794871794871795,0.02564102564102564,0.23529411764705882,0.24210526315789474,0.3333333333333333,0.07692307692307693,0.08547008547008547,0.1623931623931624,0.47368421052631576,0.13675213675213677,0.6764705882352942,0.0,2.1623931623931623,0.358974358974359,0.5470085470085471,0.6410256410256411,0.6068376068376068,0.008547008547008548,2078.4628151163165,190.22053452369937,561.3365953867232,144.83411625162736,1.0530223411687545,0.17559870701393107,7208.178895589397,1396.8468646034623,446.22545954664264,133.53347427290927,0.4516127923010308,0.08270996064502772,0.06837606837606838,0.10256410256410256,0.17094017094017094,0.608077258634235,0.0543564994955883,18.64303338291652,0.6701251332297241,0.5411897440612662
jame,ct,245,25,81.82040816326531,24.442255586718083,0.7836734693877551,0.49795918367346936,113.36326530612244,73.80408163265307,39.559183673469384,6.16734693877551,0.17142857142857143,0.0326530612244898,0.15104166666666666,0.23577235772357724,0.23673469387755103,0.17551020408163265,0.04081632653061224,0.2163265306122449,0.8113207547169812,0.20408163265306123,0.125,0.6354166666666666,2.0040816326530613,0.5224489795918368,0.5836734693877551,0.5877551020408164,0.31020408163265306,0.0,2123.592513923271,102.85265712481979,719.2129536713118,97.37021213849424,0.9606033036131846,0.10943175191991274,9448.138995167288,1177.6714739115487,557.0895640790582,67.19844996473384,0.25150653089261304,0.05854312051256677,0.1469387755102041,0.08979591836734693,0.23673469387755103,0.5872279548074124,0.043862750359930154,16.162320075698794,0.6989016882174351,0.5064963675107229
jame,t,264,24,67.28787878787878,20.018900568016182,0.5568181818181818,0.3522727272727273,85.6969696969697,91.8409090909091,-6.143939393939394,3.1893939393939394,0.20454545454545456,0.07196969696969698,0.272108843537415,0.1871345029239766,0.2727272727272727,0.10984848484848485,0.06439393939393939,0.17424242424242425,0.6304347826086957,0.12121212121212122,0.3197278911564626,0.46258503401360546,2.871212121212121,0.16666666666666666,1.2159090909090908,0.9734848484848485,0.5151515151515151,0.0,2132.717281419293,101.84821317613584,564.7397606602049,116.66056563487108,1.0059332267829177,0.08743381146250435,9716.723703373213,1404.1174136421218,439.1258358228282,110.13430019853156,0.30590707914162274,0.07105928428425645,0.10984848484848485,0.08712121212121213,0.19696969696969696,0.5713562131726618,0.0457319816741799,13.794477751041526,0.43620552625347137,0.3381416294049921
jamyoung,ct,223,22,85.79820627802691,26.582144379286692,0.7623318385650224,0.39461883408071746,105.42600896860986,84.42600896860986,21.0,8.188340807174887,0.26905829596412556,0.03587443946188341,0.16470588235294117,0.2,0.24663677130044842,0.1210762331838565,0.1031390134529148,0.2242152466367713,0.54,0.21076233183856502,0.7529411764705882,0.0058823529411764705,2.5739910313901344,0.5515695067264574,0.5964125560538116,0.726457399103139,0.6995515695067265,0.0,2112.606081609734,165.8112203622932,709.676679440879,171.44207621365732,1.0119577483454294,0.15443870573050547,9475.860122599497,1667.6606243699819,516.236042985169,94.30817387177261,0.32977442644236643,0.06449087389821076,0.11210762331838565,0.1031390134529148,0.21524663677130046,0.5589354107639838,0.06071899393556248,13.524788580103698,0.6383936363240955,0.46371456450128606
jamyoung,t,260,23,73.80384615384615,18.586350289413538,0.6884615384615385,0.2692307692307692,95.23076923076923,101.01153846153846,-5.780769230769231,3.830769230769231,0.18461538461538463,0.03076923076923077,0.3128491620111732,0.2736842105263158,0.4153846153846154,0.1346153846153846,0.17307692307692307,0.3076923076923077,0.4375,0.17692307692307693,0.8268156424581006,0.00558659217877095,1.9615384615384615,0.25769230769230766,0.4423076923076923,0.5615384615384615,0.6961538461538461,0.0038461538461538464,2081.219883137769,136.53434335503505,499.5427161168189,88.50229714110262,0.9946794220905402,0.10673454631522421,8760.10781233461,1423.368613726881,379.9636499322006,65.16193153122856,0.37522112870563007,0.09386979184862722,0.08846153846153847,0.18461538461538463,0.27307692307692305,0.5782743919896208,0.051234555902380075,15.83382035568238,0.487574283059711,0.35827262908504476
jba,ct,237,23,74.9113924050633,27.702865035416096,0.7088607594936709,0.459915611814346,91.915611814346,82.29535864978902,9.620253164556962,5.232067510548523,0.1729957805907173,0.012658227848101266,0.22023809523809523,0.234375,0.28270042194092826,0.09282700421940929,0.06329113924050633,0.15611814345991562,0.5945945945945946,0.20675105485232068,0.6904761904761905,0.0,2.257383966244726,0.510548523206751,0.45147679324894513,0.6835443037974683,0.6118143459915611,0.0,2113.0560034276223,86.3615874291739,965.1547009850962,123.82191510208905,1.1680543965566728,0.09418457563443478,9502.632944914838,1229.5627490319316,624.6564240977349,101.7203955259123,0.3174865646798798,0.048021937793907024,0.07172995780590717,0.08016877637130802,0.1518987341772152,0.5710243081199217,0.040866315096864544,12.643088589810569,0.7674858368486831,0.45986612577567465
jba,t,247,24,60.16194331983806,18.414631952157595,0.5141700404858299,0.2388663967611336,76.38461538461539,105.70040485829959,-29.31578947368421,3.02834008097166,0.1700404858299595,0.004048582995951417,0.3228346456692913,0.2074468085106383,0.32388663967611336,0.06882591093117409,0.1214574898785425,0.1902834008097166,0.3617021276595745,0.10526315789473684,0.6456692913385826,0.015748031496062992,1.437246963562753,0.16194331983805668,0.3643724696356275,0.4251012145748988,0.48582995951417,0.0,2199.5291302134947,93.26731588718093,659.4616977184908,116.81778481582006,1.160961435862331,0.1480746388377619,8623.859502650062,1161.6195829507913,488.18073448869495,118.08485601165619,0.3883823143171613,0.0739198709345127,0.07692307692307693,0.1417004048582996,0.21862348178137653,0.5860338153710123,0.04108944318620336,15.04743093296558,0.4527619053158408,0.33942205601387165
jcobbb,ct,70,6,72.54285714285714,33.990737033515934,0.5428571428571428,0.37142857142857144,84.91428571428571,91.82857142857142,-6.914285714285715,4.957142857142857,0.34285714285714286,0.0,0.23684210526315788,0.20454545454545456,0.2571428571428571,0.07142857142857142,0.1,0.17142857142857143,0.4166666666666667,0.1,0.6578947368421053,0.02631578947368421,2.157142857142857,0.4714285714285714,0.24285714285714285,0.8142857142857143,0.6285714285714286,0.0,1919.726706611988,99.82332131328853,672.3428956557082,184.3763137573896,0.9334392916630803,0.10698700374665962,9119.65442707337,929.405557567343,456.4710010665565,88.67778348572529,0.36919600826833193,0.09574832558835111,0.1,0.12857142857142856,0.22857142857142856,0.5585211769072146,0.03396603398556752,10.301575072754233,0.792867413060896,0.5232621995550639
jcobbb,t,58,7,61.775862068965516,28.266107250765725,0.5,0.20689655172413793,78.82758620689656,108.89655172413794,-30.06896551724138,2.9827586206896552,0.1896551724137931,0.017241379310344827,0.2413793103448276,0.30434782608695654,0.3620689655172414,0.06896551724137931,0.15517241379310345,0.22413793103448276,0.3076923076923077,0.10344827586206896,0.6896551724137931,0.0,1.3275862068965518,0.10344827586206896,0.4482758620689655,0.29310344827586204,0.4827586206896552,0.0,1974.3219914077038,90.45524470959842,485.6383836775216,107.50302888041028,0.9094658385633307,0.05207690943656234,8530.542771195045,974.500695201814,312.1953843329188,77.5957260255821,0.4295694045754799,0.07206032969789825,0.05172413793103448,0.1724137931034483,0.22413793103448276,0.5602319648247654,0.051777757807565924,12.954275775096617,0.7870847836695989,0.5133026744845197
jdc,ct,172,16,78.86046511627907,24.16159682968951,0.7616279069767442,0.4418604651162791,98.98837209302326,80.54651162790698,18.441860465116278,4.744186046511628,0.3081395348837209,0.029069767441860465,0.12213740458015267,0.3229166666666667,0.27325581395348836,0.11046511627906977,0.10465116279069768,0.21511627906976744,0.5135135135135135,0.19186046511627908,0.8473282442748091,0.0,2.4069767441860463,0.5290697674418605,0.5872093023255814,0.6511627906976745,0.6395348837209303,0.0,1968.3611863800995,173.9920084585025,716.239119066525,138.73571143692737,1.00442479728532,0.12299593431881653,8994.602355353234,1439.655082451086,534.7776394231969,81.79993908354956,0.3774015159270182,0.11797915802345345,0.13372093023255813,0.05813953488372093,0.19186046511627908,0.5510980922016127,0.06117835675227675,12.749378583489872,0.7738774558156897,0.5089504239142101
jdc,t,173,17,66.23121387283237,28.096254085664686,0.5606936416184971,0.19653179190751446,82.49132947976878,110.96531791907515,-28.473988439306357,4.011560693641618,0.1676300578034682,0.017341040462427744,0.18556701030927836,0.20863309352517986,0.27167630057803466,0.10404624277456648,0.19653179190751446,0.30057803468208094,0.34615384615384615,0.13872832369942195,0.8247422680412371,0.010309278350515464,1.9884393063583814,0.2658959537572254,0.6416184971098265,0.49710982658959535,0.5838150289017341,0.0,2114.9669218545437,150.84985402511174,572.3645905224223,62.71315215585972,1.0812656278933424,0.08665877036470057,7727.878071687541,1192.2471035603621,435.44031072723755,78.39914733894547,0.348388426946993,0.07971815686818032,0.10404624277456648,0.18497109826589594,0.28901734104046245,0.5915934561343767,0.05612168211385002,14.2746410579913,0.6061756287450764,0.4357702282702679
jee,ct,223,22,63.14798206278027,29.311388675835815,0.6143497757847534,0.4663677130044843,93.28251121076234,79.53363228699551,13.748878923766815,3.502242152466368,0.14349775784753363,0.04932735426008968,0.24817518248175183,0.16806722689075632,0.242152466367713,0.09865470852017937,0.04932735426008968,0.14798206278026907,0.6666666666666666,0.15695067264573992,0.21897810218978103,0.5912408759124088,1.6816143497757847,0.34080717488789236,0.4170403587443946,0.5650224215246636,0.35874439461883406,0.0,2171.666110243376,122.60345709544865,714.7570146761483,121.03795495992063,1.0240579964024235,0.10682036071193735,8181.683555275719,1426.2254871728817,531.9770253073123,105.19678977009804,0.2683098812310165,0.06487942012221752,0.1210762331838565,0.04932735426008968,0.17040358744394618,0.6407139816797192,0.05283575807903373,15.352167814163764,0.6912819548293391,0.5197822948212155
jee,t,260,23,63.25769230769231,22.520235931479213,0.5769230769230769,0.31153846153846154,80.23076923076923,92.43461538461538,-12.203846153846154,1.8153846153846154,0.3,0.17692307692307693,0.36,0.3128491620111732,0.4230769230769231,0.038461538461538464,0.046153846153846156,0.08461538461538462,0.45454545454545453,0.11923076923076924,0.62,0.21333333333333335,3.076923076923077,0.046153846153846156,1.4307692307692308,1.1115384615384616,0.48846153846153845,0.0,2149.7725958937503,130.84387271856758,443.770749948351,77.46164066506908,0.9061875511122379,0.0633353716104827,8472.641561185805,1249.2136195946314,327.7256111592753,57.02920493141469,0.34941284304247605,0.08132903019618903,0.03076923076923077,0.05384615384615385,0.08461538461538462,0.6082107916420015,0.04293308278242886,13.259460368915022,0.577686698626978,0.40970341654584097
jks,ct,128,11,87.0703125,16.416499267438194,0.8203125,0.421875,108.7109375,84.0234375,24.6875,7.3125,0.28125,0.0390625,0.20952380952380953,0.24324324324324326,0.3125,0.15625,0.0390625,0.1953125,0.8,0.1796875,0.8,0.0,2.75,0.6875,0.5625,0.796875,0.703125,0.0,2110.5138746251137,110.06511508934902,902.4400921573799,112.11616434036323,1.1593357048578838,0.07096806626369487,9141.596387289313,1418.225166442188,605.8576869940263,90.22058922227066,0.31315326049352193,0.0480043115037515,0.1484375,0.03125,0.1796875,0.5404410491363335,0.06351448028363145,13.718299157360326,0.5320270621456121,0.3894101532336223
jks,t,108,11,73.1574074074074,16.4008037021838,0.6388888888888888,0.24074074074074073,94.60185185185185,103.27777777777777,-8.675925925925926,4.805555555555555,0.2222222222222222,0.018518518518518517,0.2608695652173913,0.25609756097560976,0.3611111111111111,0.06481481481481481,0.1111111111111111,0.17592592592592593,0.3684210526315789,0.16666666666666666,0.7246376811594203,0.043478260869565216,2.3518518518518516,0.3888888888888889,0.6388888888888888,0.6388888888888888,0.6759259259259259,0.009259259259259259,2044.7289273405668,166.56037268440062,666.9748111697182,90.66250459268143,1.1882123184028028,0.09036153635391317,8708.754893253645,1118.882891964853,511.69724979251623,96.21080672020084,0.3914088628767672,0.08435166718600526,0.037037037037037035,0.12037037037037036,0.1574074074074074,0.5610282978665091,0.05465446347657298,8.329591378347427,0.3754385828459,0.20124366396929527
jl,ct,356,33,72.4747191011236,24.329246099951224,0.6713483146067416,0.48314606741573035,93.30337078651685,74.50842696629213,18.79494382022472,7.317415730337078,0.2949438202247191,0.028089887640449437,0.25523012552301255,0.27717391304347827,0.3146067415730337,0.05898876404494382,0.06460674157303371,0.12359550561797752,0.4772727272727273,0.1797752808988764,0.6778242677824268,0.03765690376569038,2.4101123595505616,0.6376404494382022,0.43820224719101125,0.6882022471910112,0.6460674157303371,0.0,2169.8735591855993,160.60300963621634,842.1892823810039,154.51552143353473,1.12199644093638,0.1140337552222479,9696.48115488657,1462.9783641432666,577.219263084506,121.24544207697193,0.28780305255100097,0.07005309079333931,0.07865168539325842,0.05337078651685393,0.13202247191011235,0.5529578494289263,0.04962474519842171,11.938015735468166,0.5411956927237657,0.38583735790852974
jl,t,342,33,70.10818713450293,27.021774285017372,0.6345029239766082,0.2894736842105263,91.23099415204679,101.71637426900585,-10.485380116959064,6.608187134502924,0.21929824561403508,0.008771929824561403,0.35023041474654376,0.2757201646090535,0.41812865497076024,0.07894736842105263,0.1286549707602339,0.20760233918128654,0.38028169014084506,0.16374269005847952,0.6912442396313364,0.02304147465437788,1.631578947368421,0.35964912280701755,0.347953216374269,0.3333333333333333,0.5730994152046783,0.017543859649122806,1994.9786923420388,132.48284973439985,531.2491546034062,112.07155400729758,0.9713501626070975,0.08945663566712729,8694.90757795321,1546.064838810442,375.692967796021,92.96816834155754,0.4325306437959986,0.09394861045493524,0.07602339181286549,0.11695906432748537,0.19298245614035087,0.5897125417290721,0.048953282331592546,13.331521130805964,0.5839108585030442,0.46484836518025197
jota,ct,26,4,74.76923076923077,24.91548436107044,0.5,0.15384615384615385,86.11538461538461,120.0,-33.88461538461539,3.6153846153846154,0.2692307692307692,0.0,0.23076923076923078,0.3181818181818182,0.38461538461538464,0.15384615384615385,0.038461538461538464,0.19230769230769232,0.8,0.11538461538461539,0.6923076923076923,0.0,1.6538461538461537,0.38461538461538464,0.2692307692307692,0.6153846153846154,0.38461538461538464,0.0,1828.1771951627693,63.99455743264199,800.6343359989495,144.6231318216212,0.9144463496664647,0.07266170563705605,6689.116057916721,1454.4991376889345,519.8685669234249,86.27643386518767,0.43113867453996896,0.062055030013134595,0.11538461538461539,0.07692307692307693,0.19230769230769232,0.6979453362398692,0.05067669904603401,14.144127894731012,0.7512611121736652,0.5107747432588559
jota,t,42,4,61.595238095238095,38.6071593762354,0.4523809523809524,0.07142857142857142,73.61904761904762,110.07142857142857,-36.45238095238095,1.5952380952380953,0.21428571428571427,0.023809523809523808,0.3684210526315789,0.15384615384615385,0.30952380952380953,0.07142857142857142,0.21428571428571427,0.2857142857142857,0.25,0.09523809523809523,0.631578947368421,0.05263157894736842,1.7857142857142858,0.09523809523809523,0.7142857142857143,0.6190476190476191,0.35714285714285715,0.0,2023.6138426312089,83.82892908243284,476.0332104593027,44.98979017781991,0.9717093464851365,0.05839706696019214,7445.882390684735,1569.888442102137,334.0099659009138,46.18335636307999,0.37029023371440817,0.1043058454580849,0.19047619047619047,0.14285714285714285,0.3333333333333333,0.6253045223444509,0.06677887636422555,22.65035427433387,0.8141525580351033,0.6364354332208967
jt,ct,56,5,77.94642857142857,9.871088378237499,0.7857142857142857,0.375,101.23214285714286,85.33928571428571,15.892857142857142,5.375,0.23214285714285715,0.08928571428571429,0.22727272727272727,0.3142857142857143,0.375,0.03571428571428571,0.08928571428571429,0.125,0.2857142857142857,0.25,0.75,0.045454545454545456,2.5535714285714284,0.48214285714285715,0.8571428571428571,0.7142857142857143,0.5,0.0,2095.270833154564,61.03868712627081,757.1407928733128,96.8694412822761,1.0406584416512523,0.12079024332784255,8742.252095507243,1396.6924187632753,497.4500340205981,85.28169789281259,0.3021618042997746,0.04840878649803952,0.07142857142857142,0.05357142857142857,0.125,0.5779729491385569,0.041340509587881186,8.727903749175697,0.2782354888307707,0.2686741280359722
jt,t,54,6,61.68518518518518,21.886215917511382,0.5555555555555556,0.14814814814814814,73.92592592592592,119.5925925925926,-45.666666666666664,1.8703703703703705,0.16666666666666666,0.0,0.26666666666666666,0.32608695652173914,0.42592592592592593,0.07407407407407407,0.16666666666666666,0.24074074074074073,0.3076923076923077,0.1111111111111111,0.8666666666666667,0.0,2.8703703703703702,0.037037037037037035,1.2407407407407407,0.9444444444444444,0.6296296296296297,0.018518518518518517,2059.724751041136,185.76736812104767,569.8825435500302,178.86577424885624,1.002567317548777,0.14231412773722957,8742.18901986828,1458.8825753075828,430.3286616659799,171.54256473497583,0.31464832775086776,0.11050019742330193,0.07407407407407407,0.12962962962962962,0.2037037037037037,0.5764215206509051,0.04939145367307742,10.955703302036339,1.0665267124620281,0.5723418887240926
karrigan,ct,603,52,63.45771144278607,23.058553691168086,0.5174129353233831,0.36318407960199006,77.17744610281923,86.61857379767828,-9.441127694859038,8.051409618573798,0.2703150912106136,0.028192371475953566,0.16666666666666666,0.2916666666666667,0.27197346600331673,0.06965174129353234,0.1011608623548922,0.17081260364842454,0.4077669902912621,0.1011608623548922,0.6858974358974359,0.00641025641025641,2.669983416252073,0.5920398009950248,0.6384742951907131,0.7412935323383084,0.6965174129353234,0.001658374792703151,2074.335752274461,198.80284133599378,856.8935854053307,207.51081211484956,1.0813756286654654,0.1353715757384318,8745.67569187456,1263.4987897121716,610.7027419077893,148.12345862845777,0.32476261112168114,0.11902890945378772,0.10281923714759536,0.07296849087893864,0.175787728026534,0.5979325501877223,0.052511352014314096,11.607975221534227,0.445754413243987,0.34485139911027896
karrigan,t,569,50,43.804920913884004,18.765215410923542,0.3462214411247803,0.21616871704745166,53.23550087873462,106.20562390158172,-52.9701230228471,3.140597539543058,0.2478031634446397,0.05799648506151142,0.27411167512690354,0.2914798206278027,0.3233743409490334,0.04569420035149385,0.1704745166959578,0.21616871704745166,0.21138211382113822,0.070298769771529,0.6852791878172588,0.01015228426395939,2.952548330404218,0.2618629173989455,1.0439367311072056,1.015817223198594,0.6098418277680141,0.0210896309314587,2042.7140872694285,95.29425639049573,601.3824071310307,101.48888203184795,1.015803699428765,0.09026036741031751,8473.957354648204,1216.056868319838,478.380910860032,100.33730505362482,0.36319739227709225,0.06041674862196968,0.07381370826010544,0.14235500878734622,0.21616871704745166,0.6067532547390813,0.04765036022225085,17.370293188346167,0.43710115341918326,0.3741389784093743
kashl1d,ct,85,7,63.71764705882353,16.245700902854676,0.6705882352941176,0.4588235294117647,112.4,81.41176470588235,30.988235294117647,2.070588235294118,0.1411764705882353,0.03529411764705882,0.17543859649122806,0.34782608695652173,0.3058823529411765,0.07058823529411765,0.07058823529411765,0.1411764705882353,0.5,0.1411764705882353,0.21052631578947367,0.6140350877192983,2.4823529411764707,0.4,0.8470588235294118,0.7058823529411765,0.5294117647058824,0.0,2195.186622558426,116.85358147774396,745.988321712183,99.25987919485416,1.0304064819157213,0.04524032999198861,9618.769458633662,1268.63456378637,559.8567877541124,75.64900022385063,0.23945155164352527,0.07774109561792639,0.07058823529411765,0.09411764705882353,0.16470588235294117,0.5965065304056049,0.03720728240262438,11.292337628169962,0.3791890082847268,0.26953041214350343
kashl1d,t,87,7,41.05747126436781,17.619813437730205,0.3448275862068966,0.27586206896551724,53.88505747126437,102.62068965517241,-48.735632183908045,1.2528735632183907,0.1724137931034483,0.08045977011494253,0.5666666666666667,0.12698412698412698,0.28735632183908044,0.0,0.10344827586206896,0.10344827586206896,0.0,0.04597701149425287,0.3333333333333333,0.36666666666666664,3.160919540229885,0.011494252873563218,1.5747126436781609,1.1149425287356323,0.45977011494252873,0.0,2150.208023033767,82.00715076152156,497.76532933861694,50.23521786758771,0.9190516310957503,0.04471993605064554,8711.311072073555,995.270379870292,341.7150825739577,22.676578366717287,0.3278716589549366,0.0660535784288498,0.04597701149425287,0.08045977011494253,0.12643678160919541,0.5823046637627743,0.03349676958193906,14.130325621270353,0.25609402007706134,0.1777433457052759
kensizor,ct,463,41,85.23110151187905,26.080199896348244,0.7688984881209503,0.34773218142548595,105.82505399568035,94.67818574514038,11.146868250539956,6.509719222462203,0.31101511879049676,0.03455723542116631,0.2443820224719101,0.2947019867549669,0.3801295896328294,0.12526997840172785,0.06695464362850972,0.19222462203023757,0.651685393258427,0.20086393088552915,0.7724719101123596,0.0,1.6220302375809936,0.43628509719222464,0.31101511879049676,0.4406047516198704,0.4319654427645788,0.0021598272138228943,2005.708860155983,136.5758974775058,674.8999649305523,158.7624207847019,0.9365083997575161,0.12104630319546647,8444.100306574766,1164.6139953959025,504.9313351706084,72.23418078288091,0.38967998279203286,0.08086718865577859,0.11663066954643629,0.06263498920086392,0.17926565874730022,0.5808082939706402,0.057562218437039805,12.709733418565952,0.5990249857966297,0.4348136322142447
kensizor,t,438,40,65.74657534246575,24.612188535042318,0.5593607305936074,0.21232876712328766,83.55936073059361,108.2420091324201,-24.682648401826484,4.78310502283105,0.21232876712328766,0.0182648401826484,0.30612244897959184,0.2898550724637681,0.3995433789954338,0.07534246575342465,0.17123287671232876,0.2465753424657534,0.3055555555555556,0.12557077625570776,0.746938775510204,0.00816326530612245,1.682648401826484,0.3584474885844749,0.410958904109589,0.4634703196347032,0.4497716894977169,0.0,2044.6076200822358,143.16471149325452,549.6442215601196,97.04473373652135,0.991751910902882,0.12694574044758763,8234.108063749512,1556.4069820768157,388.26083331300043,86.13445897305905,0.3985090922620541,0.06246586855726898,0.09360730593607305,0.15296803652968036,0.2465753424657534,0.5839309451776358,0.06469495703685597,14.088705016015311,0.49789837090789757,0.3708127711426099
kisserek,ct,147,13,83.39455782312925,23.745071709599614,0.6870748299319728,0.30612244897959184,102.08163265306122,92.68027210884354,9.401360544217686,6.244897959183674,0.23809523809523808,0.027210884353741496,0.16831683168316833,0.2647058823529412,0.29931972789115646,0.1360544217687075,0.08163265306122448,0.21768707482993196,0.625,0.1292517006802721,0.7227722772277227,0.0,2.3537414965986394,0.5986394557823129,0.4557823129251701,0.6258503401360545,0.6462585034013606,0.027210884353741496,2079.704052165444,124.691859989136,775.1011842859772,147.01919895421406,1.0507813436780256,0.13245774233990146,8635.831281433353,1447.1005310943024,566.0214500182967,91.05982129803937,0.3396061900635579,0.06385723936481154,0.1360544217687075,0.09523809523809523,0.23129251700680273,0.579770277103555,0.05392951428831313,11.44321293172359,0.4925971730884037,0.34126930929239874
kisserek,t,130,13,76.43846153846154,36.743538909299275,0.5846153846153846,0.27692307692307694,94.66153846153846,105.26923076923077,-10.607692307692307,4.023076923076923,0.25384615384615383,0.046153846153846156,0.19736842105263158,0.24468085106382978,0.2923076923076923,0.13076923076923078,0.16153846153846155,0.2923076923076923,0.4473684210526316,0.13846153846153847,0.7236842105263158,0.013157894736842105,1.7923076923076924,0.36153846153846153,0.4,0.4076923076923077,0.6,0.023076923076923078,2109.5456393391573,121.30385660936588,624.6357362636218,93.7975124168353,1.0817481583506832,0.09180377474221683,8036.335252356179,1473.2650284380888,452.31150163277283,70.16276464872259,0.37682027286760106,0.0893023208232634,0.13846153846153847,0.14615384615384616,0.2846153846153846,0.5782366028286505,0.05480263089851115,17.910250868195604,0.7581383163489104,0.5616818941192883
kl1m,ct,201,22,74.03980099502488,30.725558229225577,0.7860696517412935,0.5522388059701493,101.6268656716418,68.58208955223881,33.04477611940298,2.099502487562189,0.15920398009950248,0.029850746268656716,0.25949367088607594,0.2222222222222222,0.3034825870646766,0.0845771144278607,0.08955223880597014,0.17412935323383086,0.4857142857142857,0.20398009950248755,0.37341772151898733,0.44936708860759494,1.4129353233830846,0.40298507462686567,0.2935323383084577,0.417910447761194,0.29850746268656714,0.0,2098.2697622892792,122.69316826611792,709.0107118937689,98.0557193482055,0.9916421309580941,0.09369273878312145,7988.811223340273,1327.4394770919112,545.3868713380775,78.84885597504339,0.2735544234148489,0.05813401805060695,0.07960199004975124,0.12437810945273632,0.20398009950248755,0.6061514266505419,0.060437659188063785,17.303876290823183,0.7807964811725715,0.6081064260386833
kl1m,t,210,22,74.14761904761905,28.669622569843128,0.7047619047619048,0.2619047619047619,101.33809523809524,100.3,1.0380952380952382,2.7904761904761903,0.19523809523809524,0.06666666666666667,0.40540540540540543,0.22580645161290322,0.4523809523809524,0.06190476190476191,0.0380952380952381,0.1,0.6190476190476191,0.1523809523809524,0.5405405405405406,0.13513513513513514,1.9095238095238096,0.08571428571428572,0.8380952380952381,0.6714285714285714,0.3142857142857143,0.0,2070.544276297131,113.37728953018349,454.64678938142185,77.9233428356643,0.8697360698427973,0.05627083151205993,7863.503773467169,1209.27738477959,302.86113606678134,62.87008282332975,0.3864668888647705,0.0732740671685441,0.07142857142857142,0.04285714285714286,0.11428571428571428,0.5844242861006668,0.053779564111760866,16.079109382604443,0.741165704255606,0.5067428575404092
koala,ct,61,7,82.55737704918033,20.833101599430645,0.7213114754098361,0.4098360655737705,95.72131147540983,83.19672131147541,12.524590163934427,5.245901639344262,0.11475409836065574,0.0,0.1590909090909091,0.1388888888888889,0.19672131147540983,0.11475409836065574,0.04918032786885246,0.16393442622950818,0.7,0.14754098360655737,0.6590909090909091,0.0,1.2131147540983607,0.32786885245901637,0.14754098360655737,0.4918032786885246,0.2459016393442623,0.0,2125.808528528166,85.19835099830539,894.053985377829,217.13602624188033,1.21635843272371,0.10273701874410299,8253.613564316027,884.3677445576409,574.738875075223,137.17480342686625,0.32322615781746955,0.048838787540509784,0.11475409836065574,0.08196721311475409,0.19672131147540983,0.584815175655409,0.0377071103083513,10.557734303904285,0.6570756026933001,0.45338408592481094
koala,t,59,6,77.79661016949153,23.569131479959733,0.6440677966101694,0.3220338983050847,95.37288135593221,90.9322033898305,4.440677966101695,5.4576271186440675,0.2033898305084746,0.05084745762711865,0.18421052631578946,0.175,0.23728813559322035,0.1016949152542373,0.05084745762711865,0.15254237288135594,0.6666666666666666,0.13559322033898305,0.7894736842105263,0.0,2.2033898305084745,0.5932203389830508,0.4745762711864407,0.7457627118644068,0.3898305084745763,0.0,2023.4127401402227,155.17899396859843,542.1101148726287,127.80963424864495,1.0967800643263101,0.14113480407019116,8308.887068590402,1483.9963906566245,438.7040515602482,86.45256177755711,0.38251175679786353,0.1220388565856927,0.11864406779661017,0.06779661016949153,0.1864406779661017,0.5566285708829434,0.06956284313285818,11.293976596334904,0.6923033584277638,0.42845100459648106
krabeni,ct,294,26,92.27210884353741,32.76760370326392,0.8095238095238095,0.2925170068027211,114.14625850340136,102.28231292517007,11.863945578231293,8.142857142857142,0.29591836734693877,0.05782312925170068,0.1638655462184874,0.21634615384615385,0.2857142857142857,0.17006802721088435,0.1564625850340136,0.32653061224489793,0.5208333333333334,0.19387755102040816,0.7983193277310925,0.0,2.4081632653061225,0.6326530612244898,0.41496598639455784,0.7585034013605442,0.6020408163265306,0.0,1981.3603165760837,133.17091513373174,702.4738470873436,118.75519144995818,1.0092279824995847,0.14911554013915074,8439.533143529909,1122.4152536471588,587.6582679421062,97.70865310259049,0.3895407101602075,0.08080118587854891,0.16326530612244897,0.1326530612244898,0.29591836734693877,0.5949442223925309,0.04743581890560707,12.780507921406604,0.7337151385266454,0.507431423971416
krabeni,t,261,27,65.38314176245211,28.627616122801445,0.5517241379310345,0.26053639846743293,84.06896551724138,101.04214559386973,-16.973180076628353,4.206896551724138,0.20689655172413793,0.04597701149425287,0.2361111111111111,0.26424870466321243,0.32567049808429116,0.07662835249042145,0.12260536398467432,0.19923371647509577,0.38461538461538464,0.13026819923371646,0.75,0.013888888888888888,3.0229885057471266,0.4099616858237548,0.9348659003831418,0.9770114942528736,0.7011494252873564,0.0,2130.3561018414616,122.71836319059712,605.0574369547753,126.45563882372628,1.0899797021966742,0.10652893345709537,8521.457753245651,1425.2619405396613,488.49948054468484,128.8069452696293,0.3401849141642153,0.08567804441915879,0.08045977011494253,0.11877394636015326,0.19923371647509577,0.561281095099132,0.06361564912300449,18.12223164411277,0.6747227266732393,0.5047955372463505
krazy,ct,61,7,56.01639344262295,17.656993044858663,0.5245901639344263,0.4098360655737705,70.60655737704919,94.29508196721312,-23.688524590163933,1.9344262295081966,0.09836065573770492,0.01639344262295082,0.25,0.1111111111111111,0.19672131147540983,0.06557377049180328,0.09836065573770492,0.16393442622950818,0.4,0.09836065573770492,0.53125,0.09375,2.0163934426229506,0.4098360655737705,0.3114754098360656,0.6721311475409836,0.6229508196721312,0.0,2158.8283573920035,56.57725068936038,1009.2023749972958,137.4167585097044,1.1451940688032325,0.07539668443240989,8881.24524263537,999.3265965505348,656.5422070330266,104.11145527770351,0.25451159019270503,0.03466186571767639,0.08196721311475409,0.11475409836065574,0.19672131147540983,0.5945966815206,0.04210912121948011,12.75929956082739,0.4230631919598921,0.3898669584511313
krazy,t,83,7,57.903614457831324,22.5695877710821,0.5060240963855421,0.2289156626506024,69.27710843373494,107.40963855421687,-38.13253012048193,0.5783132530120482,0.1566265060240964,0.012048192771084338,0.4523809523809524,0.21875,0.39759036144578314,0.07228915662650602,0.07228915662650602,0.14457831325301204,0.5,0.12048192771084337,0.7380952380952381,0.0,1.7951807228915662,0.1566265060240964,0.46987951807228917,0.8072289156626506,0.3614457831325301,0.0,2156.218286877949,109.23578271468115,661.7318732898174,100.75170723753725,1.1386376157651523,0.09724489837311037,7984.155860091136,721.0125265098231,463.11240066508134,123.89212159607769,0.3386294422506144,0.06886842309831849,0.03614457831325301,0.08433734939759036,0.12048192771084337,0.5923520355426826,0.023841062379832443,16.812289127689215,0.49600150634107354,0.403752830925507
kscerato,ct,310,29,89.09677419354838,27.338536495826407,0.8032258064516129,0.4612903225806452,109.19677419354839,78.16774193548387,31.029032258064515,8.225806451612904,0.2870967741935484,0.05161290322580645,0.1927710843373494,0.33532934131736525,0.33548387096774196,0.0967741935483871,0.06451612903225806,0.16129032258064516,0.6,0.2064516129032258,0.8232931726907631,0.012048192771084338,2.7516129032258063,0.7612903225806451,0.5580645161290323,0.8096774193548387,0.6225806451612903,0.0,2017.7008638273912,170.56992771279167,652.7515856323251,141.03630546758558,0.8685103474636946,0.09592443609217201,9693.559174429767,1117.4228680123706,490.78015767322336,69.07463984376942,0.337383001136292,0.09596512349292723,0.12580645161290321,0.05161290322580645,0.1774193548387097,0.5456102051034434,0.03650427650673102,11.837433204892298,0.6247830476839481,0.437007261083656
kscerato,t,296,29,70.23310810810811,23.767215355685835,0.6554054054054054,0.3547297297297297,90.41891891891892,91.76351351351352,-1.3445945945945945,3.891891891891892,0.17567567567567569,0.013513513513513514,0.3247422680412371,0.2670157068062827,0.38513513513513514,0.07432432432432433,0.10472972972972973,0.17905405405405406,0.41509433962264153,0.15202702702702703,0.7835051546391752,0.005154639175257732,2.3817567567567566,0.4831081081081081,0.6722972972972973,0.5878378378378378,0.6385135135135135,0.0,2073.136487833574,147.01389702721553,660.4744655298189,138.8788311639962,1.0980030028257464,0.1302556541733438,9740.812791171566,1439.4877618371909,492.9722314962086,100.81079387936326,0.3736249401499278,0.07990500071301779,0.08445945945945946,0.08783783783783784,0.17229729729729729,0.5405462152520983,0.05129187337449074,11.608132398852083,0.5958929797673567,0.4022022402645879
kvem,ct,56,5,116.14285714285714,13.833645804191553,1.0357142857142858,0.3392857142857143,153.41071428571428,89.82142857142857,63.589285714285715,5.071428571428571,0.26785714285714285,0.0,0.1724137931034483,0.4594594594594595,0.48214285714285715,0.19642857142857142,0.125,0.32142857142857145,0.6111111111111112,0.32142857142857145,0.7586206896551724,0.08620689655172414,1.9464285714285714,0.5178571428571429,0.4642857142857143,0.375,0.5892857142857143,0.0,1910.6583142044033,103.09514208418351,625.6292127058643,132.67892393611768,0.9071533642400018,0.08340635196622719,7572.439056673697,500.9643452462796,521.3788647939513,97.22070009000878,0.3985130285906073,0.04938082098704653,0.17857142857142858,0.10714285714285714,0.2857142857142857,0.6231993686661503,0.03976282331255141,6.070261325705568,0.36267712069766855,0.2750791878455289
kvem,t,54,6,78.37037037037037,30.699220621644564,0.7037037037037037,0.16666666666666666,105.85185185185185,116.81481481481481,-10.962962962962964,1.7037037037037037,0.24074074074074073,0.0,0.23684210526315788,0.24444444444444444,0.37037037037037035,0.12962962962962962,0.14814814814814814,0.2777777777777778,0.4666666666666667,0.16666666666666666,0.8157894736842105,0.02631578947368421,1.7037037037037037,0.25925925925925924,0.3888888888888889,0.5,0.48148148148148145,0.07407407407407407,1990.9935683514796,154.43062599026695,525.3843484991481,81.3192724460029,0.920226261127606,0.08439003175672138,8481.471199107624,1183.191670979932,345.70439536650446,66.89503221795404,0.38867979469364555,0.0878511066541563,0.07407407407407407,0.2037037037037037,0.2777777777777778,0.5911026513988021,0.05396142157599627,14.998856838012305,0.7270942719117744,0.483676507541996
kyousuke,ct,603,52,85.30348258706468,24.80532241501024,0.7728026533996684,0.38308457711442784,109.71144278606965,88.53731343283582,21.17412935323383,4.159203980099503,0.22885572139303484,0.004975124378109453,0.20815450643776823,0.2661290322580645,0.3250414593698176,0.14759535655058043,0.08623548922056384,0.23383084577114427,0.6312056737588653,0.2023217247097844,0.7896995708154506,0.03862660944206009,2.0248756218905473,0.6301824212271974,0.3814262023217247,0.5041459369817579,0.5091210613598673,0.0,1991.1301633239716,118.49137304516746,726.7837225720475,119.96020291729154,0.955604406985416,0.10968081103346765,8732.790214736819,1066.2079902393593,513.7976549800976,80.13135491665757,0.3393784503568994,0.06229641046009564,0.15422885572139303,0.07296849087893864,0.22719734660033167,0.585732588719764,0.04787387048307536,12.292735094378713,0.5879414764678985,0.3889376195927328
kyousuke,t,571,51,82.215411558669,22.57839582253772,0.7390542907180385,0.2609457092819615,104.40980735551663,104.46059544658493,-0.050788091068301226,2.7530647985989494,0.2381786339754816,0.0035026269702276708,0.2914691943127962,0.3056872037914692,0.4413309982486865,0.1190893169877408,0.15236427320490367,0.2714535901926445,0.43870967741935485,0.19439579684763572,0.7796208530805687,0.0071090047393364926,1.5253940455341506,0.19964973730297722,0.425569176882662,0.45709281961471104,0.4413309982486865,0.0017513134851138354,1970.5104458537523,104.87236769326228,534.7308176454768,82.34204156202404,0.9202598484593707,0.08712437193085246,8535.405598104466,1440.5871109930144,347.4222262013931,65.17762541502863,0.4166320493848603,0.0739742969287382,0.08056042031523643,0.1628721541155867,0.2434325744308231,0.5907387357054936,0.053224479537154194,13.957345038819739,0.5278038671178673,0.3718829853946567
lake,ct,237,23,73.69620253164557,27.261232961328506,0.6582278481012658,0.33755274261603374,91.62447257383967,96.38818565400844,-4.763713080168777,6.506329113924051,0.21518987341772153,0.004219409282700422,0.17307692307692307,0.34394904458598724,0.34177215189873417,0.14345991561181434,0.11392405063291139,0.25738396624472576,0.5573770491803278,0.13924050632911392,0.782051282051282,0.0,2.2953586497890295,0.679324894514768,0.5316455696202531,0.569620253164557,0.5147679324894515,0.0,2041.508010142452,156.11029031102538,720.817703482888,146.1007994942429,0.9075476856657944,0.12336078690243356,9328.289768708333,1126.5812107235765,478.1193821953687,69.8175953793097,0.34436951828866136,0.07335518703488372,0.1518987341772152,0.11814345991561181,0.270042194092827,0.5952787819882388,0.04811485952667422,14.379581195790438,0.7062121401494582,0.4647578957322104
lake,t,247,24,70.91497975708502,26.624849673941558,0.6396761133603239,0.20647773279352227,89.70040485829959,114.02429149797571,-24.323886639676115,5.9271255060728745,0.17408906882591094,0.012145748987854251,0.3037974683544304,0.2857142857142857,0.42105263157894735,0.10121457489878542,0.19838056680161945,0.29959514170040485,0.33783783783783783,0.16194331983805668,0.7278481012658228,0.006329113924050633,1.9109311740890689,0.39271255060728744,0.5060728744939271,0.46558704453441296,0.5384615384615384,0.008097165991902834,2076.6444259002114,123.4384450706537,501.0507913032039,98.92532922152651,0.91583548672058,0.0952336495217805,8524.975122164933,1304.2696206154153,342.51730407102525,102.57910788035397,0.3900550601688234,0.056462038473399714,0.08097165991902834,0.17408906882591094,0.2550607287449393,0.6063822258643763,0.05079436361379955,15.4063043077652,0.6610577550776066,0.4614432187583416
latto,ct,447,45,86.81208053691275,23.47082738121379,0.8277404921700223,0.4563758389261745,108.29082774049218,80.68903803131991,27.60178970917226,7.718120805369128,0.24161073825503357,0.02237136465324385,0.21351351351351353,0.31275720164609055,0.34675615212527966,0.09619686800894854,0.06711409395973154,0.16331096196868009,0.589041095890411,0.21252796420581654,0.754054054054054,0.0,2.684563758389262,0.6935123042505593,0.6756152125279642,0.7114093959731543,0.6040268456375839,0.0,2090.1370921001244,214.6822842154928,772.7868816351635,213.42579141680537,0.9878770205932846,0.1112313030882261,8799.250831833175,1414.6163251862415,520.498599471332,101.20984438531316,0.31843736769196107,0.11398864919159094,0.08501118568232663,0.04697986577181208,0.1319910514541387,0.6002003171231177,0.04818293796360178,11.520285003616,0.5772127320753553,0.3898002044755224
latto,t,435,44,80.3632183908046,31.93400677385452,0.7632183908045977,0.34022988505747126,106.88735632183908,97.8367816091954,9.050574712643678,4.597701149425287,0.18620689655172415,0.016091954022988506,0.29819277108433734,0.27526132404181186,0.4091954022988506,0.08505747126436781,0.10574712643678161,0.19080459770114944,0.4457831325301205,0.20229885057471264,0.7981927710843374,0.018072289156626505,2.2413793103448274,0.3425287356321839,0.6597701149425287,0.6275862068965518,0.6114942528735632,0.0,2067.068413316599,103.25067840469134,516.7306650720702,114.20010486604352,0.9467845276075167,0.09712798651317468,8351.735691674256,1278.7012416159228,363.1240338563405,106.4428212474583,0.41691102708446504,0.08048552543978882,0.08505747126436781,0.11264367816091954,0.19770114942528735,0.5988412566469034,0.04666969216384851,13.850551344892544,0.8577215395135311,0.5386509343411748
launx,ct,294,26,71.03061224489795,23.993768271087653,0.6632653061224489,0.36394557823129253,90.57482993197279,92.41836734693878,-1.8435374149659864,4.261904761904762,0.22789115646258504,0.006802721088435374,0.27692307692307694,0.31016042780748665,0.38095238095238093,0.061224489795918366,0.05442176870748299,0.11564625850340136,0.5294117647058824,0.17687074829931973,0.6923076923076923,0.010256410256410256,2.306122448979592,0.5918367346938775,0.5068027210884354,0.6666666666666666,0.5408163265306123,0.0,2046.9818498255956,159.4301386776724,649.1172419299162,108.22206903119078,0.9159929128174769,0.0762304195771458,9273.26001591491,1168.3793515796226,458.2651280059359,60.448642234090606,0.35499341380493793,0.07633602424026506,0.05782312925170068,0.07482993197278912,0.1326530612244898,0.5585016595009177,0.050982715993441285,10.040422957078631,0.4871489615830009,0.3277784074158284
launx,t,265,28,60.1811320754717,23.759213281519074,0.49433962264150944,0.23773584905660378,76.01509433962264,106.00377358490566,-29.98867924528302,3.5924528301886793,0.24150943396226415,0.007547169811320755,0.31297709923664124,0.3465346534653465,0.4188679245283019,0.1018867924528302,0.16981132075471697,0.27169811320754716,0.375,0.1018867924528302,0.6946564885496184,0.0,1.5509433962264152,0.3132075471698113,0.3849056603773585,0.4037735849056604,0.44150943396226416,0.007547169811320755,2076.3404121715807,134.73506616121483,523.3713836826919,86.71245717970478,0.9559341349690932,0.0805016373087988,7809.679580205661,1682.3019937355004,340.52098049444663,83.94157774992316,0.3947201929356182,0.06838842818141834,0.07924528301886792,0.17358490566037735,0.2528301886792453,0.5988112966017536,0.07526678256305887,16.420531686230426,0.6010978611218506,0.46242083286862334
liazz,ct,46,5,69.71739130434783,18.66344776622931,0.5869565217391305,0.34782608695652173,88.19565217391305,92.3695652173913,-4.173913043478261,4.0,0.2391304347826087,0.08695652173913043,0.1111111111111111,0.26666666666666666,0.2391304347826087,0.10869565217391304,0.06521739130434782,0.17391304347826086,0.625,0.13043478260869565,0.5555555555555556,0.0,2.652173913043478,0.5,0.782608695652174,0.782608695652174,0.5869565217391305,0.0,2057.1044724608873,156.9790710933451,957.5944109650341,181.3346559838472,1.0951604174850829,0.1172206670699503,9131.71857153612,1592.2645429665552,557.7521471037725,119.25350432710323,0.31902662712730157,0.05269518819755681,0.10869565217391304,0.043478260869565216,0.15217391304347827,0.5702600264732942,0.05356426381544674,14.202101484527294,0.46774828264811524,0.4100153987012112
liazz,t,56,5,62.267857142857146,16.334796416839463,0.6428571428571429,0.23214285714285715,82.23214285714286,108.51785714285714,-26.285714285714285,1.5178571428571428,0.16071428571428573,0.07142857142857142,0.5277777777777778,0.23255813953488372,0.5178571428571429,0.017857142857142856,0.125,0.14285714285714285,0.125,0.125,0.8611111111111112,0.0,2.1964285714285716,0.30357142857142855,0.8214285714285714,0.5535714285714286,0.5178571428571429,0.0,2160.091863926226,121.92825178057846,562.6335533785751,65.25661255267671,1.0616181356336671,0.06074293483338307,8849.20225284573,499.4100428806539,364.9355627734005,67.23876976335491,0.39299643350616226,0.048431370854898646,0.05357142857142857,0.05357142857142857,0.10714285714285714,0.5420380709491813,0.04045830406943056,15.93860457023319,0.42537108649329924,0.39714076379782304
lnz,ct,201,22,75.54726368159204,29.220988056763673,0.7562189054726368,0.48258706467661694,94.81592039800995,77.59701492537313,17.218905472636816,8.442786069651742,0.20398009950248755,0.06467661691542288,0.23026315789473684,0.36538461538461536,0.36318407960199006,0.1044776119402985,0.04477611940298507,0.14925373134328357,0.7,0.17412935323383086,0.7039473684210527,0.03289473684210526,2.5621890547263684,0.6517412935323383,0.6069651741293532,0.6417910447761194,0.6616915422885572,0.0,2123.544883586251,203.6570697535301,764.2271197026787,193.7398800120656,1.0369316958655626,0.17171577104822475,9511.747738544205,1113.6611877775313,540.5882809313092,130.61062278897904,0.3280561429325561,0.09836407630386072,0.0945273631840796,0.03980099502487562,0.13432835820895522,0.5611173853072743,0.04175060100116382,11.472612062830152,0.7167390247790082,0.45525534621798547
lnz,t,210,22,60.195238095238096,25.735179345675803,0.5047619047619047,0.22380952380952382,76.62857142857143,105.37619047619047,-28.747619047619047,5.252380952380952,0.23809523809523808,0.08095238095238096,0.330188679245283,0.26380368098159507,0.37142857142857144,0.0761904761904762,0.09523809523809523,0.17142857142857143,0.4444444444444444,0.10476190476190476,0.6981132075471698,0.009433962264150943,2.842857142857143,0.30952380952380953,0.9809523809523809,0.9809523809523809,0.5666666666666667,0.004761904761904762,2038.0934690111872,130.6760520601561,567.126351393204,133.43340047626708,1.0444464477345203,0.102124483614101,7840.118441110052,1030.6612319743615,439.4599393059619,101.77996416700589,0.40433905174727863,0.07123974576987091,0.05714285714285714,0.11904761904761904,0.1761904761904762,0.5983687770059838,0.0377060570068848,17.754781173474615,0.7574306612194608,0.5155900109986886
luchov,ct,329,34,99.00911854103343,30.618588182096588,0.8966565349544073,0.3768996960486322,125.33434650455926,92.34650455927051,32.98784194528876,6.313069908814589,0.2917933130699088,0.03951367781155015,0.21694915254237288,0.3073170731707317,0.3860182370820669,0.1641337386018237,0.0911854103343465,0.2553191489361702,0.6428571428571429,0.24620060790273557,0.7186440677966102,0.003389830508474576,2.4012158054711246,0.6231003039513677,0.6170212765957447,0.5623100303951368,0.5987841945288754,0.0,2027.4645556161165,156.52115751578185,723.8379227918279,126.06182708021569,0.9806534800349829,0.0938385746814263,8886.320655273506,1515.8010564913905,526.3147000673317,74.26562924107242,0.34000968339968884,0.10181989891979354,0.13677811550151975,0.0911854103343465,0.22796352583586627,0.5810564928087815,0.05188022226374428,12.48038573912915,0.8074072694131078,0.5463730661321982
luchov,t,346,33,75.88728323699422,29.95488376157708,0.7109826589595376,0.2543352601156069,99.20809248554913,103.9364161849711,-4.728323699421965,4.300578034682081,0.1907514450867052,0.031791907514450865,0.2804878048780488,0.3062015503875969,0.4277456647398844,0.11849710982658959,0.1416184971098266,0.26011560693641617,0.45555555555555555,0.21676300578034682,0.7357723577235772,0.012195121951219513,1.9826589595375723,0.25722543352601157,0.6473988439306358,0.5404624277456648,0.5375722543352601,0.0,2017.0785826409813,115.89244047681628,524.397142293037,82.3528949839874,0.9729406884096986,0.0956486934348794,8421.031085096623,1723.4285659087775,391.31074883763455,96.1587636022176,0.38903357584422904,0.07711126470791754,0.09826589595375723,0.1531791907514451,0.2514450867052023,0.5828415539017614,0.06444802765596891,15.437904669337755,0.7486784589036486,0.5131606301224855
lucky,ct,46,4,86.43478260869566,7.426554901592181,0.6739130434782609,0.391304347826087,100.71739130434783,77.69565217391305,23.02173913043478,16.347826086956523,0.34782608695652173,0.021739130434782608,0.2903225806451613,0.42857142857142855,0.45652173913043476,0.13043478260869565,0.08695652173913043,0.21739130434782608,0.6,0.10869565217391304,0.7741935483870968,0.03225806451612903,2.3043478260869565,0.6956521739130435,0.45652173913043476,0.45652173913043476,0.6956521739130435,0.0,2013.3435957359122,103.15055732699766,689.8882341197019,205.2494621622058,0.9459848853235183,0.12908728054267132,8114.644522337809,421.9701073147614,528.1031585647972,106.42970037173558,0.3709748747599687,0.029324019156678816,0.08695652173913043,0.10869565217391304,0.1956521739130435,0.6133708896564588,0.028949231791228384,10.782258058815033,0.5364910674059984,0.3149837908851956
lucky,t,46,4,62.71739130434783,14.282394721887782,0.43478260869565216,0.17391304347826086,70.15217391304348,102.52173913043478,-32.369565217391305,8.043478260869565,0.34782608695652173,0.08695652173913043,0.45,0.39473684210526316,0.5217391304347826,0.08695652173913043,0.10869565217391304,0.1956521739130435,0.4444444444444444,0.06521739130434782,0.8,0.0,1.9130434782608696,0.34782608695652173,0.5434782608695652,0.5217391304347826,0.5,0.0,1987.3681463084024,55.639345402902954,450.3729708570788,100.28640821765129,0.9376184197688495,0.08987575425365542,7312.731468112327,1051.9339459126231,309.7527441557214,94.85564175583352,0.4145818496726736,0.10236867912885211,0.08695652173913043,0.08695652173913043,0.17391304347826086,0.6510365067160363,0.0571771685822682,3.5940860196050957,0.5361718699279917,0.31692351890499104
luken,ct,26,4,69.84615384615384,17.329949669193244,0.6538461538461539,0.38461538461538464,90.46153846153847,85.57692307692308,4.884615384615385,8.73076923076923,0.19230769230769232,0.0,0.23529411764705882,0.125,0.23076923076923078,0.07692307692307693,0.038461538461538464,0.11538461538461539,0.6666666666666666,0.15384615384615385,0.7058823529411765,0.0,1.7692307692307692,0.3076923076923077,0.46153846153846156,0.5769230769230769,0.4230769230769231,0.0,2125.9544747659015,159.76995861832805,872.481477605969,175.17559156280547,1.0144631736059422,0.1074976951640948,8833.075905002344,1904.6657301646335,579.883449948114,64.80169519420417,0.3190551855830063,0.06295377326625004,0.0,0.038461538461538464,0.038461538461538464,0.5849503625647373,0.06972589908246066,8.94946836069821,0.16871580615337928,0.23387390898074353
luken,t,42,4,60.61904761904762,12.269288114597437,0.5238095238095238,0.19047619047619047,77.0,103.21428571428571,-26.214285714285715,0.0,0.11904761904761904,0.0,0.45454545454545453,0.23529411764705882,0.42857142857142855,0.023809523809523808,0.11904761904761904,0.14285714285714285,0.16666666666666666,0.16666666666666666,0.9090909090909091,0.0,1.7857142857142858,0.3333333333333333,0.38095238095238093,0.5952380952380952,0.47619047619047616,0.0,2038.034025680763,175.03286658265208,602.8379605509951,98.69225892828244,1.1630614256526652,0.09858741748413188,8405.534801978376,492.1618887493023,528.1514130047352,114.11894563968966,0.38778654794458395,0.12719978492186174,0.0,0.09523809523809523,0.09523809523809523,0.5673103346782042,0.01801408917955453,6.941609398625355,0.3120459967402764,0.16455468812379467
m0nesy,ct,603,52,86.2636815920398,26.242706109131184,0.8839137645107794,0.48092868988391374,133.02819237147597,78.79601990049751,54.23217247097844,3.48424543946932,0.18076285240464346,0.05140961857379768,0.17448405253283303,0.26517571884984026,0.29187396351575456,0.17081260364842454,0.06633499170812604,0.23714759535655058,0.7202797202797203,0.22388059701492538,0.1801125703564728,0.6210131332082551,1.9071310116086235,0.4311774461028192,0.538971807628524,0.5290215588723052,0.4079601990049751,0.0,2111.3367030173563,114.21465485271327,742.8376880724869,99.06843839340002,0.9709193878901453,0.10694325190090452,9213.027487365918,1417.1486086237876,543.3206932828093,69.21853768900608,0.2702943512018796,0.07504943012528015,0.15091210613598674,0.087893864013267,0.23880597014925373,0.5888309100963678,0.057030365614369444,12.75773183485788,0.6374026811572835,0.44630282501945945
m0nesy,t,569,50,74.89279437609842,22.509920684530815,0.7258347978910369,0.3444639718804921,112.14411247803163,90.12302284710017,22.02108963093146,1.4885764499121266,0.1616871704745167,0.056239015817223195,0.31476997578692495,0.21179624664879357,0.36731107205623903,0.09314586994727592,0.070298769771529,0.1634446397188049,0.5698924731182796,0.18629173989455183,0.34382566585956414,0.46973365617433416,2.2161687170474518,0.06854130052724078,1.1107205623901582,0.6010544815465729,0.4112478031634446,0.02460456942003515,2064.8700353986005,97.59448264203168,519.5797147609663,84.0429805619533,0.897633152148579,0.05500839958832671,9507.859465117279,1163.367723868398,370.72242367382427,71.13131245158702,0.32550111101345897,0.07364473129061276,0.11423550087873462,0.09490333919156414,0.20913884007029876,0.5713489681382461,0.03965372311083767,13.230998465868035,0.5479103188671751,0.3922755008752278
magixx,ct,364,33,81.77472527472527,25.53368806608321,0.6813186813186813,0.4725274725274725,99.57142857142857,78.17032967032966,21.4010989010989,13.296703296703297,0.34615384615384615,0.03571428571428571,0.1693548387096774,0.3541666666666667,0.3021978021978022,0.10714285714285714,0.057692307692307696,0.16483516483516483,0.65,0.16483516483516483,0.6653225806451613,0.020161290322580645,2.980769230769231,0.8159340659340659,0.6648351648351648,0.8269230769230769,0.6730769230769231,0.0,2050.7642698466216,201.63661155947435,755.0354403969243,209.2871940583074,1.0034781504500832,0.19592520639682043,10039.412760520796,1412.134848935132,584.6667298608107,131.75747006607594,0.3272943273948285,0.10725663326119707,0.10164835164835165,0.07692307692307693,0.17857142857142858,0.5488435016655628,0.043083832026911136,11.741724076840464,0.5581222305361423,0.35774125544716806
magixx,t,367,33,59.56948228882834,16.592008314634427,0.5258855585831063,0.3106267029972752,74.95912806539509,97.69209809264305,-22.732970027247955,3.8174386920980927,0.21798365122615804,0.0653950953678474,0.27461139896373055,0.32806324110671936,0.37057220708446864,0.051771117166212535,0.1362397820163488,0.1880108991825613,0.2753623188405797,0.11171662125340599,0.694300518134715,0.02072538860103627,3.7547683923705724,0.2125340599455041,1.5313351498637602,1.32425068119891,0.6839237057220708,0.0027247956403269754,2056.835219667313,141.8643785719045,624.1452162938754,84.97253166623136,1.0256694158739432,0.0865776160336208,9714.21405453486,1181.5001659785935,461.24495843660236,88.64975146880946,0.33944255728533324,0.06852886305327596,0.08174386920980926,0.14713896457765668,0.22888283378746593,0.5690325155397931,0.04325140353870027,14.81700453967872,0.40834495679955707,0.3146851671074009
magnojez,ct,369,36,90.79945799457994,27.012192825482582,0.8292682926829268,0.4281842818428184,114.29268292682927,85.1219512195122,29.170731707317074,8.661246612466124,0.28184281842818426,0.037940379403794036,0.16993464052287582,0.2559241706161137,0.2872628726287263,0.16531165311653118,0.0921409214092141,0.25745257452574527,0.6421052631578947,0.22764227642276422,0.7352941176470589,0.06209150326797386,2.5772357723577235,0.7154471544715447,0.5582655826558266,0.6775067750677507,0.6205962059620597,0.005420054200542005,1996.6670269099159,99.1603863603967,694.5456296547455,106.11674954366916,0.9991064488119672,0.12239703398931552,9070.039323151059,1132.8383080106796,532.6977690479563,89.81060634956212,0.3408495502152118,0.06791497196583304,0.15176151761517614,0.1002710027100271,0.25203252032520324,0.5655038935836806,0.050150984199557304,12.97870793463248,0.6209032283351166,0.4315841742964097
magnojez,t,367,36,74.90190735694823,28.91239185432316,0.6457765667574932,0.2615803814713896,93.04632152588556,106.5558583106267,-13.509536784741144,3.8256130790190737,0.2615803814713896,0.05449591280653951,0.29535864978902954,0.2693726937269373,0.3896457765667575,0.1008174386920981,0.17983651226158037,0.28065395095367845,0.3592233009708738,0.1553133514986376,0.6877637130801688,0.0,2.335149863760218,0.2098092643051771,0.8283378746594006,0.6811989100817438,0.6130790190735694,0.0027247956403269754,2003.5774039182916,110.80952271835768,598.1243798558729,94.49811232382224,1.0922977509840113,0.1157030187561241,7991.741746443385,1633.481598728641,454.5990236136918,84.93888423039851,0.41492045482881507,0.07365732060360453,0.07356948228882834,0.1989100817438692,0.2724795640326976,0.5983892974282355,0.06047960091051202,17.359464282562314,0.7280298002944321,0.5249567469580871
maj3r,ct,303,25,73.38613861386139,29.384044861519023,0.6963696369636964,0.41254125412541254,91.91419141914191,83.82178217821782,8.092409240924093,7.161716171617162,0.20462046204620463,0.0231023102310231,0.2132701421800948,0.2696629213483146,0.3069306930693069,0.09570957095709572,0.08250825082508251,0.1782178217821782,0.5370370370370371,0.15841584158415842,0.7488151658767772,0.02843601895734597,2.495049504950495,0.5577557755775577,0.6105610561056105,0.8184818481848185,0.5082508250825083,0.0,2009.2166979430037,197.78327575949578,731.2775409076096,247.8837888630164,1.0001029938783035,0.13852668940082233,8652.220413373074,1541.2319833673967,548.8585138436836,135.9642923531605,0.3569901819940853,0.12629733693688464,0.09900990099009901,0.0924092409240924,0.19141914191419143,0.5974395087974391,0.05691044345251609,17.297896272406046,0.6234451997566673,0.4922244874051641
maj3r,t,228,25,52.96052631578947,23.547432818333686,0.39473684210526316,0.32456140350877194,64.3640350877193,94.65789473684211,-30.29385964912281,4.521929824561403,0.3026315789473684,0.09210526315789473,0.26666666666666666,0.21428571428571427,0.25,0.03508771929824561,0.08771929824561403,0.12280701754385964,0.2857142857142857,0.05263157894736842,0.7,0.0,3.3026315789473686,0.2543859649122807,1.2982456140350878,1.1842105263157894,0.5657894736842105,0.0,2096.2698287999983,114.10377932133683,630.6860499891104,105.46590838872277,1.1039408872167282,0.11182429463849082,8811.45653372674,1510.5980926498423,499.9614747932229,90.28861478907311,0.35806267613937726,0.09189978771116852,0.07456140350877193,0.07017543859649122,0.14473684210526316,0.569269316615159,0.05558275935308213,16.338314697520296,0.5639279020804066,0.42452896100106374
maka,ct,46,4,90.21739130434783,21.51979679421419,0.8913043478260869,0.5,120.82608695652173,75.95652173913044,44.869565217391305,8.347826086956522,0.15217391304347827,0.043478260869565216,0.17073170731707318,0.21739130434782608,0.2608695652173913,0.13043478260869565,0.0,0.13043478260869565,1.0,0.21739130434782608,0.3170731707317073,0.43902439024390244,3.391304347826087,0.717391304347826,1.1956521739130435,0.8478260869565217,0.6086956521739131,0.021739130434782608,2203.975961109808,61.719263280185835,692.2545965795023,37.515358911701234,0.9445829214588043,0.08879749846965655,9656.00338333208,1116.4865343714357,549.9550730162541,34.80573020378624,0.23112498205724216,0.025504110529014093,0.15217391304347827,0.043478260869565216,0.1956521739130435,0.5901760293713297,0.02843358718546223,15.761494240494171,0.4364144106318947,0.4372501877581787
maka,t,46,4,67.97826086956522,17.37611111713826,0.5652173913043478,0.2391304347826087,81.58695652173913,111.80434782608695,-30.217391304347824,5.565217391304348,0.21739130434782608,0.043478260869565216,0.3076923076923077,0.22857142857142856,0.34782608695652173,0.043478260869565216,0.08695652173913043,0.13043478260869565,0.3333333333333333,0.10869565217391304,0.6538461538461539,0.15384615384615385,3.652173913043478,0.06521739130434782,1.3695652173913044,1.3043478260869565,0.8913043478260869,0.021739130434782608,2072.758232741071,103.08011756306291,445.65928861021655,98.65188539920696,0.9591213668853734,0.0881662177091911,8400.099094669937,1250.9524952234647,332.4532343510953,97.55776899286221,0.35981625941776185,0.09118691953602132,0.06521739130434782,0.06521739130434782,0.13043478260869565,0.6099363015884007,0.029478992652543758,5.051717408096664,0.5373575733398656,0.2851449290880403
makazze,ct,344,30,80.77906976744185,26.82854115562213,0.7034883720930233,0.37790697674418605,100.24709302325581,90.31104651162791,9.936046511627907,7.755813953488372,0.28488372093023256,0.01744186046511628,0.1487603305785124,0.26635514018691586,0.2703488372093023,0.1569767441860465,0.0872093023255814,0.2441860465116279,0.6428571428571429,0.17151162790697674,0.7892561983471075,0.012396694214876033,2.566860465116279,0.7267441860465116,0.5784883720930233,0.6715116279069767,0.5901162790697675,0.0,1961.2655786629919,142.53266193242175,744.9591713035935,139.41280777276285,0.9855116229653746,0.07054324388192594,9170.362502086005,1045.6966356061146,499.2893794032138,69.73898559474243,0.3835642515158027,0.08499137595717413,0.17732558139534885,0.0872093023255814,0.26453488372093026,0.5658445037488822,0.043585180130515266,13.35983867506018,0.6068792207809088,0.4407137226200088
makazze,t,284,30,67.3556338028169,17.82698471595165,0.5774647887323944,0.24295774647887325,85.38380281690141,106.60211267605634,-21.218309859154928,3.933098591549296,0.19014084507042253,0.007042253521126761,0.18292682926829268,0.30697674418604654,0.3380281690140845,0.15140845070422534,0.18661971830985916,0.3380281690140845,0.4479166666666667,0.13380281690140844,0.7865853658536586,0.0,1.8450704225352113,0.3908450704225352,0.4295774647887324,0.49295774647887325,0.5246478873239436,0.007042253521126761,1993.5671583989886,122.33643377797323,551.8253837759864,65.33706468804154,0.9736404787200676,0.0968056143834893,8549.278278922298,1403.9989818470347,371.86861836895343,70.39493837256299,0.4093651509263673,0.06749385817412953,0.14084507042253522,0.19014084507042253,0.33098591549295775,0.5966923141106633,0.05834214456860194,14.926571505269436,0.43674064413016994,0.32308219545108247
malbsmd,ct,198,21,87.91414141414141,31.248262554641933,0.8838383838383839,0.3888888888888889,114.43939393939394,87.72222222222223,26.717171717171716,5.444444444444445,0.16161616161616163,0.010101010101010102,0.2,0.2396694214876033,0.32323232323232326,0.16666666666666666,0.08080808080808081,0.2474747474747475,0.673469387755102,0.22727272727272727,0.7371428571428571,0.005714285714285714,2.388888888888889,0.5353535353535354,0.5353535353535354,0.7121212121212122,0.6060606060606061,0.0,1998.2232249684507,183.09269828452565,704.5676134499859,204.8271249549096,0.9523021458666457,0.13320420151527912,8451.896770684923,1230.0819752688762,465.5465161180589,108.63707094692865,0.38775680728753575,0.10715879980590921,0.12121212121212122,0.07575757575757576,0.19696969696969696,0.5759192830782651,0.04856545978313459,13.387649543133653,0.6753445357968753,0.4703566146899071
malbsmd,t,221,20,70.91402714932127,23.76278764425221,0.6289592760180995,0.19909502262443438,90.4524886877828,110.72398190045249,-20.271493212669682,4.895927601809955,0.17647058823529413,0.02262443438914027,0.30935251798561153,0.2994350282485876,0.4343891402714932,0.11764705882352941,0.16289592760180996,0.28054298642533937,0.41935483870967744,0.13574660633484162,0.7769784172661871,0.0,1.7330316742081449,0.27601809954751133,0.43891402714932126,0.45248868778280543,0.5565610859728507,0.00904977375565611,2034.4263859782102,120.45424835091059,533.9066715309082,116.94150432343706,0.9892882177504093,0.09759141014742596,7622.5544649986805,1108.8401163726746,352.4266538254997,89.55377263179425,0.41398909252849597,0.07441474512200776,0.09502262443438914,0.17647058823529413,0.27149321266968324,0.605526442524752,0.048958444568354624,14.869132090925929,0.5843361681467498,0.456675247076576
martinezsa,ct,141,13,79.31205673758865,23.788784694044097,0.7588652482269503,0.5106382978723404,125.30496453900709,70.42553191489361,54.87943262411348,4.375886524822695,0.15602836879432624,0.0425531914893617,0.14018691588785046,0.2608695652173913,0.23404255319148937,0.24113475177304963,0.0851063829787234,0.3262411347517731,0.7391304347826086,0.18439716312056736,0.24299065420560748,0.5794392523364486,1.5319148936170213,0.3617021276595745,0.3262411347517731,0.375886524822695,0.46808510638297873,0.0,2120.6686024401065,94.69400889529331,727.2594190645094,99.84532234955925,1.0235950153110458,0.12148003253939876,8450.475819583617,1215.5557857881095,564.6211189875523,66.57466826826585,0.27127268897774404,0.05387317655504095,0.19858156028368795,0.07801418439716312,0.2765957446808511,0.6393735360863231,0.04822958071168663,16.310685094366605,0.5505865795618328,0.4529002128968593
martinezsa,t,138,13,54.18840579710145,21.084520608738014,0.5434782608695652,0.34057971014492755,81.3768115942029,92.68840579710145,-11.31159420289855,1.710144927536232,0.16666666666666666,0.07246376811594203,0.4,0.27472527472527475,0.39855072463768115,0.043478260869565216,0.050724637681159424,0.09420289855072464,0.46153846153846156,0.13043478260869565,0.52,0.24,2.536231884057971,0.007246376811594203,1.181159420289855,0.927536231884058,0.41304347826086957,0.007246376811594203,2098.9739318144593,131.75843616569696,476.9863495121273,90.25060308129507,0.929738862172033,0.08750686886561583,9044.80283675037,1520.356383354824,351.2533211725783,81.72748485815266,0.3893781523095852,0.06226189462978288,0.06521739130434782,0.043478260869565216,0.10869565217391304,0.5911752202132856,0.041993421508092474,16.219557330940244,0.5210004787454269,0.4123832424146396
masval,ct,190,18,78.48947368421052,26.050429611256174,0.7157894736842105,0.41578947368421054,100.84736842105264,80.21052631578948,20.63684210526316,5.321052631578947,0.34210526315789475,0.1,0.14705882352941177,0.2702702702702703,0.2631578947368421,0.10526315789473684,0.10526315789473684,0.21052631578947367,0.5,0.17894736842105263,0.6691176470588235,0.014705882352941176,2.9894736842105263,0.6736842105263158,0.7368421052631579,0.8578947368421053,0.7210526315789474,0.0,2121.938928849826,133.15933997498593,941.810628172376,129.32350493268729,1.1505697400798494,0.098558463900146,9702.225491108258,971.3017159249475,631.8330655696525,108.3498369396279,0.3220028616738662,0.05750872282120624,0.07368421052631578,0.04736842105263158,0.12105263157894737,0.5510095147448056,0.04556942553602004,11.998869562313976,0.5990125068640068,0.4119158326901625
masval,t,220,18,65.36818181818182,19.502181017597266,0.55,0.2409090909090909,79.62272727272727,103.96818181818182,-24.345454545454544,3.977272727272727,0.20454545454545456,0.02727272727272727,0.3305785123966942,0.23353293413173654,0.35909090909090907,0.07727272727272727,0.11363636363636363,0.19090909090909092,0.40476190476190477,0.11363636363636363,0.7272727272727273,0.0,2.3636363636363638,0.22727272727272727,0.8727272727272727,0.7090909090909091,0.55,0.004545454545454545,2126.0652769973262,91.83690974139925,744.7578428178531,178.37124612407777,1.1207663963435324,0.1720063336093315,9429.417500898615,1527.1706819565206,562.5805558140337,177.93212299035892,0.35613368258132955,0.06147691308199085,0.08636363636363636,0.08636363636363636,0.17272727272727273,0.5587119278242604,0.04641953296419108,13.901286608876623,0.4046840015199348,0.3350209169664589
matys,ct,415,39,69.19036144578314,25.62390851200743,0.636144578313253,0.4506024096385542,87.53012048192771,80.82168674698795,6.708433734939759,5.226506024096386,0.22650602409638554,0.03132530120481928,0.1893939393939394,0.29385964912280704,0.2819277108433735,0.0819277108433735,0.0963855421686747,0.1783132530120482,0.4594594594594595,0.1566265060240964,0.7310606060606061,0.0,2.2,0.6216867469879518,0.43614457831325304,0.5397590361445783,0.6,0.0024096385542168677,2143.8292185107402,163.3772263616751,876.1923138915968,191.528033699257,1.0656022977307062,0.13611064351659363,9145.636110453946,1228.193460421709,587.9797890739028,150.12972227528226,0.3036996973039459,0.07992466565929687,0.09156626506024096,0.06987951807228916,0.1614457831325301,0.5646129292157857,0.042903250102324146,15.430505020341693,0.6662487954476444,0.4187540644930806
matys,t,429,38,69.94638694638695,23.268317615349464,0.6107226107226107,0.2517482517482518,89.21911421911422,106.5944055944056,-17.375291375291376,3.0815850815850814,0.2517482517482518,0.037296037296037296,0.2633587786259542,0.29283489096573206,0.37995337995337997,0.10256410256410256,0.15384615384615385,0.2564102564102564,0.4,0.1282051282051282,0.7786259541984732,0.0,1.9090909090909092,0.17482517482517482,0.5337995337995338,0.6083916083916084,0.5897435897435898,0.002331002331002331,2018.094376003798,90.1805063945951,539.3938329457761,106.7737535499197,0.9433402116934185,0.1363007201256013,8059.481974827402,1060.4001332270263,430.6956365181535,99.44775083510929,0.3928068870473011,0.06893897712251393,0.09090909090909091,0.1561771561771562,0.24708624708624707,0.6110810512650301,0.04243345464630832,13.67191677947192,0.5885481286072896,0.42067542868512214
max,ct,327,33,69.07645259938838,22.185475120272006,0.6085626911314985,0.44036697247706424,85.25382262996942,82.29357798165138,2.9602446483180427,5.90519877675841,0.25688073394495414,0.04281345565749235,0.23115577889447236,0.3224043715846995,0.3211009174311927,0.10091743119266056,0.0672782874617737,0.16819571865443425,0.6,0.14067278287461774,0.7035175879396985,0.005025125628140704,2.4220183486238533,0.5932721712538226,0.5259938837920489,0.7370030581039755,0.5657492354740061,0.0,2127.7448745758647,142.8830174952766,849.373615955556,214.40958243775668,1.0901508018988137,0.17424377650591713,9485.965713548907,1360.4392525474368,599.0469362767916,151.23647590601362,0.302728738650888,0.08111008926545785,0.0856269113149847,0.06422018348623854,0.14984709480122324,0.5641682335467504,0.052986523986176405,14.160581925063308,0.5774158787480649,0.4378962460761219
max,t,346,33,58.19653179190752,20.09942576442175,0.4624277456647399,0.2630057803468208,71.92774566473989,102.39595375722543,-30.46820809248555,4.2601156069364166,0.23410404624277456,0.046242774566473986,0.3375,0.2823529411764706,0.36416184971098264,0.05202312138728324,0.15028901734104047,0.2023121387283237,0.2571428571428571,0.09248554913294797,0.73125,0.00625,2.739884393063584,0.20809248554913296,0.8641618497109826,1.0375722543352601,0.6242774566473989,0.005780346820809248,2049.7978907913935,115.90906989488782,526.1077605371747,97.16572863565662,0.9804754703309382,0.07196449976912174,8688.893778017286,1582.684719752053,380.4437536281691,81.6789822510465,0.3832058088970946,0.07456188006502419,0.06936416184971098,0.13583815028901733,0.20520231213872833,0.5826278655019409,0.04830175488449001,13.52572291126012,0.402297451297218,0.35221929021922627
maxxkor,ct,61,7,68.0327868852459,12.599067794634859,0.6065573770491803,0.47540983606557374,100.40983606557377,74.91803278688525,25.491803278688526,4.934426229508197,0.3114754098360656,0.09836065573770492,0.2702702702702703,0.1875,0.26229508196721313,0.09836065573770492,0.11475409836065574,0.21311475409836064,0.46153846153846156,0.14754098360655737,0.2702702702702703,0.4864864864864865,1.6065573770491803,0.4426229508196721,0.4426229508196721,0.32786885245901637,0.39344262295081966,0.0,2146.861696273235,81.4402225316156,648.4916844776014,104.67082095619557,0.965186137799116,0.10296310210931936,9336.880263146579,1729.4320440160027,500.0528052089329,62.63655486066451,0.2511414568880877,0.046564338966048356,0.09836065573770492,0.06557377049180328,0.16393442622950818,0.5512423392703745,0.04660872703645444,15.05556664682799,0.4129680070398813,0.33857934293073144
maxxkor,t,59,6,77.66101694915254,34.215130456050005,0.711864406779661,0.3050847457627119,108.45762711864407,95.57627118644068,12.88135593220339,5.661016949152542,0.1694915254237288,0.0847457627118644,0.38095238095238093,0.17073170731707318,0.3898305084745763,0.05084745762711865,0.01694915254237288,0.06779661016949153,0.75,0.2033898305084746,0.5,0.21428571428571427,2.6779661016949152,0.13559322033898305,1.3389830508474576,0.6101694915254238,0.5932203389830508,0.0,2049.419904788545,85.48688610071797,461.1961687090583,62.773560184738706,0.9856038721753382,0.08613152063707069,9220.922830209187,809.9271676102649,362.2864522435899,65.66637708324886,0.34810526433451633,0.08178207479330153,0.0847457627118644,0.01694915254237288,0.1016949152542373,0.5241116455543638,0.05426273802911408,11.879072306618829,0.723698878127876,0.5025161727294055
mercury,ct,223,22,66.34529147982063,21.97082374109767,0.57847533632287,0.37668161434977576,82.72197309417041,91.12556053811659,-8.403587443946188,3.4439461883408073,0.22869955156950672,0.053811659192825115,0.17054263565891473,0.20863309352517986,0.22869955156950672,0.13901345291479822,0.09865470852017937,0.23766816143497757,0.5849056603773585,0.14349775784753363,0.7829457364341085,0.0,2.0358744394618835,0.4080717488789238,0.5067264573991032,0.5695067264573991,0.5515695067264574,0.0,2032.5946638387409,153.66738266105875,653.7505842719797,105.08246573760354,0.9624933857194987,0.13229216172215588,8358.93627974471,1022.496653395129,537.8522848539466,91.41493881799542,0.35580005843694396,0.0669567028925833,0.12556053811659193,0.10762331838565023,0.23318385650224216,0.6132267622648276,0.0457446833522204,10.031699038917553,0.44648440687296786,0.3371047712354215
mercury,t,260,23,60.70384615384615,20.72756035894899,0.5038461538461538,0.2846153846153846,76.46153846153847,96.93461538461538,-20.473076923076924,4.292307692307692,0.23846153846153847,0.08076923076923077,0.366412213740458,0.2956989247311828,0.39615384615384613,0.05384615384615385,0.11923076923076924,0.17307692307692307,0.3111111111111111,0.1076923076923077,0.7786259541984732,0.007633587786259542,2.6192307692307693,0.15,0.926923076923077,0.9461538461538461,0.5961538461538461,0.0,2098.7041413421402,121.93769056315627,491.3417907584467,58.443682527983945,0.9927787089975486,0.07472387526423431,8915.021083156438,1183.9540064844873,385.5627292980719,62.6216501449693,0.37578014110737806,0.0849605103649863,0.06923076923076923,0.11538461538461539,0.18461538461538463,0.5850188219691106,0.044944083787501816,9.192208650880161,0.41134660391010236,0.32025944672668516
meyern,ct,329,34,72.31003039513678,35.44440851219991,0.7112462006079028,0.5045592705167173,112.01215805471125,75.01215805471125,37.0,2.8085106382978724,0.15501519756838905,0.02735562310030395,0.20512820512820512,0.2883435582822086,0.2887537993920973,0.1094224924012158,0.04559270516717325,0.15501519756838905,0.7058823529411765,0.1702127659574468,0.20512820512820512,0.5384615384615384,1.9270516717325228,0.3373860182370821,0.6534954407294833,0.5106382978723404,0.425531914893617,0.0,2149.4109755183426,114.864700616202,716.2055983886554,114.04116764845283,0.9879471016204302,0.09731905296136385,9265.618384914238,1774.1175917052171,556.0143440619012,79.51185788751044,0.24087432343190324,0.062142775659838057,0.0972644376899696,0.07598784194528875,0.17325227963525835,0.5785304195332414,0.05997789224873681,15.668130250188364,0.7539918774738621,0.5216177949940805
meyern,t,346,33,50.797687861271676,26.128716660713533,0.4913294797687861,0.3468208092485549,73.08959537572254,89.378612716763,-16.289017341040463,1.5780346820809248,0.16184971098265896,0.08092485549132948,0.36470588235294116,0.22123893805309736,0.3236994219653179,0.05491329479768786,0.04335260115606936,0.09826589595375723,0.5588235294117647,0.09826589595375723,0.4,0.35294117647058826,2.066473988439306,0.04335260115606936,1.060693641618497,0.6560693641618497,0.3063583815028902,0.0,2131.523738951217,155.65897550816595,473.4759862366604,86.69470757888867,0.8982133472553663,0.07662957881899267,9034.063611993352,1537.7150125652124,338.4224034316892,64.92493569095414,0.3320259987349691,0.0952741123270713,0.05202312138728324,0.057803468208092484,0.10982658959537572,0.5589761364124738,0.04929179295611793,17.514633018178515,0.6233446923528306,0.47855857348443437
mezii,ct,265,26,72.01886792452831,24.935849314323793,0.6377358490566037,0.4528301886792453,92.37735849056604,80.4,11.977358490566038,6.1471698113207545,0.23773584905660378,0.03773584905660377,0.16568047337278108,0.296551724137931,0.2679245283018868,0.10566037735849057,0.06792452830188679,0.17358490566037735,0.6086956521739131,0.14339622641509434,0.7810650887573964,0.0,2.0716981132075474,0.42641509433962266,0.5358490566037736,0.5622641509433962,0.5471698113207547,0.0,2076.7035399833226,212.5569243813961,732.3341555463135,203.80686461832315,0.9652116548507019,0.16955537743022417,9157.83214707437,1427.8380174526358,535.3980659441783,127.72999296311549,0.3020869866556516,0.08768693675358805,0.11320754716981132,0.04150943396226415,0.15471698113207547,0.5741261121037771,0.060086938575156124,10.407408862908875,0.5937794360209692,0.3850624535156721
mezii,t,286,27,61.78321678321678,26.525262076668437,0.5314685314685315,0.33916083916083917,76.81818181818181,93.00699300699301,-16.18881118881119,2.8566433566433567,0.20279720279720279,0.03146853146853147,0.3618421052631579,0.2751322751322751,0.3741258741258741,0.02097902097902098,0.10139860139860139,0.12237762237762238,0.17142857142857143,0.13286713286713286,0.7631578947368421,0.0,2.4825174825174825,0.2517482517482518,0.7902097902097902,0.8741258741258742,0.5664335664335665,0.0,2072.2506904753773,88.27684810930907,604.6462266087377,119.49879409282154,0.983441487215704,0.1423143864787401,9151.937227767727,1093.621021790577,419.0414272955985,104.25018321298718,0.34948355964525096,0.05997126233153101,0.05244755244755245,0.08391608391608392,0.13636363636363635,0.5558777170995788,0.04299731710366428,14.275309572820072,0.6450018426551708,0.4338477047577489
misutaaa,ct,46,4,82.41304347826087,17.560404348481477,0.7608695652173914,0.34782608695652173,104.21739130434783,87.6086956521739,16.608695652173914,4.782608695652174,0.2608695652173913,0.0,0.14285714285714285,0.3333333333333333,0.32608695652173914,0.17391304347826086,0.10869565217391304,0.2826086956521739,0.6153846153846154,0.17391304347826086,0.8571428571428571,0.0,1.9565217391304348,0.43478260869565216,0.34782608695652173,0.6956521739130435,0.4782608695652174,0.0,2111.728599334863,109.80610146743156,787.5833489950289,120.97996220754365,1.0799648636515347,0.1452897658956305,8593.49995397749,773.5139364043135,518.7778714337818,108.70741660446924,0.33963709182985197,0.038961449457019987,0.13043478260869565,0.06521739130434782,0.1956521739130435,0.6037067063931234,0.020689319375089027,10.782258058815033,0.762350093727565,0.5066665988186019
misutaaa,t,46,4,65.65217391304348,17.966122376437156,0.6304347826086957,0.13043478260869565,85.08695652173913,116.58695652173913,-31.5,4.717391304347826,0.21739130434782608,0.043478260869565216,0.5862068965517241,0.3,0.6304347826086957,0.021739130434782608,0.13043478260869565,0.15217391304347827,0.14285714285714285,0.15217391304347827,0.896551724137931,0.0,1.1956521739130435,0.17391304347826086,0.34782608695652173,0.2391304347826087,0.43478260869565216,0.0,1962.723092416434,42.7357601181187,466.27727577291586,156.564778120716,0.9472422740856284,0.10770830446162477,7522.677610250624,637.1746543064223,299.50316257437504,96.51061164488311,0.45618525095378276,0.10152748039804521,0.021739130434782608,0.1956521739130435,0.21739130434782608,0.6424049688622305,0.03693788055894995,14.99842461796548,0.42811077153373983,0.32400139175908893
mo0n,ct,190,18,71.89473684210526,26.34139901131116,0.6947368421052632,0.42105263157894735,102.08421052631579,82.39473684210526,19.689473684210526,6.421052631578948,0.18947368421052632,0.04736842105263158,0.1893939393939394,0.22727272727272727,0.2631578947368421,0.12105263157894737,0.10526315789473684,0.22631578947368422,0.5348837209302325,0.15789473684210525,0.17424242424242425,0.5454545454545454,2.136842105263158,0.5210526315789473,0.5210526315789473,0.7052631578947368,0.38421052631578945,0.005263157894736842,2129.2583664440886,121.34355422683979,802.3480520786447,103.43344744719965,1.0310730426097063,0.06535306000481929,9079.395997529666,1383.3595708297441,605.6081262493705,53.12209731510875,0.269776067474411,0.07756488560482108,0.11052631578947368,0.14736842105263157,0.2578947368421053,0.58731710372814,0.053685115915016124,13.194477132310233,0.7460571896533661,0.5323079712452576
mo0n,t,220,18,60.93181818181818,25.107981939690514,0.5363636363636364,0.2818181818181818,88.19545454545455,99.0909090909091,-10.895454545454545,3.3,0.23636363636363636,0.09090909090909091,0.2966101694915254,0.2721518987341772,0.35454545454545455,0.05909090909090909,0.05909090909090909,0.11818181818181818,0.5,0.11818181818181818,0.3728813559322034,0.3983050847457627,2.8181818181818183,0.10454545454545454,1.3545454545454545,0.9045454545454545,0.45454545454545453,0.0,2178.429491528298,125.17357564477498,575.7587440255672,87.54955859127824,0.8946881868716638,0.0702926828451583,9742.97510240396,1497.110420005136,431.2414907648567,66.49790639769473,0.28242315004174523,0.05575125668161238,0.08181818181818182,0.08181818181818182,0.16363636363636364,0.5736191377971562,0.04210328459112838,15.838588369633818,0.41690805673973,0.36735170303030096
modo,ct,147,13,77.98639455782313,22.611346157739092,0.7278911564625851,0.40816326530612246,117.71428571428571,85.3061224489796,32.40816326530612,3.877551020408163,0.17006802721088435,0.04081632653061224,0.205607476635514,0.2413793103448276,0.2925170068027211,0.19047619047619047,0.04081632653061224,0.23129251700680273,0.8235294117647058,0.1564625850340136,0.14018691588785046,0.6542056074766355,2.006802721088435,0.4421768707482993,0.5986394557823129,0.5714285714285714,0.3945578231292517,0.0,2149.4307891459334,98.10596576339222,736.4409838457806,96.47064284745966,1.014417298822472,0.08705309907926068,8756.637137754433,867.2883193486033,494.8527377838175,49.575878269897345,0.25741908389621754,0.053019426036519,0.17006802721088435,0.08163265306122448,0.25170068027210885,0.6199326632781836,0.04490341241583499,16.977030216837196,0.5717277001655352,0.41020626758058987
modo,t,130,13,58.823076923076925,23.578416276286827,0.5461538461538461,0.4,79.03076923076924,84.48461538461538,-5.453846153846154,0.9076923076923077,0.2,0.05384615384615385,0.36619718309859156,0.21794871794871795,0.33076923076923076,0.023076923076923078,0.05384615384615385,0.07692307692307693,0.3,0.13846153846153847,0.5211267605633803,0.323943661971831,2.246153846153846,0.046153846153846156,1.1307692307692307,0.6923076923076923,0.3769230769230769,0.0,2145.554280788807,136.69098182924643,494.5512495892816,76.7861873432968,0.898166732139073,0.05280189797942935,9001.765541819848,1009.3136578555951,347.25843471100325,50.27727933475074,0.29561966498177333,0.0630311164812398,0.038461538461538464,0.046153846153846156,0.08461538461538462,0.5591569605877791,0.04018641858284464,14.503665411071442,0.6057323451022077,0.37457032358137266
molodoy,ct,310,29,91.1258064516129,23.83334169047154,0.9258064516129032,0.5419354838709678,139.1290322580645,72.68709677419355,66.44193548387096,4.564516129032258,0.16774193548387098,0.03225806451612903,0.18815331010452963,0.20422535211267606,0.267741935483871,0.1967741935483871,0.08064516129032258,0.27741935483870966,0.7093023255813954,0.25806451612903225,0.18118466898954705,0.5993031358885017,2.0387096774193547,0.5612903225806452,0.4645161290322581,0.4838709677419355,0.5290322580645161,0.0,2122.1799861177033,115.94285845630651,728.7580475134474,123.27368225816164,0.9772266751337048,0.11134980340372286,8899.908209569814,1073.953878914081,566.2794012133614,79.47525405876273,0.24919814501540016,0.06274801972100816,0.14193548387096774,0.10967741935483871,0.25161290322580643,0.616117327803583,0.046806634778918166,13.16990825959506,0.6239261217572399,0.4590219729233686
molodoy,t,296,29,80.67567567567568,22.066030901890414,0.7466216216216216,0.34797297297297297,108.74324324324324,97.55743243243244,11.18581081081081,2.064189189189189,0.21283783783783783,0.0472972972972973,0.3257918552036199,0.25906735751295334,0.41216216216216217,0.0777027027027027,0.10135135135135136,0.17905405405405406,0.4339622641509434,0.1891891891891892,0.4072398190045249,0.38461538461538464,1.8952702702702702,0.11486486486486487,0.8074324324324325,0.5067567567567568,0.46621621621621623,0.0,2108.610678442875,130.4797555427397,549.2717930179848,117.32520134897202,0.9410284307554012,0.09130310858812381,8695.076537705612,1333.2147994684985,405.0605873906405,115.97948937114461,0.33867971818229686,0.0874804694795077,0.12162162162162163,0.08445945945945946,0.20608108108108109,0.6078499195687188,0.0439349546966043,15.43521990720738,0.5622475701766992,0.4298885231614996
mopoz,ct,141,13,81.21985815602837,20.62597902123451,0.7872340425531915,0.41134751773049644,102.97872340425532,84.69503546099291,18.28368794326241,5.815602836879433,0.19148936170212766,0.0,0.16216216216216217,0.20481927710843373,0.24822695035460993,0.1347517730496454,0.07801418439716312,0.2127659574468085,0.6333333333333333,0.2127659574468085,0.6486486486486487,0.0,2.6808510638297873,0.6170212765957447,0.6028368794326241,0.723404255319149,0.7375886524822695,0.0,1922.1974908826858,177.9745998229569,711.8850961817501,178.59563596013587,0.9962451140375724,0.10909675921085585,9033.77179876046,1670.0828855288974,513.5060798631064,102.49327237156237,0.4340671441997402,0.11423116709779735,0.10638297872340426,0.07092198581560284,0.1773049645390071,0.583649335480472,0.06959305811880737,13.701768954507354,0.6072465593601287,0.4107354058071525
mopoz,t,138,13,61.20289855072464,28.52596881701113,0.5434782608695652,0.18115942028985507,77.10144927536231,108.68115942028986,-31.579710144927535,5.695652173913044,0.18840579710144928,0.014492753623188406,0.28,0.3185840707964602,0.41304347826086957,0.09420289855072464,0.17391304347826086,0.26811594202898553,0.35135135135135137,0.14492753623188406,0.6,0.0,2.4130434782608696,0.5362318840579711,0.5144927536231884,0.6666666666666666,0.6956521739130435,0.0,1995.1993744217305,138.29802330701318,555.2473613109263,129.69864180712733,1.0299262754345804,0.13562136538706832,7880.4592820083435,1493.479336215976,444.6791031655264,125.27168896717812,0.46232204786869985,0.0898192837629201,0.07971014492753623,0.15217391304347827,0.2318840579710145,0.6183564139833315,0.06628844496458502,13.49960409729609,0.7314401961905639,0.5390086901794359
moseyuh,ct,223,22,73.5560538116592,24.844898883322863,0.6591928251121076,0.3901345291479821,90.0,85.94170403587444,4.058295964125561,4.9641255605381165,0.20179372197309417,0.02242152466367713,0.23129251700680273,0.27205882352941174,0.3183856502242152,0.09865470852017937,0.1031390134529148,0.20179372197309417,0.4888888888888889,0.18834080717488788,0.7551020408163265,0.0,2.0269058295964126,0.5022421524663677,0.37668161434977576,0.6098654708520179,0.5381165919282511,0.0,2054.310592753977,244.2253827355486,673.8611188480501,146.03319011732543,0.9639197254918935,0.1278271860487083,8425.454418821862,1412.5263054462516,467.4543137044114,75.68142213890516,0.36381048401490235,0.13054369411342284,0.10762331838565023,0.08071748878923767,0.18834080717488788,0.5920715030171154,0.053525650253713676,12.161955451626602,0.6509324867483726,0.4226083795535401
moseyuh,t,260,23,66.41153846153846,20.416397157053982,0.5884615384615385,0.2692307692307692,83.58846153846154,102.26538461538462,-18.676923076923078,1.8076923076923077,0.17307692307692307,0.007692307692307693,0.3202614379084967,0.24210526315789474,0.36538461538461536,0.1076923076923077,0.1346153846153846,0.2423076923076923,0.4444444444444444,0.1346153846153846,0.7777777777777778,0.013071895424836602,1.626923076923077,0.2653846153846154,0.27692307692307694,0.4346153846153846,0.65,0.0,2073.7280507408454,149.67392621342896,570.040907249121,97.60323098128794,1.1304455921903334,0.08499758672963315,8383.34943578607,1741.8058190065356,430.36398543278784,92.2973758999816,0.4285692484352099,0.07356292414372954,0.08076923076923077,0.1423076923076923,0.2230769230769231,0.5840698195368957,0.06734849060540173,14.75770292675699,0.4711766311744753,0.35843993495589094
mzinho,ct,418,36,82.1842105263158,26.063857372829393,0.7440191387559809,0.38995215311004783,106.9090909090909,86.9688995215311,19.940191387559807,5.873205741626794,0.20095693779904306,0.028708133971291867,0.2057877813504823,0.24313725490196078,0.3014354066985646,0.12679425837320574,0.05980861244019139,0.18660287081339713,0.6794871794871795,0.18660287081339713,0.7813504823151125,0.006430868167202572,2.277511961722488,0.5095693779904307,0.5,0.6220095693779905,0.645933014354067,0.0,2099.4905498871667,124.75901655640261,859.1803244930765,151.78892148258578,1.0820839094477275,0.07750926010691951,8604.82950742066,1298.8898182839275,595.6107817278192,75.46477900243568,0.31146574708309566,0.06838869313637448,0.1291866028708134,0.050239234449760764,0.17942583732057416,0.5669899894309647,0.050819636952471985,14.645164538950384,0.6085934854616992,0.40436310509662843
mzinho,t,428,36,67.40186915887851,27.97884555672248,0.6355140186915887,0.24299065420560748,87.79205607476635,106.97429906542057,-19.182242990654206,3.121495327102804,0.13551401869158877,0.011682242990654205,0.2426470588235294,0.22839506172839505,0.32710280373831774,0.06775700934579439,0.13317757009345793,0.20093457943925233,0.3372093023255814,0.14018691588785046,0.7757352941176471,0.0,1.7897196261682242,0.25934579439252337,0.4322429906542056,0.602803738317757,0.4953271028037383,0.0,2092.911201924221,135.44113412274658,642.3750039785174,107.07679571746603,1.1254005220492673,0.13722379717337674,8621.654443178448,1515.0244196849076,488.0689366954723,111.37624071757342,0.38746153612078454,0.085426063092588,0.07242990654205607,0.12850467289719625,0.20093457943925233,0.5702137875822569,0.051148644504381856,16.77423389284439,0.6423951845960401,0.4833527417344739
n1ssim,ct,447,45,67.02460850111856,22.614883273996796,0.6241610738255033,0.4317673378076063,84.1565995525727,81.94630872483222,2.2102908277404922,3.413870246085011,0.20134228187919462,0.024608501118568233,0.1935483870967742,0.3031496062992126,0.2930648769574944,0.09395973154362416,0.06711409395973154,0.1610738255033557,0.5833333333333334,0.13870246085011187,0.7132616487455197,0.010752688172043012,2.4049217002237135,0.5302013422818792,0.4809843400447427,0.7583892617449665,0.6331096196868009,0.0022371364653243847,2135.7349385876864,117.0443571143418,913.7509353895746,201.3554121219715,1.1414607999815372,0.10659031745555456,8371.008588405375,1038.293977484643,619.5578504560832,110.91472012699815,0.30517606081652165,0.07568391393493938,0.10067114093959731,0.053691275167785234,0.15436241610738255,0.6060714389949272,0.04765344195507943,14.171491887138833,0.5670966388624801,0.4109366331629352
n1ssim,t,436,45,58.0,20.610747287307753,0.5114678899082569,0.33715596330275227,71.94954128440367,94.60321100917432,-22.65366972477064,2.270642201834862,0.1926605504587156,0.020642201834862386,0.26905829596412556,0.2179930795847751,0.28211009174311924,0.05504587155963303,0.08256880733944955,0.13761467889908258,0.4,0.09862385321100918,0.7713004484304933,0.0,2.243119266055046,0.4105504587155963,0.6857798165137615,0.6467889908256881,0.5,0.0,2126.5137489959507,124.73308560674741,651.969491231849,123.91882577257255,1.1579102944667925,0.12418608013219093,8018.046571385077,1320.3164671174497,507.65177650972436,115.00185358811326,0.3695796101240096,0.09331178019998737,0.052752293577981654,0.08027522935779817,0.13302752293577982,0.6052019031129704,0.04903909027394001,18.510503251049148,0.508161531688722,0.38419105211665067
naf,ct,210,22,83.9952380952381,29.243629177209403,0.7285714285714285,0.44761904761904764,107.62380952380953,83.4047619047619,24.21904761904762,5.876190476190477,0.22857142857142856,0.014285714285714285,0.20261437908496732,0.15517241379310345,0.23333333333333334,0.06190476190476191,0.05238095238095238,0.11428571428571428,0.5416666666666666,0.1523809523809524,0.6993464052287581,0.08496732026143791,2.142857142857143,0.5571428571428572,0.3142857142857143,0.6333333333333333,0.6333333333333333,0.004761904761904762,2168.058733361465,114.50867941174688,911.6316752218942,180.27430776722616,1.1838335352689175,0.08824558203468093,8958.633855661205,1296.3653506495955,618.0105629115509,113.6826678409094,0.2898685871863285,0.08123088828333531,0.10476190476190476,0.02857142857142857,0.13333333333333333,0.5606206754121024,0.045990608999363594,13.670934670006966,0.7930542655971393,0.4858927629576595
naf,t,231,21,73.35064935064935,23.83178237083956,0.6277056277056277,0.2813852813852814,89.16450216450217,101.45887445887446,-12.294372294372295,3.346320346320346,0.19480519480519481,0.025974025974025976,0.21379310344827587,0.21084337349397592,0.2857142857142857,0.09090909090909091,0.06060606060606061,0.15151515151515152,0.6,0.1341991341991342,0.7103448275862069,0.020689655172413793,2.1991341991341993,0.42424242424242425,0.6103896103896104,0.6406926406926406,0.5108225108225108,0.012987012987012988,2162.3877288255853,164.48550353384604,649.2126321370657,125.20135578715474,1.1703317983336106,0.1376954921435311,8921.735515357435,1653.3547161070994,500.92457279500104,109.68730479428989,0.3554134901772238,0.08125156640822896,0.10822510822510822,0.05627705627705628,0.1645021645021645,0.5393827715155347,0.052330886677032284,15.590527100528924,0.595422827689859,0.44666066390570663
nealan,ct,53,6,79.60377358490567,18.80571321411957,0.7358490566037735,0.2830188679245283,111.41509433962264,103.32075471698113,8.09433962264151,6.018867924528302,0.1320754716981132,0.0,0.23076923076923078,0.15789473684210525,0.2830188679245283,0.07547169811320754,0.1509433962264151,0.22641509433962265,0.3333333333333333,0.1320754716981132,0.7692307692307693,0.0,1.849056603773585,0.4716981132075472,0.5094339622641509,0.4339622641509434,0.4339622641509434,0.0,2062.7137678072318,84.14102804713137,715.8737997706388,138.40093281208112,0.9806002069421488,0.11610286192376633,8534.672233140434,1180.0073502604066,526.6250858515583,101.20657725202335,0.35100896729153397,0.059526557538988584,0.018867924528301886,0.1509433962264151,0.16981132075471697,0.6112069289345798,0.07490551121951254,10.5428016441762,0.35916293699091345,0.2358967112077667
nealan,t,52,6,59.03846153846154,21.448985063878855,0.4807692307692308,0.11538461538461539,70.03846153846153,142.28846153846155,-72.25,9.73076923076923,0.09615384615384616,0.0,0.32,0.06521739130434782,0.21153846153846154,0.09615384615384616,0.11538461538461539,0.21153846153846154,0.45454545454545453,0.09615384615384616,0.72,0.04,1.4423076923076923,0.3076923076923077,0.3269230769230769,0.4423076923076923,0.36538461538461536,0.0,2088.1503870608026,210.46425458584443,485.64068442159504,126.19566334721848,0.9694885693849274,0.08301625579890236,7087.885485742927,1310.8241750264997,362.6442076481572,112.90260158025342,0.4155333042308417,0.08913661090965087,0.057692307692307696,0.09615384615384616,0.15384615384615385,0.6143559532474142,0.04603813764595437,17.07722007463742,0.5989398918780081,0.44834085035883126
neityu,ct,70,6,83.62857142857143,18.563172157371632,0.7571428571428571,0.38571428571428573,101.18571428571428,88.31428571428572,12.871428571428572,5.128571428571429,0.22857142857142856,0.02857142857142857,0.20754716981132076,0.27906976744186046,0.32857142857142857,0.15714285714285714,0.08571428571428572,0.24285714285714285,0.6470588235294118,0.18571428571428572,0.8113207547169812,0.0,2.4,0.6571428571428571,0.3142857142857143,0.7571428571428571,0.6714285714285714,0.0,1969.6425820405366,179.5025732539879,776.9513267397261,244.2593301039698,1.0577470127347308,0.17936985315677306,9509.31760840867,463.5323469967888,558.3203552436279,111.33150436011104,0.3730251413767395,0.11530352912012058,0.18571428571428572,0.07142857142857142,0.2571428571428571,0.5475709998860901,0.027206851444207498,10.95755571333702,0.4628175578310901,0.3376035520904978
neityu,t,58,7,48.724137931034484,22.32622752331174,0.43103448275862066,0.3103448275862069,59.56896551724138,98.63793103448276,-39.06896551724138,2.1551724137931036,0.1724137931034483,0.0,0.44,0.25,0.3620689655172414,0.05172413793103448,0.1206896551724138,0.1724137931034483,0.3,0.06896551724137931,0.84,0.0,2.086206896551724,0.13793103448275862,0.43103448275862066,1.206896551724138,0.3103448275862069,0.0,2088.148165638009,97.93389391270638,558.187661396158,139.14316652979738,1.0338971145930649,0.09839431185083578,8652.62275311832,1217.6513078609596,375.33924084959716,113.56411206251727,0.3911996783283814,0.0953447224714575,0.017241379310344827,0.08620689655172414,0.10344827586206896,0.5642730635406122,0.02939739840315123,14.655574868101592,0.5401423264298837,0.4519873175274467
nekiz,ct,26,4,74.1923076923077,21.46705277274494,0.5769230769230769,0.23076923076923078,90.65384615384616,98.34615384615384,-7.6923076923076925,3.6923076923076925,0.23076923076923078,0.0,0.2,0.35,0.38461538461538464,0.11538461538461539,0.19230769230769232,0.3076923076923077,0.375,0.11538461538461539,0.5333333333333333,0.0,2.0,0.38461538461538464,0.46153846153846156,0.6538461538461539,0.5,0.0,1973.4198253637833,80.03425200702976,938.7632565513738,197.19077191821012,1.0730390518432649,0.175661706997881,7587.38124927356,1219.1900569138197,583.2703966846292,159.8802458176477,0.33554417228769573,0.054015187089275885,0.15384615384615385,0.07692307692307693,0.23076923076923078,0.6548678614640232,0.049307060729797215,14.069224660885432,0.4789054643528116,0.29133733868615963
nekiz,t,42,4,42.595238095238095,15.505338850854526,0.35714285714285715,0.14285714285714285,47.23809523809524,111.78571428571429,-64.54761904761905,3.238095238095238,0.14285714285714285,0.07142857142857142,0.3333333333333333,0.25,0.3333333333333333,0.047619047619047616,0.19047619047619047,0.23809523809523808,0.2,0.07142857142857142,0.8666666666666667,0.0,2.357142857142857,0.14285714285714285,0.8571428571428571,1.0714285714285714,0.2857142857142857,0.0,2071.167348430862,113.74084297302136,505.73072725561843,42.51618765825596,1.032590223351517,0.09761650987417282,7486.404346951666,1103.6879862347853,359.3189360889635,40.691946465217434,0.3882109099854151,0.10816203287032716,0.0,0.19047619047619047,0.19047619047619047,0.6351234272673673,0.0414082949107203,15.882933409674205,0.15762588102004998,0.22217678919492462
nertz,ct,415,39,79.6433734939759,29.473631120806743,0.7156626506024096,0.41445783132530123,98.07469879518072,89.51084337349397,8.563855421686746,6.460240963855422,0.2385542168674699,0.014457831325301205,0.19865319865319866,0.24691358024691357,0.28674698795180725,0.15903614457831325,0.0891566265060241,0.24819277108433735,0.6407766990291263,0.20240963855421687,0.8215488215488216,0.006734006734006734,2.397590361445783,0.689156626506024,0.5084337349397591,0.6506024096385542,0.5493975903614458,0.0,2045.3735301189445,172.25371516824328,744.4291922901365,186.08260830140347,0.9506908218772259,0.16288178992403682,8667.861710683883,1527.1352642687239,565.0578701192557,109.20320345136552,0.31585411166238037,0.06488552004999357,0.16626506024096385,0.10120481927710843,0.2674698795180723,0.5839621308235566,0.06435421827702566,15.679279421272204,0.6406079125935429,0.5103326990668041
nertz,t,429,38,69.68997668997669,30.656867105171795,0.6060606060606061,0.2540792540792541,87.6993006993007,103.8951048951049,-16.195804195804197,3.7062937062937062,0.17482517482517482,0.018648018648018648,0.25,0.26875,0.351981351981352,0.10722610722610723,0.1655011655011655,0.2727272727272727,0.39316239316239315,0.1445221445221445,0.7461538461538462,0.011538461538461539,2.0093240093240095,0.30536130536130535,0.6013986013986014,0.5431235431235432,0.5524475524475524,0.006993006993006993,2033.4687133543475,147.1974018941617,628.3365517416485,116.16849075957128,1.070037055381478,0.09034456067335925,8555.834757927576,1266.5285552943471,448.6379229714844,104.5731060894546,0.4016305187297688,0.07797411369119496,0.09090909090909091,0.14685314685314685,0.23776223776223776,0.5943252513873837,0.05739107184731759,13.477896234147341,0.7273415108261854,0.5082803994589715
nettik,ct,128,11,73.5546875,23.250969820251967,0.609375,0.4140625,91.3828125,83.65625,7.7265625,7.3203125,0.3203125,0.0703125,0.24358974358974358,0.28,0.3125,0.078125,0.0703125,0.1484375,0.5263157894736842,0.15625,0.6923076923076923,0.0,2.453125,0.5,0.703125,0.671875,0.5703125,0.0078125,2073.6940222122666,127.11178340314302,711.1890732859276,124.29095253409878,0.9537877576934811,0.14521714550748288,9381.483885151545,1158.4114686003313,480.7592006403645,74.38365979782844,0.3223576630370606,0.09500914082889687,0.0859375,0.046875,0.1328125,0.5518066802662969,0.04983748014276561,13.3243507414029,0.6002261680888834,0.42133805953155157
nettik,t,108,11,81.62962962962963,31.305748527772806,0.6851851851851852,0.26851851851851855,99.71296296296296,105.95370370370371,-6.2407407407407405,6.398148148148148,0.35185185185185186,0.037037037037037035,0.36486486486486486,0.3291139240506329,0.49074074074074076,0.12037037037037036,0.09259259259259259,0.21296296296296297,0.5652173913043478,0.18518518518518517,0.6891891891891891,0.013513513513513514,2.111111111111111,0.3425925925925926,0.5925925925925926,0.6296296296296297,0.5462962962962963,0.0,2001.9193367286348,97.25682024085364,487.81602159939644,99.65490140587814,0.8962173915247137,0.06582816777353155,8844.973378059085,914.3019310218516,295.57313745740896,57.03146200181437,0.4183193344567662,0.05890778929429564,0.09259259259259259,0.10185185185185185,0.19444444444444445,0.5742459270485045,0.039095320952644334,13.020854377087376,0.6903416362754987,0.39924663514162256
nicx,ct,56,5,64.625,14.987706366224995,0.5535714285714286,0.39285714285714285,80.10714285714286,92.14285714285714,-12.035714285714286,8.589285714285714,0.21428571428571427,0.0,0.1935483870967742,0.23529411764705882,0.25,0.10714285714285714,0.08928571428571429,0.19642857142857142,0.5454545454545454,0.14285714285714285,0.8387096774193549,0.0,1.9642857142857142,0.5535714285714286,0.39285714285714285,0.44642857142857145,0.5714285714285714,0.0,2079.5403262581403,113.79237628030602,848.5399006285554,135.64021537297663,1.1242315775802172,0.07926797673168635,8111.870374156117,846.3883680518755,533.7566408114163,79.00930540221889,0.3412623970860042,0.10467605736541354,0.14285714285714285,0.125,0.26785714285714285,0.6111724074502932,0.028687117256675287,23.637773394839012,0.44770072313991194,0.4225492902351429
nicx,t,54,6,70.5,26.36149455288391,0.6111111111111112,0.24074074074074073,84.74074074074075,114.77777777777777,-30.037037037037038,2.462962962962963,0.2222222222222222,0.05555555555555555,0.30303030303030304,0.34146341463414637,0.4444444444444444,0.037037037037037035,0.14814814814814814,0.18518518518518517,0.2,0.18518518518518517,0.6666666666666666,0.0,1.962962962962963,0.2037037037037037,0.6666666666666666,0.5740740740740741,0.5185185185185185,0.0,2093.7065286915044,119.0326500236182,674.8402380531078,64.62117309454838,1.1591526173758582,0.15452452378564102,8867.359933863161,1279.256581675646,522.1950631035935,85.7524440061282,0.36525120774820263,0.05702247958819021,0.09259259259259259,0.1111111111111111,0.2037037037037037,0.5639262899802677,0.0435783925772197,10.426435748340175,0.5589010104715979,0.3561309583003263
niko,ct,603,52,81.19568822553897,20.55269385950336,0.7446102819237148,0.42786069651741293,102.13432835820896,82.11276948590381,20.021558872305143,7.407960199004975,0.28689883913764513,0.04643449419568822,0.21380846325167038,0.23768115942028986,0.29519071310116085,0.12769485903814262,0.07296849087893864,0.20066334991708126,0.6363636363636364,0.18739635157545606,0.8351893095768375,0.0022271714922048997,2.5505804311774463,0.615257048092869,0.5804311774461028,0.7777777777777778,0.5754560530679934,0.001658374792703151,2011.2312204438847,118.15026734435911,648.1523942927744,111.69598389265308,0.884937070556648,0.13857232561673705,8927.607276069726,1085.5807706673347,513.2412839245293,65.68932089379716,0.33113467949902864,0.0615128106504376,0.12935323383084577,0.08291873963515754,0.21227197346600332,0.5758996587437359,0.04492441086283449,12.136594729230174,0.4873231102340072,0.34564733058709185
niko,t,571,51,70.01576182136603,22.48006364248173,0.6427320490367776,0.30122591943957966,92.21190893169877,97.29422066549913,-5.08231173380035,5.175131348511384,0.18914185639229422,0.021015761821366025,0.29155313351498635,0.23809523809523808,0.35376532399299476,0.0893169877408056,0.09807355516637478,0.18739054290718038,0.4766355140186916,0.1628721541155867,0.7901907356948229,0.005449591280653951,2.2591943957968477,0.3502626970227671,0.6672504378283712,0.6094570928196147,0.6304728546409807,0.0017513134851138354,2055.9163623119002,106.07038515145192,665.8571196766009,144.10313309400868,1.0902563710507263,0.11984485419939019,8865.775031972606,1338.2994942528292,484.06200622198793,115.42481331793681,0.37342707950639586,0.07466089368581331,0.07880910683012259,0.09281961471103327,0.17162872154115585,0.578442735963387,0.052450580453626196,13.738387324060728,0.5316671891739616,0.38726806576559003
nilo,ct,146,15,74.20547945205479,25.934233529828745,0.678082191780822,0.3767123287671233,93.52739726027397,88.47260273972603,5.054794520547945,4.102739726027397,0.18493150684931506,0.00684931506849315,0.16161616161616163,0.3076923076923077,0.3013698630136986,0.0958904109589041,0.0410958904109589,0.136986301369863,0.7,0.14383561643835616,0.7575757575757576,0.0,1.4726027397260273,0.3356164383561644,0.2054794520547945,0.5547945205479452,0.3767123287671233,0.0,2048.704363949011,115.45048501157713,661.7377062609622,89.06490206356298,0.875426767217719,0.12409321831555511,9057.54953241118,1337.1044046302743,523.9467772320515,50.45980121595089,0.32763988661047483,0.07345092022178439,0.07534246575342465,0.0273972602739726,0.10273972602739725,0.5566457011968445,0.048040261534195224,12.2998924995365,0.6557736715633566,0.45198135021023983
nilo,t,155,15,76.71612903225807,24.190182291552283,0.7225806451612903,0.2709677419354839,99.79354838709678,100.93548387096774,-1.1419354838709677,2.0387096774193547,0.17419354838709677,0.012903225806451613,0.4642857142857143,0.3008849557522124,0.5548387096774193,0.04516129032258064,0.07096774193548387,0.11612903225806452,0.3888888888888889,0.2,0.8482142857142857,0.008928571428571428,1.3612903225806452,0.12903225806451613,0.4129032258064516,0.3741935483870968,0.44516129032258067,0.0,2076.5029032791217,178.19162802666276,592.2356430273107,171.60049097515213,1.0842271156284042,0.24004147285241312,9071.848249638448,1335.4355894232208,458.81100565516203,181.35625411533073,0.40880501027807437,0.09420009229453877,0.05161290322580645,0.07741935483870968,0.12903225806451613,0.5293624471007335,0.03915860000022417,11.791953048076252,0.6000604733175141,0.4059788987854467
nin9,ct,69,9,77.17391304347827,24.67799630572376,0.7101449275362319,0.391304347826087,101.73913043478261,82.46376811594203,19.27536231884058,4.768115942028985,0.2318840579710145,0.014492753623188406,0.061224489795918366,0.16666666666666666,0.14492753623188406,0.15942028985507245,0.10144927536231885,0.2608695652173913,0.6111111111111112,0.14492753623188406,0.22448979591836735,0.4897959183673469,2.0579710144927534,0.6086956521739131,0.5507246376811594,0.43478260869565216,0.463768115942029,0.0,2028.296496385295,133.84577448109343,674.7633494820045,72.08823252307256,0.9636549419102484,0.11706467238518499,7858.469578764167,1064.056251043338,598.788822791653,114.14073390482505,0.2881080610945514,0.11452152613613913,0.18840579710144928,0.08695652173913043,0.2753623188405797,0.610144898948662,0.04955583284780922,30.1514963379758,0.7284572489467539,0.6488352862185001
nin9,t,105,9,55.12380952380953,14.888863779530242,0.5238095238095238,0.2571428571428571,73.99047619047619,103.85714285714286,-29.866666666666667,3.0285714285714285,0.17142857142857143,0.11428571428571428,0.23636363636363636,0.15384615384615385,0.23809523809523808,0.0761904761904762,0.09523809523809523,0.17142857142857143,0.4444444444444444,0.14285714285714285,0.509090909090909,0.2727272727272727,3.0095238095238095,0.13333333333333333,1.1523809523809523,1.1333333333333333,0.5428571428571428,0.047619047619047616,2067.2429751923264,89.22781733747115,534.1198010584,80.37359951556417,0.9450714234625062,0.05041435542405375,8276.620808309572,976.6324389181991,390.6769978777864,69.65388050014133,0.3680995370477297,0.09399198076501707,0.06666666666666667,0.10476190476190476,0.17142857142857143,0.6086847422753959,0.030683598014959956,13.134609176989027,0.38010687188166264,0.2999706126169448
nitr0,ct,176,16,71.01136363636364,29.41517443753885,0.6818181818181818,0.3693181818181818,86.71022727272727,90.0965909090909,-3.3863636363636362,4.068181818181818,0.17613636363636365,0.0,0.175,0.3063063063063063,0.3125,0.07954545454545454,0.056818181818181816,0.13636363636363635,0.5833333333333334,0.19318181818181818,0.625,0.016666666666666666,2.2613636363636362,0.5852272727272727,0.3181818181818182,0.6704545454545454,0.6875,0.0,2012.3597857558007,193.25019259702813,707.1670703550409,236.4638954521323,1.034668437780909,0.17314461921845722,8071.526183422205,1432.7029069566488,503.58014108819714,120.57839973141805,0.4152614815539387,0.11729995866542449,0.07954545454545454,0.056818181818181816,0.13636363636363635,0.5894097989264153,0.06592612634820173,15.860076247845521,0.7186301234665862,0.5139289949670192
nitr0,t,182,16,54.26923076923077,21.498498269659162,0.44505494505494503,0.25274725274725274,68.03296703296704,102.94505494505495,-34.91208791208791,4.615384615384615,0.22527472527472528,0.07142857142857142,0.4074074074074074,0.25,0.36813186813186816,0.016483516483516484,0.11538461538461539,0.13186813186813187,0.125,0.10989010989010989,0.6419753086419753,0.012345679012345678,2.9450549450549453,0.25274725274725274,0.8516483516483516,1.2197802197802199,0.6208791208791209,0.0,2050.316032510054,85.02786881172713,473.9883370353842,60.714545600931075,0.9040053560384632,0.07752140883894877,8656.843843242948,1399.5067972870681,333.79491326460004,59.485974683852554,0.41901419585320043,0.06475047735596451,0.03296703296703297,0.09340659340659341,0.12637362637362637,0.5715000040753521,0.03971613645445326,15.233818065030285,0.44661471855686746,0.3399363933080314
nota,ct,245,25,80.42040816326531,17.516575598792656,0.6571428571428571,0.3346938775510204,98.42857142857143,93.23673469387755,5.191836734693878,9.306122448979592,0.2571428571428571,0.02040816326530612,0.17391304347826086,0.3006134969325153,0.3142857142857143,0.15918367346938775,0.1306122448979592,0.2897959183673469,0.5492957746478874,0.1469387755102041,0.8322981366459627,0.0,2.3591836734693876,0.6571428571428571,0.3510204081632653,0.6938775510204082,0.6571428571428571,0.0,1994.420829115827,145.18743476975934,648.1737672995552,174.46079684393914,0.8711066817191752,0.1473734833695126,9102.030261144491,1414.2942699188598,485.9099580743556,85.17852681822477,0.3527386732684652,0.06833252510698003,0.1346938775510204,0.1346938775510204,0.2693877551020408,0.5806475816026517,0.050285717778493576,12.657651934312533,0.44016449898718735,0.3451179893904268
nota,t,266,25,64.01503759398496,23.714336620269158,0.5601503759398496,0.23684210526315788,85.5187969924812,107.68045112781955,-22.161654135338345,4.146616541353383,0.15789473684210525,0.018796992481203006,0.3422818791946309,0.26108374384236455,0.39097744360902253,0.08270676691729323,0.14285714285714285,0.22556390977443608,0.36666666666666664,0.10902255639097744,0.8120805369127517,0.013422818791946308,2.1766917293233083,0.2819548872180451,0.5375939849624061,0.575187969924812,0.7744360902255639,0.007518796992481203,2016.30928290324,113.4267088677471,530.7007219435138,87.69217432601923,0.9372721937301667,0.09740213453326224,8491.44097736845,1645.4483054502743,379.51118773307024,76.95380131140747,0.37805060770187227,0.07950661894189165,0.07142857142857142,0.13533834586466165,0.20676691729323307,0.6149909560834548,0.05816967000634244,18.620600939668986,0.5726625017689021,0.4127051308299339
npl,ct,463,41,88.97840172786177,25.958312634600443,0.8142548596112311,0.3390928725701944,111.2267818574514,96.31317494600432,14.913606911447085,6.9049676025917925,0.2678185745140389,0.03023758099352052,0.21220159151193635,0.2777777777777778,0.3563714902807775,0.13174946004319654,0.10151187904967603,0.23326133909287258,0.5648148148148148,0.20518358531317496,0.7480106100795756,0.0,1.8682505399568035,0.5766738660907127,0.32181425485961124,0.4535637149028078,0.5161987041036717,0.0,1981.8651331536353,105.63786481062348,625.4618329097902,138.28874487365368,0.9089664575948422,0.18247719239392618,8175.026607741961,1300.4053800841634,553.8353880978119,85.46222426276724,0.36625343749646005,0.08043476566882757,0.13822894168466524,0.09935205183585313,0.23758099352051837,0.5989251074966117,0.05847590948466069,13.710134940402913,0.6148818025801956,0.4075368305734982
npl,t,438,40,72.00456621004567,24.225006647694244,0.6598173515981736,0.2374429223744292,91.44292237442923,103.1986301369863,-11.755707762557078,1.9452054794520548,0.18036529680365296,0.02511415525114155,0.2768166089965398,0.24550898203592814,0.3698630136986301,0.1141552511415525,0.1598173515981735,0.273972602739726,0.4166666666666667,0.182648401826484,0.7785467128027682,0.010380622837370242,1.7465753424657535,0.1552511415525114,0.5228310502283106,0.541095890410959,0.5273972602739726,0.0,1979.8974851373748,111.04594882713187,559.5807526553535,89.71034573118983,1.0033455145240238,0.07018770824277795,8357.35927672847,1298.968037114246,402.75390830549486,76.01302780697144,0.4441521909123061,0.07169346029517053,0.10730593607305935,0.1598173515981735,0.2671232876712329,0.5865193445660991,0.052456867903029454,14.426199398503805,0.5935997098801685,0.4233529168798143
osee,ct,176,16,67.49431818181819,19.143382271012765,0.6647727272727273,0.4090909090909091,102.4659090909091,83.9090909090909,18.556818181818183,2.9431818181818183,0.16477272727272727,0.03409090909090909,0.2905982905982906,0.21153846153846154,0.3181818181818182,0.13636363636363635,0.05113636363636364,0.1875,0.7272727272727273,0.13636363636363635,0.2564102564102564,0.5811965811965812,1.5795454545454546,0.3409090909090909,0.4715909090909091,0.48295454545454547,0.2840909090909091,0.0,2149.880825483139,129.50092375037465,671.958090659949,97.7217158144301,1.013114913113167,0.07991730663015319,7710.984254331484,828.7600171137731,532.2125219590721,72.14959997839225,0.25678565206822024,0.0855451606605618,0.13636363636363635,0.07386363636363637,0.21022727272727273,0.6308001168160142,0.05043157378118132,18.99655875131,0.4572558746932388,0.4131170297637419
osee,t,182,16,50.7967032967033,17.183848908845366,0.41208791208791207,0.29120879120879123,67.32967032967034,97.57142857142857,-30.24175824175824,1.5054945054945055,0.23626373626373626,0.09340659340659341,0.49333333333333335,0.21705426356589147,0.35714285714285715,0.03296703296703297,0.04945054945054945,0.08241758241758242,0.4,0.07692307692307693,0.52,0.22666666666666666,2.3461538461538463,0.04395604395604396,1.1153846153846154,0.8516483516483516,0.33516483516483514,0.0,2122.499267573347,125.509398461773,512.1976764547376,77.28455271888133,0.9399791774274608,0.05699602750074468,7732.3641830830675,980.5142738190561,364.9113085866669,65.26721222397045,0.33801075274431774,0.08374597072410633,0.07142857142857142,0.06043956043956044,0.13186813186813187,0.6191844556416958,0.03237350311810351,13.779518974617634,0.4129794086109315,0.32058927877540894
phzy,ct,141,13,66.05673758865248,32.968197715281114,0.6099290780141844,0.425531914893617,92.43971631205673,83.85106382978724,8.588652482269504,4.1063829787234045,0.18439716312056736,0.05673758865248227,0.13953488372093023,0.30864197530864196,0.2624113475177305,0.16312056737588654,0.10638297872340426,0.2695035460992908,0.6052631578947368,0.1276595744680851,0.27906976744186046,0.4883720930232558,1.9148936170212767,0.3617021276595745,0.624113475177305,0.524822695035461,0.40425531914893614,0.0,2134.5930532834855,141.74342291934914,670.1367734182113,79.61847606201904,0.9823296316714231,0.11467407067128801,7507.5629661829025,1015.2298983036758,530.602421489988,55.20127692675309,0.27774317601671455,0.07260649074191242,0.11347517730496454,0.12056737588652482,0.23404255319148937,0.6375889091665402,0.052210702801953716,15.501536311915427,0.7804063027626205,0.5283362986136615
phzy,t,117,13,51.401709401709404,23.94700681909434,0.41025641025641024,0.23076923076923078,67.91452991452991,101.2991452991453,-33.38461538461539,2.5982905982905984,0.2222222222222222,0.13675213675213677,0.4583333333333333,0.2,0.3418803418803419,0.02564102564102564,0.06837606837606838,0.09401709401709402,0.2727272727272727,0.06837606837606838,0.4166666666666667,0.3125,2.3675213675213675,0.03418803418803419,1.1452991452991452,0.7692307692307693,0.41025641025641024,0.008547008547008548,2130.208369862231,120.67656418184158,445.6517008457925,74.98123556035861,0.8970069804527631,0.05070795710248478,7630.776529815331,1375.1445482886052,334.1304585439378,51.25159394503942,0.3662124710047971,0.08825244137036285,0.042735042735042736,0.05982905982905983,0.10256410256410256,0.603895309375823,0.047653361790401576,17.862605219466506,0.5343140998498469,0.4932832884656771
piriajr,ct,282,30,73.29787234042553,32.23366838400165,0.6879432624113475,0.44680851063829785,93.93262411347517,80.8581560283688,13.074468085106384,2.1879432624113475,0.19148936170212766,0.010638297872340425,0.16494845360824742,0.24358974358974358,0.24822695035460993,0.13829787234042554,0.11347517730496454,0.25177304964539005,0.5492957746478874,0.1453900709219858,0.7628865979381443,0.020618556701030927,2.1560283687943262,0.4397163120567376,0.40425531914893614,0.6453900709219859,0.6666666666666666,0.0,2052.3698176881735,151.0345654467052,839.6070056210087,231.82232745629057,1.1203276378964746,0.147566821997477,9088.20044077219,1477.360196972039,630.3749333388915,151.02117812878507,0.33650037595323756,0.09594308418597321,0.12056737588652482,0.09929078014184398,0.2198581560283688,0.5697954481720414,0.0557789809142334,18.14456405936071,0.7974542825962857,0.5565769683127345
piriajr,t,270,27,80.32592592592593,31.676594813233184,0.7222222222222222,0.2962962962962963,107.55185185185185,98.94074074074074,8.61111111111111,3.074074074074074,0.16666666666666666,0.011111111111111112,0.24615384615384617,0.23157894736842105,0.34074074074074073,0.11851851851851852,0.12962962962962962,0.24814814814814815,0.47761194029850745,0.2037037037037037,0.7794871794871795,0.02564102564102564,2.033333333333333,0.4962962962962963,0.43333333333333335,0.5666666666666667,0.5370370370370371,0.0,2029.1527513265714,132.83971936371356,620.1586614617893,149.74394521744867,1.0859363052958033,0.11929617935614674,8586.134980595196,2037.1241762620189,474.4094716041736,104.22429033272132,0.407673737504401,0.1069972120882174,0.12962962962962962,0.14444444444444443,0.2740740740740741,0.5931248222381191,0.07356819710498638,15.638920321911229,0.7868025453379828,0.5511211978930516
pr,ct,299,31,88.66555183946488,30.42448194442589,0.802675585284281,0.38461538461538464,110.54515050167224,93.74581939799332,16.79933110367893,8.200668896321071,0.21739130434782608,0.020066889632107024,0.175,0.266304347826087,0.30434782608695654,0.15719063545150502,0.10033444816053512,0.25752508361204013,0.6103896103896104,0.18394648829431437,0.7291666666666666,0.004166666666666667,2.37123745819398,0.5785953177257525,0.5518394648829431,0.6688963210702341,0.5719063545150501,0.0,2142.4581594004803,146.94753442399903,789.5533963052764,158.05028061466209,1.0965504240439419,0.1110773906149276,9261.468390597915,1472.6196195659033,548.1951009702261,85.09583860425545,0.30174435037462993,0.06475893636981409,0.1505016722408027,0.08361204013377926,0.23411371237458195,0.5496535382906256,0.05526252898906894,14.300897269389884,0.8415354942632891,0.5500176740859959
pr,t,327,32,68.08562691131499,23.305610214549382,0.6116207951070336,0.3149847094801223,85.21712538226299,96.76758409785933,-11.55045871559633,4.302752293577981,0.1926605504587156,0.024464831804281346,0.325,0.25892857142857145,0.3761467889908257,0.07339449541284404,0.13761467889908258,0.21100917431192662,0.34782608695652173,0.14984709480122324,0.83,0.01,1.926605504587156,0.43730886850152906,0.4036697247706422,0.5107033639143731,0.5749235474006116,0.0,2092.1433970543235,136.03174713870365,622.0049453505557,116.0753186722838,1.1285526835762771,0.12090449883367398,8836.437240574065,1194.78841093322,470.83396426576326,95.49514805649503,0.40611251888774347,0.06612567671815249,0.09174311926605505,0.10703363914373089,0.19877675840978593,0.5578459336691804,0.046291213209537815,15.146248027688046,0.5425294867281489,0.41381789806551006
qw1nk1,ct,85,7,94.16470588235295,24.393540225752933,0.9294117647058824,0.4235294117647059,122.5764705882353,88.85882352941177,33.71764705882353,5.070588235294117,0.2,0.011764705882352941,0.26582278481012656,0.24489795918367346,0.38823529411764707,0.1411764705882353,0.09411764705882353,0.23529411764705882,0.6,0.2,0.7468354430379747,0.0,2.4941176470588236,0.43529411764705883,0.6235294117647059,0.8470588235294118,0.5882352941176471,0.0,2030.2004081915852,164.92480522736562,749.8729376431157,125.7862743223867,1.0470043298498823,0.12806322482033067,10081.107955537705,1295.0152064320896,512.1697028134328,98.00839626862688,0.3625597265223524,0.0889639610506553,0.10588235294117647,0.047058823529411764,0.15294117647058825,0.5615963340589503,0.045153461819886005,11.126232364570539,0.5207005476341225,0.3577531008385515
qw1nk1,t,87,7,63.32183908045977,30.464506305549126,0.4827586206896552,0.16091954022988506,77.11494252873563,112.19540229885058,-35.08045977011494,2.942528735632184,0.19540229885057472,0.0,0.2619047619047619,0.3698630136986301,0.4367816091954023,0.14942528735632185,0.11494252873563218,0.26436781609195403,0.5652173913043478,0.09195402298850575,0.5,0.0,1.6551724137931034,0.3218390804597701,0.20689655172413793,0.5287356321839081,0.5977011494252874,0.0,1999.1789978604227,54.46826773569244,531.3669336357002,134.53406410738287,0.9635402899395369,0.12413716924719251,8128.903187330412,500.2477760902885,383.5869170036199,120.29452408614982,0.42462673769916137,0.07490647455707998,0.12643678160919541,0.13793103448275862,0.26436781609195403,0.6022875809213366,0.033717418145303005,11.254820768166303,0.6077773424715956,0.3953574412731682
rainwaker,ct,326,32,79.56748466257669,24.73475889475601,0.7177914110429447,0.41411042944785276,96.0521472392638,84.920245398773,11.131901840490798,2.9693251533742333,0.19325153374233128,0.024539877300613498,0.18803418803418803,0.19895287958115182,0.25153374233128833,0.11349693251533742,0.08588957055214724,0.19938650306748465,0.5692307692307692,0.18404907975460122,0.7905982905982906,0.0,2.0061349693251533,0.4263803680981595,0.4325153374233129,0.6901840490797546,0.4570552147239264,0.0,2063.7315670052158,125.31063071716423,904.9150223787549,158.94201982806257,1.1619649182524188,0.09082043704016335,7989.02195615076,1245.5954168449068,648.5945063627596,95.70900103900637,0.3179724013790974,0.07694936986518387,0.0950920245398773,0.0736196319018405,0.1687116564417178,0.6237701139876383,0.050393004986270494,15.638023237050529,0.6189900841433565,0.4421311864636934
rainwaker,t,321,30,69.42990654205607,22.81273472697548,0.6105919003115264,0.29283489096573206,86.7165109034268,96.87227414330218,-10.15576323987539,3.411214953271028,0.16822429906542055,0.009345794392523364,0.2602040816326531,0.19383259911894274,0.29595015576323985,0.07476635514018691,0.09657320872274143,0.17133956386292834,0.43636363636363634,0.12461059190031153,0.8112244897959183,0.0,1.722741433021807,0.3862928348909657,0.38317757009345793,0.5171339563862928,0.42990654205607476,0.006230529595015576,2113.336695922697,115.22984388057644,704.7763765735756,184.07547399732977,1.171039277845578,0.1631826270158734,7721.861782199732,1088.437282448614,558.9013326604686,176.19527525050734,0.4052989680263624,0.07226461412472007,0.06853582554517133,0.0778816199376947,0.14641744548286603,0.6089738848310959,0.04203999748517002,19.21104515573729,0.5833826332326195,0.46984628534956274
rdnzao,ct,61,7,76.08196721311475,37.61147731772167,0.7213114754098361,0.3770491803278688,96.60655737704919,91.09836065573771,5.508196721311475,3.80327868852459,0.14754098360655737,0.0,0.18181818181818182,0.23684210526315788,0.2786885245901639,0.16393442622950818,0.11475409836065574,0.2786885245901639,0.5882352941176471,0.2459016393442623,0.8636363636363636,0.0,2.1147540983606556,0.4426229508196721,0.4262295081967213,0.6721311475409836,0.5737704918032787,0.0,2019.402942091579,149.7274026861367,615.5077481035551,180.05803711678965,0.8741057418265112,0.10156954747063517,8750.208343755701,1348.7357139147002,412.67867109759294,60.415186644828786,0.3963086025065374,0.0917809178360525,0.13114754098360656,0.08196721311475409,0.21311475409836064,0.5745540997784332,0.025543048155950234,17.53866540984081,0.8676290435927131,0.619725870130496
rdnzao,t,59,6,44.74576271186441,10.499967044299122,0.3728813559322034,0.15254237288135594,58.3728813559322,109.05084745762711,-50.67796610169491,3.23728813559322,0.1864406779661017,0.05084745762711865,0.3181818181818182,0.32,0.3898305084745763,0.06779661016949153,0.13559322033898305,0.2033898305084746,0.3333333333333333,0.06779661016949153,0.6363636363636364,0.0,1.9830508474576272,0.1694915254237288,0.6440677966101694,0.6949152542372882,0.4745762711864407,0.0,1937.4799161359151,76.05572351299944,460.52167916510604,127.9010375518431,0.9644390969233646,0.08900986735576098,7778.315862156281,776.3786083256333,337.539868221855,109.28627583507564,0.45955162571392505,0.08656748977902298,0.1016949152542373,0.1864406779661017,0.288135593220339,0.6024723043432011,0.03359593278362443,13.328642546244685,0.3655713072932491,0.2604061146748912
rez,ct,299,31,77.10367892976589,36.965477384867306,0.6956521739130435,0.3612040133779264,95.4648829431438,91.82608695652173,3.6387959866220734,6.096989966555184,0.25752508361204013,0.030100334448160536,0.20192307692307693,0.23036649214659685,0.28762541806020064,0.14381270903010032,0.10702341137123746,0.2508361204013378,0.5733333333333334,0.16722408026755853,0.7692307692307693,0.009615384615384616,2.2274247491638794,0.47157190635451507,0.5785953177257525,0.6421404682274248,0.5351170568561873,0.0,2000.392305494123,174.78602603775755,619.672524567452,114.82287891810712,0.9026571664422375,0.13177192197640336,8542.920781527831,1417.150680582876,493.25885810761685,92.36649471332701,0.38718852162586237,0.10947413631320672,0.10367892976588629,0.11705685618729098,0.22073578595317725,0.5857690239379486,0.06100288938615492,14.012850213871737,0.8804823127934046,0.5762856502612035
rez,t,327,32,79.1743119266055,26.354452703435214,0.672782874617737,0.2966360856269113,99.5137614678899,100.4862385321101,-0.9724770642201835,4.6422018348623855,0.28134556574923547,0.009174311926605505,0.2590909090909091,0.36086956521739133,0.42813455657492355,0.08868501529051988,0.13761467889908258,0.22629969418960244,0.3918918918918919,0.14984709480122324,0.7636363636363637,0.01818181818181818,1.9357798165137614,0.26605504587155965,0.6055045871559633,0.5535168195718655,0.5107033639143731,0.0,2047.4137565000217,140.9669700736104,535.6195714772704,141.51203004215412,0.9872781245021122,0.13663104811717955,8250.302005912541,1430.1233263969757,404.7974434916271,131.29282953571558,0.4152474682693397,0.08728983471130838,0.0856269113149847,0.1345565749235474,0.22018348623853212,0.5889982669064421,0.04795862806479711,15.272487613076791,0.6650434076922115,0.4613459259255104
ropz,ct,266,27,75.34586466165413,25.125074686549823,0.7255639097744361,0.5,92.95488721804512,69.76691729323308,23.18796992481203,4.169172932330827,0.16165413533834586,0.011278195488721804,0.16580310880829016,0.19548872180451127,0.21804511278195488,0.10150375939849623,0.06766917293233082,0.16917293233082706,0.6,0.18045112781954886,0.7305699481865285,0.02072538860103627,1.7030075187969924,0.39473684210526316,0.21052631578947367,0.556390977443609,0.5413533834586466,0.0,2094.414649905779,139.49997333871232,899.5161753387032,177.31762174730568,1.1698801274494126,0.13963362188627693,8028.663632464231,1189.5737335962403,638.8870179432646,104.21816654118656,0.3103778995278424,0.09167683228716594,0.09774436090225563,0.08646616541353383,0.18421052631578946,0.5968023583113339,0.05348544166003279,12.310621923245268,0.5696880638202869,0.4253680331967985
ropz,t,286,27,69.13286713286713,23.54640226235672,0.6678321678321678,0.3356643356643357,88.99300699300699,96.32867132867133,-7.335664335664336,4.293706293706293,0.15734265734265734,0.01048951048951049,0.25654450261780104,0.2,0.3041958041958042,0.07692307692307693,0.05944055944055944,0.13636363636363635,0.5641025641025641,0.16433566433566432,0.7539267015706806,0.0,1.7552447552447552,0.3811188811188811,0.38461538461538464,0.4965034965034965,0.493006993006993,0.0,2066.303717120883,157.80983096781034,752.4708472104866,161.76170252110643,1.200115698902295,0.15280022664789453,8301.62625699894,1202.6276425951792,604.294630637001,127.67761499066611,0.36039418487946406,0.10856293985780101,0.06993006993006994,0.06993006993006994,0.13986013986013987,0.5855027093835358,0.047409287418981184,13.400280546628816,0.535709416312118,0.38417480982087515
ryu,ct,141,13,74.56737588652483,21.052797514462277,0.6595744680851063,0.3900709219858156,93.47517730496453,85.33333333333333,8.141843971631205,3.978723404255319,0.20567375886524822,0.02127659574468085,0.25806451612903225,0.2441860465116279,0.3191489361702128,0.12056737588652482,0.11347517730496454,0.23404255319148937,0.5151515151515151,0.1702127659574468,0.6774193548387096,0.0,2.127659574468085,0.4326241134751773,0.425531914893617,0.6879432624113475,0.5815602836879432,0.0,2091.6381742296994,157.5949172962255,791.7654915838933,126.42615342048263,1.1431992654530847,0.09822378488903127,7682.759316773593,1230.206436309161,549.2865819381142,86.66198740853031,0.34884409281454415,0.06812182450775467,0.1276595744680851,0.09929078014184398,0.22695035460992907,0.6002608139388954,0.0639179863959134,10.638523019119317,0.5662282533462817,0.3733700897220983
ryu,t,117,13,72.06837606837607,25.805086079500235,0.6666666666666666,0.20512820512820512,88.58119658119658,113.56410256410257,-24.982905982905983,2.9914529914529915,0.11965811965811966,0.017094017094017096,0.3717948717948718,0.17204301075268819,0.38461538461538464,0.06837606837606838,0.1452991452991453,0.21367521367521367,0.32,0.17094017094017094,0.6794871794871795,0.0,1.264957264957265,0.23076923076923078,0.23076923076923078,0.39316239316239315,0.41025641025641024,0.0,2062.2789834674572,129.44935134605183,472.7047072953191,122.25117612496825,0.9450190839225462,0.10518613529812594,7063.9272971085775,1367.951831476137,342.0516430479512,97.9477921413713,0.43362143793615154,0.09197580040831595,0.042735042735042736,0.13675213675213677,0.1794871794871795,0.6165151110757366,0.05639694833983221,17.046484585875252,0.5812570233151497,0.37039896745124073
s1mple,ct,61,7,76.57377049180327,31.720934584018398,0.6557377049180327,0.3770491803278688,103.62295081967213,88.90163934426229,14.721311475409836,4.967213114754099,0.16393442622950818,0.0,0.25,0.18421052631578946,0.2786885245901639,0.13114754098360656,0.16393442622950818,0.29508196721311475,0.4444444444444444,0.18032786885245902,0.3,0.55,1.901639344262295,0.47540983606557374,0.4918032786885246,0.45901639344262296,0.47540983606557374,0.0,2103.0090724080087,70.3500158772514,770.9412320458194,77.23927223348875,0.9260672446293147,0.0481103169312303,9023.11701199925,1185.826539253305,577.839476402476,63.02058600577035,0.2517234481352413,0.0627710533983535,0.09836065573770492,0.11475409836065574,0.21311475409836064,0.6109123672526644,0.0529274170339266,20.272598049045335,0.8631026309612071,0.5604204220425979
s1mple,t,83,7,73.3855421686747,13.977742274969414,0.7469879518072289,0.27710843373493976,108.56626506024097,106.27710843373494,2.289156626506024,2.9156626506024095,0.20481927710843373,0.0963855421686747,0.41935483870967744,0.21666666666666667,0.46987951807228917,0.12048192771084337,0.04819277108433735,0.1686746987951807,0.7142857142857143,0.20481927710843373,0.43548387096774194,0.24193548387096775,2.1566265060240966,0.03614457831325301,1.0963855421686748,0.6746987951807228,0.3373493975903614,0.012048192771084338,2092.599872793658,163.5877045707942,498.52234445919777,54.117658677321714,0.8868263611685699,0.05990060622159359,9851.083599089561,1356.8121814892531,361.0635110188561,55.65673649986226,0.3146051763668019,0.06571423643331806,0.0963855421686747,0.07228915662650602,0.1686746987951807,0.54849177906055,0.024846626173153644,9.507020540805156,0.3714211720369555,0.29857657883409905
s1n,ct,237,23,75.10548523206751,23.157438603719662,0.6329113924050633,0.4767932489451477,91.42194092827005,76.9493670886076,14.472573839662447,8.80168776371308,0.33755274261603374,0.08860759493670886,0.24,0.18548387096774194,0.2489451476793249,0.10970464135021098,0.06751054852320675,0.17721518987341772,0.6190476190476191,0.1518987341772152,0.7466666666666667,0.0,2.940928270042194,0.6286919831223629,0.9873417721518988,0.7130801687763713,0.6118143459915611,0.0,2114.470014925405,115.08325727386286,803.838946236592,145.8921417905012,1.0077037524587666,0.1531477874433646,10541.452597659087,1055.0180363573156,574.2794777730908,103.36633356681452,0.310218548436078,0.046898595644670735,0.10548523206751055,0.08016877637130802,0.18565400843881857,0.5493450541835252,0.04508052780350327,15.956339624519478,0.4878165903171506,0.38810736532656886
s1n,t,247,24,50.08502024291498,20.598930439144688,0.43724696356275305,0.3076923076923077,65.34412955465586,96.1497975708502,-30.805668016194332,3.7530364372469633,0.21862348178137653,0.08502024291497975,0.39814814814814814,0.2573099415204678,0.3522267206477733,0.044534412955465584,0.0728744939271255,0.11740890688259109,0.3793103448275862,0.06882591093117409,0.75,0.009259259259259259,3.3441295546558703,0.26720647773279355,1.3643724696356276,1.0850202429149798,0.6194331983805668,0.008097165991902834,2155.264482428156,78.87820376711407,510.0827707621374,99.80014534467459,0.9399292798598801,0.09020930855098669,9636.428817822105,1290.3008031438783,367.8657014962968,101.66540990006432,0.33866055236890674,0.05820672490091251,0.05668016194331984,0.0728744939271255,0.12955465587044535,0.5621973383127081,0.04255072164387094,17.00705891634192,0.6083003623042575,0.4355231084949269
s1ren,ct,131,13,63.16793893129771,22.259836737799947,0.5572519083969466,0.3969465648854962,76.3206106870229,86.93129770992367,-10.610687022900763,2.954198473282443,0.183206106870229,0.03816793893129771,0.2602739726027397,0.20253164556962025,0.26717557251908397,0.11450381679389313,0.06870229007633588,0.183206106870229,0.625,0.08396946564885496,0.6712328767123288,0.0,1.9083969465648856,0.5572519083969466,0.3282442748091603,0.5419847328244275,0.48091603053435117,0.0,2023.9481758199172,157.28119503236167,716.8082942492397,288.683267667727,0.9783520427038056,0.20843569756712058,8935.764633816909,1040.3646338663084,527.3899595808855,135.01184170377104,0.3820951039261209,0.10393491658343831,0.06870229007633588,0.061068702290076333,0.1297709923664122,0.5567505977769698,0.04797034798643405,11.290843011192365,0.3612731334441613,0.29414985922437226
s1ren,t,137,13,63.7956204379562,18.293128575796892,0.5547445255474452,0.29927007299270075,77.91970802919708,96.51824817518248,-18.598540145985403,3.2846715328467155,0.17518248175182483,0.014598540145985401,0.34210526315789475,0.2708333333333333,0.3795620437956204,0.06569343065693431,0.10948905109489052,0.17518248175182483,0.375,0.12408759124087591,0.7105263157894737,0.0,1.897810218978102,0.49635036496350365,0.35036496350364965,0.5401459854014599,0.5109489051094891,0.0,2031.8004774252656,117.04477351560618,600.9268829605671,143.57520993916532,1.0578177182497597,0.07330606351243305,7845.400869506139,1715.3790569913865,443.72444324707357,75.89053944707527,0.4275332069522972,0.09865236701608653,0.072992700729927,0.08029197080291971,0.15328467153284672,0.5885832735630203,0.06255195423798586,13.320723115067997,0.4270014494309776,0.3558344270838464
s1zzi,ct,463,41,78.64362850971922,26.852355368090628,0.7710583153347732,0.38660907127429806,117.82721382289417,85.0842332613391,32.74298056155508,3.9827213822894167,0.12526997840172785,0.008639308855291577,0.18487394957983194,0.2676056338028169,0.30669546436285094,0.16630669546436286,0.08423326133909287,0.2505399568034557,0.6637931034482759,0.19222462203023757,0.1092436974789916,0.5966386554621849,1.2483801295896328,0.2505399568034557,0.2570194384449244,0.4449244060475162,0.2958963282937365,0.0,2109.282705414267,109.27074662585493,740.3805719456893,112.62255435753943,1.0133708705988114,0.07575611487216023,7648.778674495165,1087.655464504797,561.6139237642122,71.25802451190754,0.2951735351514986,0.07856594257221097,0.19438444924406048,0.07775377969762419,0.27213822894168466,0.6243422568117917,0.051151380972612154,14.997504785758462,0.6679606645421686,0.5076393887934246
s1zzi,t,438,40,64.46575342465754,20.498557149216904,0.6118721461187214,0.2648401826484018,90.44977168949772,100.95890410958904,-10.509132420091325,1.643835616438356,0.1598173515981735,0.06621004566210045,0.2873134328358209,0.2111801242236025,0.3310502283105023,0.08447488584474885,0.07990867579908675,0.1643835616438356,0.5138888888888888,0.136986301369863,0.26119402985074625,0.5298507462686567,1.6712328767123288,0.02968036529680365,0.7853881278538812,0.589041095890411,0.2671232876712329,0.0,2092.727961353373,114.85430047171928,508.97222763098284,64.69353203392961,0.9281026214438494,0.08459356600055816,8345.462872385711,1145.0249349142205,365.57979217352545,65.34512907675621,0.3334536940996209,0.0647723426295301,0.10273972602739725,0.0730593607305936,0.17579908675799086,0.5903166661054022,0.04261281908336863,14.994761017844967,0.5246303936094131,0.3859375776874262
saadzin,ct,445,44,70.85393258426966,27.0991082992986,0.6921348314606741,0.501123595505618,97.15730337078652,77.90786516853933,19.24943820224719,4.671910112359551,0.20449438202247192,0.04943820224719101,0.22077922077922077,0.25225225225225223,0.2786516853932584,0.1258426966292135,0.07191011235955057,0.19775280898876405,0.6363636363636364,0.1550561797752809,0.17532467532467533,0.538961038961039,1.8404494382022472,0.35730337078651686,0.5595505617977528,0.5235955056179775,0.4,0.0,2151.527469100338,134.70810698644468,771.4726887795093,154.6566971899458,1.0071139916505378,0.14294309930474516,8524.024475365233,1166.2134253348763,577.4969428123308,84.03007832603474,0.2638272970526259,0.06063916332746532,0.13707865168539327,0.09887640449438202,0.23595505617977527,0.6210512839857933,0.056018857163438115,14.824584617929498,0.5628460001859602,0.43544062228811947
saadzin,t,436,45,60.309633027522935,22.55132222298914,0.6009174311926605,0.4105504587155963,87.35779816513761,89.25688073394495,-1.8990825688073394,3.8096330275229358,0.231651376146789,0.11009174311926606,0.29389312977099236,0.27626459143968873,0.3394495412844037,0.05733944954128441,0.06422018348623854,0.12155963302752294,0.4716981132075472,0.12614678899082568,0.3931297709923664,0.40458015267175573,2.7362385321100917,0.11238532110091744,1.213302752293578,0.9243119266055045,0.48394495412844035,0.0022935779816513763,2122.5087803804495,107.39380288853124,498.0065641375938,93.52260475793483,0.9301338109369494,0.08828251721741075,9455.106110876255,1506.8330067068487,364.1300402889759,85.39729150220109,0.33683823883301955,0.07082881083625836,0.0481651376146789,0.06192660550458716,0.11009174311926606,0.5689542390825968,0.04382689705149304,12.025341420328191,0.5906419539155686,0.40941624894244233
saffee,ct,282,30,78.98581560283688,20.387858388928347,0.8226950354609929,0.44680851063829785,124.76595744680851,85.35106382978724,39.41489361702128,3.925531914893617,0.1453900709219858,0.04964539007092199,0.20689655172413793,0.23717948717948717,0.30141843971631205,0.11347517730496454,0.0673758865248227,0.18085106382978725,0.6274509803921569,0.1879432624113475,0.22413793103448276,0.5258620689655172,1.6702127659574468,0.4219858156028369,0.4219858156028369,0.4397163120567376,0.38652482269503546,0.0,2108.119058605233,123.15941955184385,705.738706284093,109.23582722943857,0.9868784822012124,0.1283103853803858,8503.61966999106,1450.8943987304865,561.410023466088,88.11467630372951,0.2785834735308864,0.07501870490349025,0.09929078014184398,0.08865248226950355,0.1879432624113475,0.6100650853876692,0.05100173153166672,10.891303110045108,0.588174653214054,0.38208006386362214
saffee,t,270,27,59.096296296296295,21.058777648425366,0.5,0.31851851851851853,78.71851851851852,97.04444444444445,-18.325925925925926,2.011111111111111,0.18888888888888888,0.044444444444444446,0.25925925925925924,0.25,0.3,0.044444444444444446,0.08148148148148149,0.1259259259259259,0.35294117647058826,0.09259259259259259,0.3851851851851852,0.45185185185185184,2.0037037037037035,0.08888888888888889,0.8,0.762962962962963,0.35185185185185186,0.0,2105.266882033219,158.72946475920904,541.1076588487184,111.52186477305804,0.9840560564319215,0.09445571425560237,9160.353496472046,1149.2240172220793,420.18221983316835,92.05744534646585,0.3358497616233475,0.1032853391985756,0.06296296296296296,0.06666666666666667,0.12962962962962962,0.561267004731123,0.03585077190680129,13.407133021728681,0.5462524532712197,0.41973878644143425
sausol,ct,141,13,83.9645390070922,17.62843756240721,0.7801418439716312,0.45390070921985815,110.83687943262412,81.35460992907801,29.4822695035461,4.914893617021277,0.19148936170212766,0.02127659574468085,0.18181818181818182,0.2857142857142857,0.2978723404255319,0.11347517730496454,0.0425531914893617,0.15602836879432624,0.7272727272727273,0.20567375886524822,0.7909090909090909,0.00909090909090909,2.482269503546099,0.5815602836879432,0.5177304964539007,0.75177304964539,0.6312056737588653,0.0,2131.7009517103534,89.23277207173784,828.1608827424983,184.61427151345654,1.1272981273609266,0.1011468903585244,10025.659563235426,1746.9541500223402,549.6497376917395,100.67618611888241,0.28481965005192333,0.056641070658237,0.11347517730496454,0.04964539007092199,0.16312056737588654,0.5471056898400565,0.058683551880924396,16.021710069291785,0.5044034863516847,0.3493773972342395
sausol,t,138,13,67.98550724637681,24.410766040741148,0.6086956521739131,0.2318840579710145,87.8768115942029,116.04347826086956,-28.166666666666668,4.666666666666667,0.16666666666666666,0.007246376811594203,0.2976190476190476,0.2169811320754717,0.34782608695652173,0.07246376811594203,0.12318840579710146,0.1956521739130435,0.37037037037037035,0.14492753623188406,0.7976190476190477,0.023809523809523808,1.7681159420289856,0.2971014492753623,0.5144927536231884,0.4420289855072464,0.5072463768115942,0.007246376811594203,2033.1169492317456,137.6237025299428,594.1044705612002,143.2709061772512,1.1068342668280209,0.15820216062808312,8509.33733346605,1323.2529737220195,446.015418686916,121.55587957461843,0.4599282212236783,0.07053160671913074,0.08695652173913043,0.10144927536231885,0.18840579710144928,0.5852128486724588,0.06088672547329858,15.858441309060611,0.4932805892520572,0.3861672275886998
scrunk,ct,61,7,58.114754098360656,10.038252927825308,0.4098360655737705,0.36065573770491804,68.22950819672131,87.65573770491804,-19.42622950819672,4.885245901639344,0.13114754098360656,0.0,0.16,0.3076923076923077,0.26229508196721313,0.09836065573770492,0.06557377049180328,0.16393442622950818,0.6,0.03278688524590164,0.68,0.0,2.459016393442623,0.4262295081967213,0.7377049180327869,0.6557377049180327,0.639344262295082,0.0,2103.1281067706204,108.35933021558752,1011.4200039328404,203.72523868144216,1.156944313172752,0.12477620595082423,9289.60281006869,1298.7454942328097,743.7541201078681,139.05704041068006,0.2789054163296136,0.08353210673409278,0.08196721311475409,0.11475409836065574,0.19672131147540983,0.5458213543089868,0.052352112323728064,14.301132139909202,0.34639386642382886,0.22406364362724746
scrunk,t,83,7,41.45783132530121,20.56956317864764,0.2891566265060241,0.1566265060240964,49.86746987951807,109.08433734939759,-59.21686746987952,2.6265060240963853,0.20481927710843373,0.024096385542168676,0.125,0.2857142857142857,0.27710843373493976,0.04819277108433735,0.21686746987951808,0.26506024096385544,0.18181818181818182,0.04819277108433735,0.7083333333333334,0.0,2.2771084337349397,0.1566265060240964,0.8554216867469879,0.7108433734939759,0.5542168674698795,0.0,2032.6739784489089,132.75713866732477,502.1464339783252,88.09511799956906,0.90470483963295,0.11170819149003826,8195.348771694273,1371.0233571071726,372.39119115007844,64.35060675084159,0.3426871599381013,0.04328713225765856,0.060240963855421686,0.1686746987951807,0.2289156626506024,0.5921121548902297,0.05931260925899669,21.543020958642913,0.4030631638171781,0.4170201074047766
sdy,ct,56,5,70.17857142857143,20.5662850437036,0.5178571428571429,0.4107142857142857,80.375,78.625,1.75,1.4107142857142858,0.3392857142857143,0.05357142857142857,0.3793103448275862,0.24242424242424243,0.3392857142857143,0.03571428571428571,0.08928571428571429,0.125,0.2857142857142857,0.10714285714285714,0.7931034482758621,0.0,2.107142857142857,0.375,0.5535714285714286,0.5892857142857143,0.5892857142857143,0.0,2013.0933409538625,69.87830076398009,686.8651612592496,154.66210954069217,0.9476987402283266,0.11387490247170265,8187.7454835027775,1398.3482204728946,500.8469095873831,111.02444326170732,0.349842938695804,0.04982503123913128,0.07142857142857142,0.07142857142857142,0.14285714285714285,0.5879103790918586,0.07259801325108296,12.184219934796879,0.5894293385581185,0.37882631434150343
sdy,t,54,6,71.53703703703704,24.233945656558834,0.5740740740740741,0.14814814814814814,82.42592592592592,111.57407407407408,-29.14814814814815,5.351851851851852,0.2777777777777778,0.12962962962962962,0.3548387096774194,0.1956521739130435,0.37037037037037035,0.037037037037037035,0.09259259259259259,0.12962962962962962,0.2857142857142857,0.2037037037037037,0.7741935483870968,0.0,2.1666666666666665,0.2222222222222222,0.8148148148148148,0.7037037037037037,0.42592592592592593,0.0,2074.4278935810935,117.57611997252451,562.9348834500073,52.49592743360924,0.9911119608142124,0.08618922806617489,8579.378832177763,1396.2524090329905,437.6814798793503,48.109386628353725,0.3223532535556266,0.10121555350874924,0.037037037037037035,0.1111111111111111,0.14814814814814814,0.5747022398023556,0.06810006461530733,17.7333549924061,0.5764001203724994,0.3615996525004262
senzu,ct,61,7,74.19672131147541,24.583734056134205,0.6557377049180327,0.32786885245901637,98.1639344262295,101.63934426229508,-3.4754098360655736,3.557377049180328,0.18032786885245902,0.01639344262295082,0.15,0.1951219512195122,0.22950819672131148,0.09836065573770492,0.11475409836065574,0.21311475409836064,0.46153846153846156,0.14754098360655737,0.55,0.1,1.2295081967213115,0.3770491803278688,0.26229508196721313,0.29508196721311475,0.29508196721311475,0.0,1955.4813877594586,136.93666322480408,792.9547280763068,112.38841827192947,0.950888844716062,0.1132976467859512,8438.244594961941,629.0573831196623,552.9530417145388,51.05217626475302,0.35365732098819386,0.09612801736373466,0.11475409836065574,0.09836065573770492,0.21311475409836064,0.6121781048472406,0.03513735158732783,12.846760939040694,0.6640695673027666,0.4333639856337979
senzu,t,83,7,71.42168674698796,16.52183550600498,0.6746987951807228,0.3132530120481928,88.96385542168674,90.2289156626506,-1.2650602409638554,1.1686746987951808,0.1686746987951807,0.012048192771084338,0.2857142857142857,0.2807017543859649,0.3855421686746988,0.12048192771084337,0.14457831325301204,0.26506024096385544,0.45454545454545453,0.1566265060240964,0.7321428571428571,0.0,1.7349397590361446,0.2289156626506024,0.5542168674698795,0.4578313253012048,0.4939759036144578,0.0,1991.438829218293,111.27388002922278,576.6480187313769,73.07453285087108,1.0138387226611985,0.059984501761656095,8242.627036576505,772.3803477270393,406.09110702869054,64.2949660571765,0.38996633303562345,0.05644655401978217,0.1566265060240964,0.1566265060240964,0.3132530120481928,0.5824509585316091,0.029559882949583026,16.49100032337874,0.3208963177514825,0.33061712045741987
sfade8,ct,190,18,84.66315789473684,18.329550880331254,0.7,0.35789473684210527,103.03684210526316,95.22105263157894,7.815789473684211,9.563157894736841,0.2894736842105263,0.042105263157894736,0.21804511278195488,0.27049180327868855,0.3263157894736842,0.1368421052631579,0.09473684210526316,0.23157894736842105,0.5909090909090909,0.1631578947368421,0.8270676691729323,0.007518796992481203,2.431578947368421,0.6473684210526316,0.7052631578947368,0.6210526315789474,0.45789473684210524,0.0,1987.5839231051136,97.53308568746739,639.7740556311162,77.75364062516745,0.8497296479962329,0.061820237052966354,9178.271461458013,1194.9043006077904,524.506036397223,60.16656340562401,0.3612985760249442,0.05763790127044632,0.09473684210526316,0.1631578947368421,0.2578947368421053,0.5763039982969769,0.043034725888345116,15.799182478737308,0.46753202097939367,0.3401914998240386
sfade8,t,220,18,64.10454545454546,18.986474620537958,0.5772727272727273,0.19545454545454546,83.10909090909091,112.78636363636363,-29.677272727272726,3.713636363636364,0.17727272727272728,0.01818181818181818,0.29133858267716534,0.192090395480226,0.32272727272727275,0.08181818181818182,0.1590909090909091,0.2409090909090909,0.33962264150943394,0.13636363636363635,0.7480314960629921,0.047244094488188976,2.6,0.39090909090909093,0.740909090909091,0.740909090909091,0.7181818181818181,0.00909090909090909,2003.3632659934938,93.55518557984108,649.5414413303769,116.65930915137206,0.9975721389235577,0.12000780477275858,9232.50170931315,1740.6900417454099,509.7607429912012,118.09037451102358,0.3984506822051764,0.06829931108978798,0.1,0.18636363636363637,0.2863636363636364,0.5976027153132444,0.05388753264014611,17.997031763661568,0.6365264633986928,0.4846187170196679
sh1ro,ct,364,33,85.31318681318682,22.643812980839183,0.8681318681318682,0.5467032967032966,116.92857142857143,68.8021978021978,48.12637362637363,5.56043956043956,0.23626373626373626,0.04395604395604396,0.2626582278481013,0.2545454545454545,0.3434065934065934,0.14560439560439561,0.03296703296703297,0.17857142857142858,0.8153846153846154,0.21978021978021978,0.26582278481012656,0.46835443037974683,2.1895604395604398,0.46153846153846156,0.6483516483516484,0.5906593406593407,0.48626373626373626,0.0027472527472527475,2088.728601125695,115.23451320156603,711.6904525610636,121.33050844756926,0.9544429445531406,0.11351342710479592,8968.635792734804,1204.8173288814132,535.6455398346078,80.74594083613009,0.2504141616479452,0.06429040973033971,0.10989010989010989,0.07417582417582418,0.18406593406593408,0.5918837110550306,0.050816184534407165,9.276885908510078,0.5411563143369494,0.3438854760883749
sh1ro,t,367,33,72.20435967302453,27.197981708551186,0.7111716621253406,0.46321525885558584,106.26702997275204,77.94277929155314,28.32425068119891,1.9155313351498637,0.19618528610354224,0.07356948228882834,0.3524904214559387,0.2436548223350254,0.3814713896457766,0.04087193460490463,0.04904632152588556,0.08991825613079019,0.45454545454545453,0.16893732970027248,0.3371647509578544,0.4904214559386973,2.4959128065395095,0.08719346049046321,1.1907356948228882,0.7656675749318801,0.45231607629427795,0.0,2104.3216559832,137.4221052241911,557.9718448810147,89.7021415789369,0.9126543824063905,0.07214198336689516,9555.799966615432,1181.8685657067608,399.21375000175624,82.744315949592,0.3154786197351125,0.09086624429068152,0.07901907356948229,0.05722070844686648,0.1362397820163488,0.5628544073789129,0.037993598412939304,12.815224042251318,0.6011618540826182,0.44584523031990014
shock,ct,147,13,77.2312925170068,24.924068318995772,0.6938775510204082,0.3333333333333333,95.04081632653062,96.38095238095238,-1.3401360544217686,3.3877551020408165,0.25170068027210885,0.013605442176870748,0.2549019607843137,0.24489795918367346,0.3401360544217687,0.10204081632653061,0.034013605442176874,0.1360544217687075,0.75,0.17006802721088435,0.7352941176470589,0.00980392156862745,2.6462585034013606,0.42857142857142855,0.6190476190476191,0.8843537414965986,0.7142857142857143,0.0,2121.1948694676853,206.06445893623047,848.0143961219223,198.90570735180765,1.1209527437993247,0.1243232699590068,8667.9698956686,861.2933468275213,555.5728415079052,124.62828910844559,0.3209867759138012,0.11190181021143085,0.10204081632653061,0.047619047619047616,0.14965986394557823,0.5772696469665103,0.03712762842565676,16.792151889104165,0.6725532189667848,0.4921521900971454
shock,t,130,13,59.292307692307695,23.430665903139957,0.5923076923076923,0.3153846153846154,76.64615384615385,97.65384615384616,-21.00769230769231,3.9,0.15384615384615385,0.023076923076923078,0.3116883116883117,0.21348314606741572,0.33076923076923076,0.07692307692307693,0.1076923076923077,0.18461538461538463,0.4166666666666667,0.11538461538461539,0.6883116883116883,0.025974025974025976,2.223076923076923,0.3769230769230769,0.6,0.6615384615384615,0.5769230769230769,0.007692307692307693,2095.4906436320216,164.13242240273476,608.0886907794712,120.68358932701261,1.0748643326822753,0.1143121490780658,7909.842019824613,1343.83480414801,462.0917941991145,91.53130714551355,0.39555208480830367,0.07041737937914519,0.06923076923076923,0.11538461538461539,0.18461538461538463,0.5811302943918999,0.04648063532257515,16.99663123977393,0.6071941989222188,0.47539635023439475
siuhy,ct,210,22,66.18095238095238,27.812793025609363,0.5761904761904761,0.3761904761904762,82.13333333333334,88.41904761904762,-6.285714285714286,8.138095238095238,0.3333333333333333,0.08571428571428572,0.2066115702479339,0.25190839694656486,0.2761904761904762,0.08095238095238096,0.09047619047619047,0.17142857142857143,0.4722222222222222,0.11428571428571428,0.743801652892562,0.0,2.5238095238095237,0.638095238095238,0.6571428571428571,0.6666666666666666,0.5619047619047619,0.0,2024.714807956032,166.0036700929278,643.9004702509219,169.92788797406718,0.8998582871090914,0.10938228251811137,8365.06309959335,998.2420373703425,447.61096152616847,71.04424144672508,0.3468874576568269,0.08422340037555823,0.11428571428571428,0.06190476190476191,0.1761904761904762,0.5952212716696111,0.05539177073975502,14.553762315163851,0.6322695259562148,0.4480700062084567
siuhy,t,231,21,57.891774891774894,21.63774109878555,0.4805194805194805,0.2727272727272727,72.08225108225108,100.34199134199135,-28.25974025974026,3.9913419913419914,0.19913419913419914,0.030303030303030304,0.35135135135135137,0.25595238095238093,0.354978354978355,0.04329004329004329,0.16017316017316016,0.20346320346320346,0.2127659574468085,0.10822510822510822,0.8018018018018018,0.0,2.757575757575758,0.23376623376623376,0.9523809523809523,0.9913419913419913,0.5800865800865801,0.0,2051.7861134281884,107.49713996668288,491.28944857421965,73.04197157331477,0.9418317566782243,0.0783421523315456,7933.60725680119,1360.9535007411525,359.4181846106064,73.06458403184891,0.3713916910260895,0.07591262229678351,0.06060606060606061,0.14285714285714285,0.20346320346320346,0.6000397482397389,0.051834058401434215,16.625152096742987,0.5668324820895697,0.4430286279351888
sjuush,ct,41,4,72.5609756097561,11.715383541067263,0.7317073170731707,0.34146341463414637,94.14634146341463,91.82926829268293,2.317073170731707,3.3902439024390243,0.21951219512195122,0.04878048780487805,0.23333333333333334,0.4074074074074074,0.43902439024390244,0.14634146341463414,0.07317073170731707,0.21951219512195122,0.6666666666666666,0.14634146341463414,0.5666666666666667,0.13333333333333333,2.024390243902439,0.3902439024390244,0.5853658536585366,0.6341463414634146,0.4146341463414634,0.0,2086.665016717691,90.95929474738868,751.9894028463776,238.505717254839,1.0293718680168746,0.16746961548614725,7911.78014693713,1479.8842788439713,618.0505452979069,102.52056466472794,0.35881187834144673,0.11497186674448914,0.12195121951219512,0.07317073170731707,0.1951219512195122,0.6051507260400535,0.08970494147349993,10.077694083380681,0.4535914420618175,0.3546689367604166
sjuush,t,40,4,67.45,18.13484215536489,0.575,0.2,87.525,111.825,-24.3,2.025,0.05,0.0,0.2608695652173913,0.125,0.25,0.05,0.175,0.225,0.2222222222222222,0.1,0.5652173913043478,0.043478260869565216,2.425,0.35,0.7,0.95,0.425,0.0,2117.0871104620805,75.01722302678424,624.0305408857892,54.8888336039132,1.0603784651208485,0.07322449462788189,6642.8782363794,819.1488806881775,454.4076667742323,93.12393586623553,0.3610450618644078,0.08445885552635998,0.075,0.175,0.25,0.6708840117806742,0.06219728235695338,6.922186552431751,0.6002666594939287,0.3684030293402051
sk0r,ct,69,9,80.18840579710145,28.375175111475432,0.8260869565217391,0.391304347826087,106.08695652173913,84.26086956521739,21.82608695652174,8.231884057971014,0.14492753623188406,0.014492753623188406,0.15789473684210525,0.19047619047619047,0.2463768115942029,0.18840579710144928,0.08695652173913043,0.2753623188405797,0.6842105263157895,0.21739130434782608,0.5087719298245614,0.10526315789473684,1.6521739130434783,0.5652173913043478,0.2463768115942029,0.5072463768115942,0.3333333333333333,0.0,2037.4367425566268,228.89792183669678,684.7695770390139,126.48852651476015,0.9443281556468157,0.07605474093957931,7813.302091144408,854.7163741407558,534.7408500615114,97.63367187886935,0.36850821855961285,0.12961531239988736,0.14492753623188406,0.08695652173913043,0.2318840579710145,0.618779287953502,0.048792197225459764,11.204635350252726,0.4665357632781212,0.3585723963570724
sk0r,t,105,9,71.11428571428571,22.30374806609304,0.638095238095238,0.23809523809523808,91.6952380952381,98.55238095238096,-6.857142857142857,4.0285714285714285,0.11428571428571428,0.0,0.2835820895522388,0.175,0.3142857142857143,0.11428571428571428,0.12380952380952381,0.23809523809523808,0.48,0.14285714285714285,0.7910447761194029,0.0,1.7428571428571429,0.45714285714285713,0.45714285714285713,0.4857142857142857,0.34285714285714286,0.0,1971.991344585464,122.98194601931539,569.4629330575983,78.63186937405118,1.0237823165699567,0.1072243085170614,8204.620759166266,1897.875229498518,437.8189178430156,99.27014994292193,0.4566448466179357,0.11805531617219336,0.13333333333333333,0.14285714285714285,0.2761904761904762,0.6204719657675268,0.0592632837527173,10.152571254352436,0.4331731558185945,0.33365971712021203
slaxz-,ct,237,23,76.75105485232068,21.136722785277303,0.7679324894514767,0.45147679324894513,117.94514767932489,78.915611814346,39.029535864978904,5.451476793248945,0.15611814345991562,0.05063291139240506,0.19230769230769232,0.24615384615384617,0.28270042194092826,0.1350210970464135,0.08016877637130802,0.21518987341772153,0.6274509803921569,0.16877637130801687,0.2692307692307692,0.5494505494505495,2.210970464135021,0.45147679324894513,0.6075949367088608,0.6413502109704642,0.510548523206751,0.0,2084.879515444564,115.94677874360006,742.6469087429128,140.7457428861355,0.9366264590068154,0.10793066495301691,8237.272095376962,1371.8887979036838,546.4752594172174,94.3525559099222,0.2948805112955029,0.08207829831800253,0.12658227848101267,0.0970464135021097,0.22362869198312235,0.6419700254800766,0.053806153581362766,12.800027050829438,0.5266037226590612,0.39297867886643384
slaxz-,t,247,24,52.497975708502025,22.6381123210118,0.43724696356275305,0.29554655870445345,74.49797570850203,96.98380566801619,-22.48582995951417,3.582995951417004,0.17813765182186234,0.08097165991902834,0.24074074074074073,0.23563218390804597,0.27125506072874495,0.08906882591093117,0.06882591093117409,0.15789473684210525,0.5641025641025641,0.08502024291497975,0.2962962962962963,0.5,2.57085020242915,0.12955465587044535,1.1821862348178138,0.8825910931174089,0.3724696356275304,0.004048582995951417,2179.0172613061663,101.40522744202957,516.3481714489008,90.3877565431948,0.9358131467410457,0.09599599014116067,8439.38434877259,1214.802261453454,375.6428530891176,67.11245472151606,0.33077235446512976,0.060435420234275845,0.08097165991902834,0.08502024291497975,0.1659919028340081,0.6068949601671242,0.040504348222836106,14.118644779286612,0.5772776428709933,0.419846368477524
snappi,ct,41,4,70.41463414634147,18.913561112911612,0.4634146341463415,0.24390243902439024,81.60975609756098,97.02439024390245,-15.414634146341463,10.21951219512195,0.36585365853658536,0.024390243902439025,0.05263157894736842,0.25806451612903225,0.21951219512195122,0.04878048780487805,0.12195121951219512,0.17073170731707318,0.2857142857142857,0.04878048780487805,0.5789473684210527,0.0,2.292682926829268,0.8536585365853658,0.21951219512195122,0.6097560975609756,0.6097560975609756,0.0,2016.2316453774124,135.41174735790372,693.4475260010059,100.28420133749577,0.9990158238553908,0.09505521578977702,8088.909311889194,1411.4110270060858,517.949544343805,25.609537700086843,0.39782041661824835,0.1237000612760838,0.04878048780487805,0.07317073170731707,0.12195121951219512,0.6070989093097404,0.07585404077515757,13.573827526068294,0.4399368870695001,0.36555795478995406
snappi,t,40,4,60.925,13.960382934098458,0.6,0.2,77.275,109.275,-32.0,6.275,0.075,0.0,0.25,0.15625,0.275,0.05,0.075,0.125,0.4,0.15,0.4583333333333333,0.041666666666666664,2.875,0.25,1.0,1.0,0.625,0.0,1967.6852764977752,24.520111272621918,536.8754599216148,38.48500047878652,0.9331582506475256,0.030201436853081774,8753.504678277333,1361.3728218715082,360.34197904391675,28.27346892106709,0.4592377468649553,0.07749919057791811,0.025,0.025,0.05,0.5729701782499728,0.05568803959616662,22.5,0.38210567909938215,0.35895115891289
snax,ct,299,31,68.81939799331104,24.046637292739323,0.6020066889632107,0.35785953177257523,85.23745819397993,90.35451505016722,-5.117056856187291,6.625418060200669,0.2508361204013378,0.026755852842809364,0.17777777777777778,0.20833333333333334,0.2408026755852843,0.09364548494983277,0.10702341137123746,0.20066889632107024,0.4666666666666667,0.14715719063545152,0.7777777777777778,0.0,2.3344481605351173,0.6588628762541806,0.5150501672240803,0.6086956521739131,0.5518394648829431,0.0,2058.0597124457463,142.8113526483187,682.4178368592496,151.61645483854008,0.9871582249366071,0.14959512203280667,8412.438363841902,1456.5447693737228,531.8222039383048,85.65836805170603,0.34440451443975345,0.06812159907027125,0.10367892976588629,0.13377926421404682,0.23745819397993312,0.5849307790782301,0.06091710777094388,15.558739245542288,0.6293812820805218,0.46449544922838265
snax,t,327,32,65.89602446483181,24.569331301983485,0.5259938837920489,0.24464831804281345,82.77064220183486,110.15902140672783,-27.388379204892967,5.853211009174312,0.25382262996941896,0.03058103975535168,0.23255813953488372,0.27125506072874495,0.327217125382263,0.09785932721712538,0.18042813455657492,0.2782874617737003,0.3516483516483517,0.10397553516819572,0.7790697674418605,0.01744186046511628,2.688073394495413,0.43425076452599387,0.764525993883792,0.8287461773700305,0.6574923547400612,0.0030581039755351682,2051.5609710433164,102.38964989903292,554.0274077466368,85.32275411275228,1.033380506648794,0.12707289405627492,8181.022427041718,1650.2058161191849,423.3649712234128,100.74278957247762,0.41038459476325434,0.07151747476624483,0.09174311926605505,0.1926605504587156,0.28440366972477066,0.5961295294019107,0.059366093480507295,16.064255996571898,0.585531473990007,0.45326935747958785
snow,ct,282,30,79.87234042553192,25.024042924743558,0.7446808510638298,0.41843971631205673,105.08510638297872,88.74468085106383,16.340425531914892,4.659574468085107,0.26595744680851063,0.03900709219858156,0.22380952380952382,0.25,0.3120567375886525,0.09929078014184398,0.07092198581560284,0.1702127659574468,0.5833333333333334,0.1773049645390071,0.7,0.023809523809523808,2.141843971631206,0.5141843971631206,0.41843971631205673,0.6063829787234043,0.6028368794326241,0.0,1970.7097047029022,133.98986872901492,670.5119083402234,160.4304273574902,0.9278885715353961,0.12494902656497488,8248.809654245379,1121.147736602987,459.36567145061053,104.65193310318116,0.37316442711160414,0.09769044301712178,0.09219858156028368,0.08156028368794327,0.17375886524822695,0.6069393068798702,0.04775420268395825,16.994145126392375,0.6993747276661672,0.49872350545937755
snow,t,270,27,71.97407407407407,23.959958252843965,0.6296296296296297,0.27037037037037037,86.47407407407407,101.39259259259259,-14.91851851851852,3.403703703703704,0.17037037037037037,0.003703703703703704,0.3058823529411765,0.20812182741116753,0.34444444444444444,0.07407407407407407,0.16666666666666666,0.24074074074074073,0.3076923076923077,0.16666666666666666,0.7352941176470589,0.011764705882352941,1.9222222222222223,0.1814814814814815,0.5962962962962963,0.6888888888888889,0.45555555555555555,0.0,2042.2485008368562,123.61151954137921,574.5443656022061,93.53960983849156,1.0430537359827006,0.14726908726348736,8377.522832344788,1427.2099770844534,417.635108267719,74.80439982583206,0.38714361157590793,0.08756784035489389,0.0962962962962963,0.12962962962962962,0.22592592592592592,0.5898729366826557,0.05778784857914462,15.253340170863893,0.5151888799368459,0.3974803635012685
sonic,ct,176,16,83.66477272727273,34.66104200377529,0.7045454545454546,0.36363636363636365,101.73295454545455,92.56818181818181,9.164772727272727,7.568181818181818,0.2727272727272727,0.011363636363636364,0.25,0.25892857142857145,0.3409090909090909,0.14204545454545456,0.1590909090909091,0.30113636363636365,0.4716981132075472,0.17045454545454544,0.7983870967741935,0.0,2.846590909090909,0.7045454545454546,0.7954545454545454,0.5795454545454546,0.7613636363636364,0.005681818181818182,1989.5749297721,162.74148865915498,605.2606983875987,137.79085280401284,0.9351092365692447,0.1462754538713905,8319.630082924734,999.0933980030984,487.9909511721591,53.659439207240624,0.37661497890853984,0.08513346500701222,0.10795454545454546,0.19318181818181818,0.30113636363636365,0.5914463582559181,0.04388800731614691,20.93982560650499,0.7258151500445269,0.58049556679747
sonic,t,182,16,61.72527472527472,22.133766340440754,0.5659340659340659,0.21978021978021978,78.48351648351648,108.43956043956044,-29.956043956043956,4.1208791208791204,0.13736263736263737,0.005494505494505495,0.21359223300970873,0.23943661971830985,0.3076923076923077,0.1043956043956044,0.19230769230769232,0.2967032967032967,0.35185185185185186,0.12637362637362637,0.7669902912621359,0.009708737864077669,2.17032967032967,0.3626373626373626,0.7692307692307693,0.46703296703296704,0.5659340659340659,0.005494505494505495,2018.6061344392167,88.94410559365643,551.4905101308648,98.59196242639169,0.9991930351088606,0.1356001444431336,8052.034807776935,1375.3147249369306,410.1603094727041,96.49668796689014,0.42282258199997036,0.05119264642219013,0.10989010989010989,0.1978021978021978,0.3076923076923077,0.608374755744421,0.04569326835747256,13.867834750547395,0.5380768670979763,0.38977349492740415
soulfly,ct,303,25,71.8019801980198,21.449203339788607,0.6237623762376238,0.38283828382838286,87.12871287128714,87.02640264026402,0.10231023102310231,2.442244224422442,0.24422442244224424,0.026402640264026403,0.19576719576719576,0.24598930481283424,0.2739273927392739,0.07920792079207921,0.06930693069306931,0.1485148514851485,0.5333333333333333,0.1419141914191419,0.7248677248677249,0.0,1.8613861386138615,0.26732673267326734,0.28052805280528054,0.7656765676567657,0.5478547854785478,0.0,2039.524604333877,129.95647779607074,823.1470848038284,197.69540147175815,1.1184300444896191,0.08341908081239642,8173.608463248047,1186.663783538988,549.3080381837096,122.06811893893492,0.3427297494436606,0.08591039225079816,0.07590759075907591,0.07920792079207921,0.1551155115511551,0.6187184912760029,0.05199797873767254,13.328730593544792,0.5563521935709257,0.37496627375334973
soulfly,t,228,25,70.35087719298245,27.66163373488443,0.6403508771929824,0.31140350877192985,87.2280701754386,97.49122807017544,-10.263157894736842,2.3157894736842106,0.21929824561403508,0.02631578947368421,0.19863013698630136,0.2611464968152866,0.30701754385964913,0.13596491228070176,0.16228070175438597,0.2982456140350877,0.45588235294117646,0.14473684210526316,0.7191780821917808,0.0,1.5614035087719298,0.17543859649122806,0.39473684210526316,0.5614035087719298,0.4298245614035088,0.0,2042.5523541823345,130.3910558841061,590.3589803534555,125.60242887039549,1.0128110502114978,0.09577225030844629,8421.472074142288,1711.115061847694,410.4612026464033,103.09959000909855,0.4103136304760815,0.09240740797293948,0.12280701754385964,0.13157894736842105,0.2543859649122807,0.588927735255031,0.07672322346480892,19.525346113394942,0.6808931532038508,0.5403919017292415
spinx,ct,463,44,76.55075593952483,20.986168364234036,0.6954643628509719,0.4017278617710583,95.32829373650108,89.12742980561555,6.20086393088553,4.976241900647948,0.24190064794816415,0.023758099352051837,0.18944099378881987,0.2924187725631769,0.30669546436285094,0.1447084233261339,0.09287257019438445,0.23758099352051837,0.6090909090909091,0.15766738660907129,0.7950310559006211,0.0,1.857451403887689,0.47516198704103674,0.41252699784017277,0.4470842332613391,0.5226781857451404,0.0,1982.763713191083,166.77657022178425,682.1352332102641,143.3760165396679,0.9521738963295289,0.13051067950692133,8107.546275482011,1368.1209932346173,517.8453630014224,102.96528884760642,0.38898344330174106,0.09837950527737312,0.10151187904967603,0.08639308855291576,0.1879049676025918,0.6154333420527731,0.05167457725432893,12.796032231713806,0.5762872442218138,0.3937073756369605
spinx,t,454,46,65.84361233480176,25.85135238041915,0.566079295154185,0.32819383259911894,82.5330396475771,96.58810572687224,-14.055066079295154,2.9273127753303965,0.1696035242290749,0.015418502202643172,0.22178988326848248,0.29180327868852457,0.32158590308370044,0.08370044052863436,0.0947136563876652,0.17841409691629956,0.4691358024691358,0.13876651982378854,0.8326848249027238,0.0,1.7951541850220265,0.473568281938326,0.31057268722466963,0.5022026431718062,0.5044052863436124,0.004405286343612335,2060.944867795924,160.65373632898047,628.5406611778983,140.23612661624009,1.1296175898931038,0.1462135527941816,8236.211592829482,1514.6103099015734,485.1449380419708,122.43482759071821,0.40498691670798814,0.10291902993522947,0.07268722466960352,0.08370044052863436,0.15638766519823788,0.5905108569994183,0.059044341431745834,17.211200936028774,0.5214572470309754,0.4253905973953877
staehr,ct,141,13,93.97872340425532,23.287259424533076,0.8723404255319149,0.41134751773049644,118.48936170212765,86.18439716312056,32.304964539007095,7.9361702127659575,0.23404255319148937,0.02127659574468085,0.2032520325203252,0.24096385542168675,0.3191489361702128,0.1347517730496454,0.0851063829787234,0.2198581560283688,0.6129032258064516,0.22695035460992907,0.8455284552845529,0.0,2.858156028368794,0.8297872340425532,0.7659574468085106,0.6028368794326241,0.6595744680851063,0.0,1987.4687753233072,104.94340857465748,574.2107286230593,98.11856926144542,0.8926401025724864,0.12235159280551922,8740.614636063794,1349.118160528412,465.5242695414264,54.45838903915456,0.363783238048918,0.07357857027666803,0.1773049645390071,0.07801418439716312,0.2553191489361702,0.5647523356996403,0.050894186624748615,10.216447420815138,0.5986860364594854,0.40401303052105814
staehr,t,117,13,70.34188034188034,26.717315838491018,0.5811965811965812,0.21367521367521367,89.34188034188034,111.94017094017094,-22.5982905982906,5.6923076923076925,0.1794871794871795,0.02564102564102564,0.19117647058823528,0.2391304347826087,0.29914529914529914,0.13675213675213677,0.18803418803418803,0.3247863247863248,0.42105263157894735,0.1282051282051282,0.6176470588235294,0.0,1.7435897435897436,0.1794871794871795,0.5384615384615384,0.5213675213675214,0.49572649572649574,0.008547008547008548,2077.185138378444,140.82060643618127,519.5738710305744,104.7390962588229,1.0099719873329636,0.12902407980673986,7302.80899393097,1291.3389242452045,386.7369950936931,108.24193280832014,0.431525434363222,0.07289868205542631,0.1794871794871795,0.1623931623931624,0.3418803418803419,0.604146063459198,0.04826667078703638,22.09329085795084,0.6055310627839017,0.4861313566095492
starry,ct,110,13,71.46363636363637,28.48655434930751,0.5636363636363636,0.36363636363636365,89.42727272727272,87.06363636363636,2.3636363636363638,4.8545454545454545,0.2545454545454545,0.00909090909090909,0.25806451612903225,0.2,0.2727272727272727,0.08181818181818182,0.12727272727272726,0.20909090909090908,0.391304347826087,0.12727272727272726,0.6290322580645161,0.08064516129032258,1.9727272727272727,0.5272727272727272,0.509090909090909,0.4909090909090909,0.44545454545454544,0.0,2074.646982426884,101.93036859770235,767.1368591974193,195.16497182452954,1.0140583780905228,0.14877480391478878,8657.039123141118,1654.171829615873,510.88667653439586,81.33627829619722,0.31753616040034144,0.07650606777210157,0.13636363636363635,0.10909090909090909,0.24545454545454545,0.6092331396765996,0.054003157977081065,19.31090177739977,0.6426837711908293,0.5086572699531068
starry,t,144,14,83.77083333333333,22.471669504290205,0.7222222222222222,0.3333333333333333,109.02777777777777,93.78472222222223,15.243055555555555,5.208333333333333,0.2152777777777778,0.034722222222222224,0.3076923076923077,0.22916666666666666,0.375,0.09722222222222222,0.125,0.2222222222222222,0.4375,0.2013888888888889,0.7019230769230769,0.009615384615384616,2.263888888888889,0.3680555555555556,0.6319444444444444,0.5902777777777778,0.6736111111111112,0.0,2102.2884091936553,146.80629067094725,541.3657720344829,82.17999524247651,1.0121340970586874,0.15408176931559708,8344.809440038016,1618.1552566098558,356.35035014774326,78.99976353229242,0.3768675085941373,0.09450466637760385,0.10416666666666667,0.10416666666666667,0.20833333333333334,0.5967795000062189,0.062032368089496824,14.867658804900826,0.4747312088371051,0.3094338626160346
stavn,ct,41,4,68.5609756097561,21.425561440929048,0.7804878048780488,0.43902439024390244,107.14634146341463,85.92682926829268,21.21951219512195,1.024390243902439,0.0,0.0,0.34375,0.13043478260869565,0.34146341463414637,0.07317073170731707,0.04878048780487805,0.12195121951219512,0.6,0.21951219512195122,0.03125,0.71875,1.6829268292682926,0.36585365853658536,0.6341463414634146,0.43902439024390244,0.24390243902439024,0.0,2130.3404264543833,46.53435775952482,682.3680777170539,65.31434449195777,0.9881315149691329,0.05419991379779405,8732.454133553656,1404.998498727136,563.9546971790797,71.35238033731622,0.2920091745090261,0.0693662727428481,0.14634146341463414,0.07317073170731707,0.21951219512195122,0.6044779104998563,0.07125388861937373,16.900990094984365,0.6318359060196194,0.5235152100120696
stavn,t,40,4,67.225,21.485881992601573,0.75,0.275,95.125,98.025,-2.9,2.925,0.05,0.0,0.3,0.10344827586206896,0.3,0.05,0.05,0.1,0.5,0.175,0.26666666666666666,0.4666666666666667,2.025,0.2,0.85,0.6,0.375,0.0,2086.545929538266,77.64415790990282,553.8857630058488,100.48572039539336,0.971565718352539,0.11332238217981337,8587.32085685719,901.4801282662162,431.94347067410774,79.64802665254777,0.3432370766064742,0.10758201800199443,0.05,0.075,0.125,0.6030262107330246,0.03990044875848705,13.149778198382894,0.4922552691439673,0.3937773208974114
story,ct,128,11,63.46875,18.747196286590558,0.6875,0.4921875,93.8125,76.0859375,17.7265625,4.6328125,0.078125,0.015625,0.125,0.23076923076923078,0.203125,0.125,0.1015625,0.2265625,0.5517241379310345,0.171875,0.13636363636363635,0.6477272727272727,1.828125,0.3984375,0.546875,0.484375,0.3984375,0.0,2151.436245659914,88.83709248687143,739.1744064519094,69.28270710722286,0.9822822986282134,0.06416540528349492,8545.922845689036,1064.213930902266,556.2194537742454,59.5045933749273,0.24156719758081657,0.044054572505419505,0.09375,0.1328125,0.2265625,0.6079995326661366,0.047428598847111855,13.262715453937817,0.5881575533208844,0.383678188776824
story,t,108,11,51.77777777777778,20.590502302589705,0.6111111111111112,0.35185185185185186,77.19444444444444,89.37037037037037,-12.175925925925926,0.7407407407407407,0.2037037037037037,0.1388888888888889,0.3181818181818182,0.14285714285714285,0.28703703703703703,0.08333333333333333,0.09259259259259259,0.17592592592592593,0.47368421052631576,0.1111111111111111,0.6060606060606061,0.19696969696969696,2.7037037037037037,0.027777777777777776,1.3148148148148149,0.8981481481481481,0.46296296296296297,0.0,2080.7926997537793,139.29944027006098,554.6237154945405,112.86587081985549,1.008622682323162,0.09186773243213053,8776.149248547435,1135.5663944558137,421.26782992361285,84.36195889875486,0.3402349486656287,0.09336447391382281,0.1111111111111111,0.10185185185185185,0.21296296296296297,0.5779601738555928,0.05699726951728436,15.278415454501461,0.5990484077344691,0.4379700293050305
stressarn,ct,147,13,74.19727891156462,23.843031418067962,0.7278911564625851,0.3877551020408163,92.06122448979592,87.23809523809524,4.8231292517006805,4.666666666666667,0.22448979591836735,0.013605442176870748,0.2616822429906542,0.24444444444444444,0.3401360544217687,0.07482993197278912,0.07482993197278912,0.14965986394557823,0.5,0.17687074829931973,0.7757009345794392,0.0,2.020408163265306,0.5102040816326531,0.4897959183673469,0.5238095238095238,0.4965986394557823,0.0,2002.561523747317,167.01358987734034,640.8572014579671,136.8631631874599,0.8831462122761653,0.13686299305888325,8954.033036867362,739.1279776294118,500.3716064540942,70.11721528039493,0.36504793337006564,0.09017955160973612,0.10204081632653061,0.047619047619047616,0.14965986394557823,0.5664765098023803,0.05170589456914957,16.247748491551867,0.6363628179135461,0.3975997090662407
stressarn,t,130,13,61.5,19.85160309700819,0.5846153846153846,0.26153846153846155,77.66923076923077,104.57692307692308,-26.907692307692308,1.0846153846153845,0.2,0.03076923076923077,0.25,0.25,0.33076923076923076,0.1076923076923077,0.12307692307692308,0.23076923076923078,0.4666666666666667,0.13076923076923078,0.7105263157894737,0.0,1.7923076923076924,0.2923076923076923,0.4230769230769231,0.5153846153846153,0.5307692307692308,0.03076923076923077,2065.9743526936454,151.1573762932891,509.9313012377069,116.36850623214632,0.9188199900342425,0.10330498458468933,8188.551515392852,1506.2961067202205,360.9705587402012,91.71921065614318,0.39532061601890023,0.05957981927625686,0.038461538461538464,0.16153846153846155,0.2,0.5809936800624689,0.045302442128641436,16.10657551456511,0.45968660143205825,0.3946109236404629
sunpayus,ct,415,39,77.15180722891566,22.758167281318165,0.7759036144578313,0.5036144578313253,113.77590361445783,70.69397590361446,43.081927710843374,3.527710843373494,0.18795180722891566,0.05060240963855422,0.17701863354037267,0.2524271844660194,0.26265060240963856,0.1686746987951807,0.060240963855421686,0.2289156626506024,0.7368421052631579,0.18795180722891566,0.1956521739130435,0.6335403726708074,2.2,0.4,0.6746987951807228,0.6457831325301204,0.4795180722891566,0.0,2174.4922719340834,124.65121841410578,749.9015995201058,101.10964282629523,0.963847281164647,0.10739908298560288,8198.16405473011,1195.9011423665568,601.0957855703776,86.1075402979563,0.24112484049390176,0.07341457881766932,0.1566265060240964,0.07951807228915662,0.236144578313253,0.6336748409201577,0.049554370826142606,13.020285616204719,0.5951500823059103,0.45173038876873967
sunpayus,t,429,38,59.92074592074592,22.3345488513228,0.5594405594405595,0.3473193473193473,85.96969696969697,91.17016317016316,-5.200466200466201,1.979020979020979,0.18181818181818182,0.06060606060606061,0.325,0.275,0.3613053613053613,0.06293706293706294,0.08158508158508158,0.1445221445221445,0.43548387096774194,0.10955710955710955,0.36666666666666664,0.3541666666666667,2.8275058275058274,0.07459207459207459,1.3426573426573427,0.9324009324009324,0.45454545454545453,0.023310023310023312,2145.7983969843594,114.20434470110244,529.7305852146324,72.72206303109071,0.9302601864256728,0.07231032634212901,9016.353154409,971.6256812545262,396.044021147421,75.11135866472043,0.3055652626941328,0.059929024931716646,0.0675990675990676,0.08391608391608392,0.15151515151515152,0.591764776952364,0.036300024268674055,14.098991694038258,0.5752989919345997,0.40938662723764324
susp,ct,146,15,67.82191780821918,25.547780639508858,0.6506849315068494,0.4383561643835616,82.36301369863014,83.32191780821918,-0.958904109589041,1.3424657534246576,0.1232876712328767,0.0,0.24210526315789474,0.24390243902439024,0.2945205479452055,0.0684931506849315,0.07534246575342465,0.14383561643835616,0.47619047619047616,0.15753424657534246,0.6631578947368421,0.0,1.7602739726027397,0.5205479452054794,0.2465753424657534,0.5753424657534246,0.4178082191780822,0.0,2094.127707608664,166.34197632236126,927.9522188076974,284.3379207195052,1.1326474351686426,0.18441405997370874,8922.214406494157,982.726263154491,598.397979215173,161.55329238320027,0.31841800428068906,0.11419989013590373,0.08904109589041095,0.06164383561643835,0.1506849315068493,0.5724854991565308,0.045786367723918905,10.86109592951843,0.6599640325000783,0.44148683294990165
susp,t,155,15,66.29032258064517,22.76862008676879,0.49032258064516127,0.2129032258064516,82.06451612903226,112.01935483870967,-29.954838709677418,4.148387096774194,0.21935483870967742,0.0,0.3026315789473684,0.3360655737704918,0.4129032258064516,0.06451612903225806,0.15483870967741936,0.21935483870967742,0.29411764705882354,0.13548387096774195,0.8157894736842105,0.0,1.7096774193548387,0.3870967741935484,0.3096774193548387,0.5612903225806452,0.45161290322580644,0.0,2063.7748961542634,114.73502075347564,602.3417787842975,205.48520454076754,1.0732956336015265,0.18137155935625324,8384.458931332165,1505.4739375100291,463.19556541204213,154.64269622775538,0.4031552910018222,0.08274338805054882,0.07741935483870968,0.13548387096774195,0.2129032258064516,0.5929697307618225,0.050022624003826656,11.10793560369464,0.47336766584275863,0.34729458663331514
swisher,ct,237,23,79.40084388185655,20.615153854442518,0.6919831223628692,0.3755274261603376,94.62869198312237,93.51476793248945,1.1139240506329113,9.227848101265822,0.3037974683544304,0.0379746835443038,0.1951219512195122,0.22972972972972974,0.27848101265822783,0.11392405063291139,0.08016877637130802,0.1940928270042194,0.5869565217391305,0.1518987341772152,0.7621951219512195,0.0,3.109704641350211,0.7763713080168776,0.7848101265822784,0.7932489451476793,0.7510548523206751,0.004219409282700422,2057.4954889247783,193.19507769593392,773.4340329927502,119.35043949845789,0.9800677063119583,0.08664619999840713,10068.757413698455,1163.8062543330634,508.8345033093757,62.66031458511146,0.3615901569657416,0.0867092101472306,0.10126582278481013,0.06751054852320675,0.16877637130801687,0.5553686623253162,0.03967883732935229,14.238789574830431,0.4897801894801069,0.355360545600925
swisher,t,247,24,70.25101214574899,20.82809671286768,0.5910931174089069,0.22267206477732793,86.61943319838056,109.52631578947368,-22.90688259109312,8.991902834008098,0.22672064777327935,0.020242914979757085,0.3561643835616438,0.2708333333333333,0.42105263157894735,0.10931174089068826,0.12550607287449392,0.23481781376518218,0.46551724137931033,0.13765182186234817,0.7465753424657534,0.00684931506849315,2.54251012145749,0.46153846153846156,0.6639676113360324,0.6153846153846154,0.7894736842105263,0.012145748987854251,2095.22374970842,93.58645808573849,585.0042722983721,99.4773940300502,1.047460650816154,0.10882752390820732,9036.40016977055,1228.8914690293511,406.11611074263845,111.22330688358046,0.3881094504600746,0.06882612921538418,0.09716599190283401,0.13360323886639677,0.23076923076923078,0.5834780840475012,0.04694709719929148,17.950066470341906,0.5351208534063537,0.36656813357674867
tabsen,ct,172,16,80.05813953488372,18.081679810073485,0.6744186046511628,0.45930232558139533,95.02906976744185,76.51744186046511,18.511627906976745,7.482558139534884,0.29651162790697677,0.040697674418604654,0.2413793103448276,0.3548387096774194,0.3546511627906977,0.08139534883720931,0.11627906976744186,0.19767441860465115,0.4117647058823529,0.16279069767441862,0.7155172413793104,0.017241379310344827,2.5348837209302326,0.627906976744186,0.5406976744186046,0.7209302325581395,0.6453488372093024,0.0,2122.5486028903674,119.00654519338528,766.2906570973241,163.40997176865878,1.0356145025824042,0.12402093458756203,8565.656646253641,1754.8677799617317,526.998206259003,102.98456528461239,0.30514180316836276,0.054440295733423696,0.08139534883720931,0.10465116279069768,0.18604651162790697,0.5820741238362156,0.05108584858672282,10.302183571481441,0.4894087046952864,0.3165962942113994
tabsen,t,173,17,60.4393063583815,18.944738997906573,0.4624277456647399,0.17341040462427745,72.76878612716763,113.79190751445087,-41.02312138728324,3.6300578034682083,0.26011560693641617,0.023121387283236993,0.275,0.2937062937062937,0.3699421965317919,0.06358381502890173,0.1907514450867052,0.2543352601156069,0.25,0.09826589595375723,0.7625,0.0,2.184971098265896,0.20809248554913296,0.6705202312138728,0.8208092485549133,0.4797687861271676,0.005780346820809248,2113.9004959779086,129.35848671521424,484.05544582600004,91.44846732753672,0.9526073149445973,0.08320058357321529,7467.748591560236,1309.6948045830559,355.904980951069,72.69579793861631,0.38660911572287954,0.0821944930936438,0.09248554913294797,0.17341040462427745,0.2658959537572254,0.6151182084464495,0.05630782872669458,14.789919893668547,0.47456651974321795,0.3908506111366407
tauson,ct,299,31,70.07357859531773,27.23328255305985,0.6354515050167224,0.40468227424749165,86.46822742474916,82.38795986622074,4.080267558528428,3.277591973244147,0.20735785953177258,0.020066889632107024,0.20526315789473684,0.2303370786516854,0.26755852842809363,0.06020066889632107,0.05351170568561873,0.11371237458193979,0.5294117647058824,0.1705685618729097,0.6947368421052632,0.0,2.130434782608696,0.5418060200668896,0.3010033444816054,0.705685618729097,0.5819397993311036,0.0,2130.882641291332,178.9144585439916,803.1441006135775,281.51689997933477,1.0649956362508073,0.20523753405376027,8837.683686193077,1368.5606768807954,565.4206736615638,155.30889370659366,0.3238746330927784,0.09674390149776203,0.056856187290969896,0.033444816053511704,0.0903010033444816,0.5757707370874303,0.06417283563794345,22.511247280026065,0.6488707831700801,0.5093123965492199
tauson,t,327,32,69.52905198776759,24.848896003212374,0.6513761467889908,0.2996941896024465,89.25688073394495,100.74923547400611,-11.492354740061161,6.770642201834862,0.22324159021406728,0.024464831804281346,0.3004694835680751,0.31004366812227074,0.41284403669724773,0.0581039755351682,0.11926605504587157,0.17737003058103976,0.3275862068965517,0.1559633027522936,0.7276995305164319,0.014084507042253521,1.8318042813455657,0.3302752293577982,0.363914373088685,0.5168195718654435,0.6146788990825688,0.0061162079510703364,2041.2580039901068,112.51145814809675,513.1071755453677,120.24976470487614,0.9449700954765377,0.10076628309013519,8269.859439079692,1325.9910699181378,342.8415358462366,94.49737857530029,0.4183392170108164,0.07446375188008178,0.04892966360856269,0.1437308868501529,0.1926605504587156,0.5953021785447022,0.04893618409789579,15.963914706271348,0.5720847871773799,0.43086405723260907
techno4k,ct,418,36,71.20813397129187,32.445395615148804,0.6674641148325359,0.4090909090909091,87.62679425837321,84.83253588516746,2.7942583732057416,6.473684210526316,0.215311004784689,0.02631578947368421,0.1863799283154122,0.24696356275303644,0.2703349282296651,0.09090909090909091,0.06220095693779904,0.15311004784688995,0.59375,0.1674641148325359,0.7060931899641577,0.0035842293906810036,2.11244019138756,0.5023923444976076,0.4138755980861244,0.5933014354066986,0.6028708133971292,0.0,2047.5263844696533,166.17786432735616,785.6580206249633,216.33848673385265,0.9901069892455244,0.14692835166669313,9488.355955294237,1550.0472460250387,547.1409868286103,101.92557034575283,0.3622281422594716,0.10355310455395574,0.06220095693779904,0.05980861244019139,0.12200956937799043,0.544138328519263,0.04888616867079094,15.340505222699703,0.737268757503047,0.48853158591313695
techno4k,t,428,36,57.4696261682243,17.059761461612634,0.4742990654205608,0.26401869158878505,69.6144859813084,101.19626168224299,-31.58177570093458,3.22196261682243,0.20093457943925233,0.035046728971962614,0.33497536945812806,0.2698412698412698,0.3574766355140187,0.05841121495327103,0.15654205607476634,0.21495327102803738,0.2717391304347826,0.10981308411214953,0.6995073891625616,0.0049261083743842365,2.088785046728972,0.32242990654205606,0.6191588785046729,0.5981308411214953,0.5350467289719626,0.014018691588785047,2065.285243817738,139.8583793455302,591.2545050502052,90.98788281570371,1.030642042085635,0.08861049827943233,8964.059703543664,1398.4551754233228,423.638496390011,75.79982389017586,0.3963024851774674,0.09066937809386849,0.04906542056074766,0.16121495327102803,0.2102803738317757,0.5639421890080549,0.0552862659244863,14.620298215038908,0.42632614526462365,0.3560646869734019
tenzy,ct,187,17,80.80213903743315,33.52389761532808,0.7807486631016043,0.39037433155080214,103.58823529411765,91.36363636363636,12.224598930481283,4.732620320855615,0.22459893048128343,0.0106951871657754,0.273972602739726,0.2807017543859649,0.3850267379679144,0.0962566844919786,0.06951871657754011,0.1657754010695187,0.5806451612903226,0.18716577540106952,0.8082191780821918,0.0,1.9572192513368984,0.36363636363636365,0.4919786096256685,0.5721925133689839,0.5294117647058824,0.0,2036.1351110006547,129.84993991252554,808.8708162847468,142.70385124208153,1.0264679009850095,0.10560189547462123,9162.74459297061,1301.1495180216393,536.672842898844,72.93173174074393,0.35737270860220716,0.05165045521959624,0.10695187165775401,0.08021390374331551,0.18716577540106952,0.5689338528022907,0.04056729434335182,15.857022341779842,0.7787639978105808,0.553582485957435
tenzy,t,220,18,63.027272727272724,20.98207459357382,0.5636363636363636,0.2,81.70454545454545,108.2,-26.495454545454546,2.827272727272727,0.16363636363636364,0.022727272727272728,0.25806451612903225,0.24431818181818182,0.3409090909090909,0.09090909090909091,0.16363636363636364,0.2545454545454545,0.35714285714285715,0.12727272727272726,0.8145161290322581,0.0,1.6090909090909091,0.23636363636363636,0.35,0.5681818181818182,0.45454545454545453,0.0,2040.1562860229321,122.58822959368565,686.9205627356773,144.1640393756546,1.066358960246331,0.17507793932343632,8489.608541059115,1368.144469147104,543.0946119467117,131.12454037903092,0.402292710954805,0.08797808893352818,0.07272727272727272,0.1318181818181818,0.20454545454545456,0.6063096620709856,0.04712452657130412,16.33926756923141,0.53216862981653,0.40038907227435283
teses,ct,603,52,72.71310116086235,20.416178257151284,0.6766169154228856,0.40298507462686567,93.25041459369818,89.3101160862355,3.9402985074626864,3.684908789386401,0.21061359867330018,0.026533996683250415,0.23529411764705882,0.25,0.30845771144278605,0.0779436152570481,0.0779436152570481,0.1558872305140962,0.5,0.17081260364842454,0.7254901960784313,0.004901960784313725,2.472636815920398,0.5190713101160862,0.46766169154228854,0.8225538971807629,0.6633499170812603,0.0,2047.394372889067,168.47775634805708,886.3528661767197,226.97149899227514,1.1071681935733022,0.15921159374027835,8651.148384475055,1166.5562478329568,580.35675239329,134.79378029288335,0.3501008030498897,0.0821532668356093,0.06799336650082918,0.07628524046434494,0.14427860696517414,0.5901190129193632,0.04461312818103528,12.376579319312318,0.48374351308633384,0.33157000430062306
teses,t,571,51,63.64798598949212,23.290787361921367,0.5709281961471103,0.3257443082311734,83.87565674255691,96.94220665499124,-13.066549912434326,2.924693520140105,0.18388791593695272,0.024518388791593695,0.34355828220858897,0.2597402597402597,0.3712784588441331,0.06654991243432574,0.09281961471103327,0.159369527145359,0.4175824175824176,0.12259194395796848,0.754601226993865,0.006134969325153374,2.330998248686515,0.2469352014010508,0.8038528896672504,0.7740805604203153,0.5061295971978984,0.0,2074.1573151214884,110.5155865349705,652.7724004801946,112.26533678953736,1.07291558298611,0.10172613060051178,8818.076141699272,1502.7371172618907,468.4664090707643,95.14091400327973,0.3950672050160014,0.07532641481774924,0.07355516637478109,0.0840630472854641,0.15761821366024517,0.580434323186445,0.05723495828124919,14.91996293819567,0.5309579878211909,0.3842318791778064
th0r,ct,53,6,83.33962264150944,24.032232074319527,0.7735849056603774,0.3584905660377358,114.88679245283019,90.37735849056604,24.50943396226415,3.3207547169811322,0.16981132075471697,0.03773584905660377,0.21951219512195122,0.14705882352941177,0.2641509433962264,0.20754716981132076,0.0,0.20754716981132076,1.0,0.18867924528301888,0.1951219512195122,0.5609756097560976,1.8867924528301887,0.32075471698113206,0.8113207547169812,0.5660377358490566,0.18867924528301888,0.0,2170.6632357658655,76.99919433328768,726.2741258971876,98.52085383882836,1.0084956764378104,0.1223591143107208,9336.6913095117,308.8823009839333,511.19746491490713,75.13315259005238,0.30102198150387216,0.07084796874480448,0.16981132075471697,0.05660377358490566,0.22641509433962265,0.5898425954709308,0.013323228412093902,6.7956549638284045,0.5061793222070368,0.33915442863382045
th0r,t,52,6,34.78846153846154,10.406477123950468,0.2692307692307692,0.1346153846153846,42.21153846153846,111.28846153846153,-69.07692307692308,1.8076923076923077,0.1346153846153846,0.07692307692307693,0.35714285714285715,0.1111111111111111,0.19230769230769232,0.019230769230769232,0.11538461538461539,0.1346153846153846,0.14285714285714285,0.019230769230769232,0.5,0.14285714285714285,1.4230769230769231,0.057692307692307696,0.8076923076923077,0.36538461538461536,0.19230769230769232,0.0,2157.0304028543733,224.14304892070774,478.35005335430185,125.60692916478419,1.003673704671465,0.09514010907868276,7143.03273842943,1171.9968345807902,372.95203010966486,112.28182312925509,0.3346746870832161,0.09946905206997438,0.057692307692307696,0.11538461538461539,0.17307692307692307,0.6068647787689756,0.04592702235774627,14.224827984614967,0.18243092927473661,0.21275843502882213
tjp,ct,46,5,66.95652173913044,18.69976780410115,0.6086956521739131,0.391304347826087,86.0,87.5,-1.5,3.5,0.2391304347826087,0.06521739130434782,0.32142857142857145,0.32142857142857145,0.391304347826087,0.06521739130434782,0.043478260869565216,0.10869565217391304,0.6,0.15217391304347827,0.8571428571428571,0.0,2.630434782608696,0.6521739130434783,0.8478260869565217,0.6086956521739131,0.5217391304347826,0.0,2213.5960392928782,223.7675623537381,981.0387508935278,154.5662451920185,1.10475954726704,0.13155376814603784,9203.977500505325,902.1268446224262,566.1046078719738,121.11305292566271,0.3061128458918088,0.08667799928534638,0.08695652173913043,0.021739130434782608,0.10869565217391304,0.6009966164053716,0.03840872642103121,5.52762779350029,0.5025979348969889,0.23655523178568907
tjp,t,56,5,61.142857142857146,37.71373190204851,0.48214285714285715,0.16071428571428573,74.51785714285714,112.875,-38.357142857142854,2.5892857142857144,0.16071428571428573,0.017857142857142856,0.4444444444444444,0.3191489361702128,0.48214285714285715,0.05357142857142857,0.16071428571428573,0.21428571428571427,0.25,0.125,0.6296296296296297,0.0,1.9642857142857142,0.3392857142857143,0.5535714285714286,0.375,0.6785714285714286,0.017857142857142856,2121.038857561765,148.51230184825675,522.7836309217213,62.86261183564639,1.0000708326904169,0.10657965646248165,7333.486458834533,1343.1292228321538,321.7853781176551,56.706156610773704,0.376205745693705,0.055791631820675286,0.07142857142857142,0.16071428571428573,0.23214285714285715,0.6219603479194449,0.051869604788134814,25.484255510247202,0.7648698118514238,0.6528025207040938
tn1r,ct,364,33,77.17307692307692,29.742171943451382,0.7225274725274725,0.4065934065934066,95.87912087912088,84.89010989010988,10.989010989010989,3.8241758241758244,0.22252747252747251,0.02197802197802198,0.20912547528517111,0.32407407407407407,0.3434065934065934,0.12637362637362637,0.09065934065934066,0.21703296703296704,0.5822784810126582,0.17857142857142858,0.7756653992395437,0.0038022813688212928,2.6565934065934065,0.49725274725274726,0.695054945054945,0.7225274725274725,0.7417582417582418,0.0,2005.023898345309,127.0628694315525,808.2191524693835,196.01803427532298,1.0603995157371846,0.13098251552090553,8234.949570865454,1146.7140965358865,587.6424049142103,121.99482730636716,0.3270831795867513,0.08883298588347777,0.11538461538461539,0.07142857142857142,0.18681318681318682,0.5918138460554238,0.04847668064014933,13.53176672061847,0.6735483460088837,0.46043202326881827
tn1r,t,367,33,65.6267029972752,25.483892119360327,0.5967302452316077,0.34332425068119893,83.26158038147139,92.42234332425068,-9.160762942779291,4.26158038147139,0.1880108991825613,0.02452316076294278,0.273972602739726,0.29045643153526973,0.3542234332425068,0.08991825613079019,0.1362397820163488,0.22615803814713897,0.39759036144578314,0.1362397820163488,0.8264840182648402,0.0,2.1716621253405997,0.3133514986376022,0.7084468664850136,0.5340599455040872,0.6130790190735694,0.0027247956403269754,2035.0944405132625,113.1915763385336,632.3325970115595,105.46311574927161,1.0215040108684998,0.10132622256769246,9133.13850880873,1112.2216759896269,460.9097615352264,85.08084114539231,0.3928585247038135,0.08287885456146543,0.09264305177111716,0.09809264305177112,0.1907356948228883,0.5660052859444488,0.046139208095626896,15.183235729227416,0.5820512548270592,0.43618965864328824
torzsi,ct,463,44,78.85313174946005,25.292582768306463,0.816414686825054,0.49892008639308855,120.45788336933046,75.53995680345572,44.91792656587473,3.9287257019438444,0.15766738660907129,0.04103671706263499,0.18518518518518517,0.24568965517241378,0.27429805615550756,0.14254859611231102,0.07127429805615551,0.21382289416846653,0.6666666666666666,0.2159827213822894,0.21164021164021163,0.5502645502645502,1.8336933045356372,0.3693304535637149,0.44924406047516197,0.5572354211663066,0.45788336933045354,0.0,2106.40608916881,102.5634994892911,701.0935419834725,95.51100879581678,0.988219724219056,0.09218042986592022,8563.148810737079,1194.751622305255,552.6950254020918,64.17407883036233,0.28557073950078177,0.06869896602613883,0.12742980561555076,0.10583153347732181,0.23326133909287258,0.6160368747340133,0.044884155000280375,13.039613596333481,0.6392469574347608,0.44054256372480166
torzsi,t,454,46,57.16079295154185,18.876041997586913,0.5638766519823789,0.3788546255506608,83.15418502202643,91.82819383259911,-8.674008810572687,1.722466960352423,0.19823788546255505,0.10572687224669604,0.37890625,0.22695035460992907,0.35462555066079293,0.046255506607929514,0.05726872246696035,0.10352422907488987,0.44680851063829785,0.1277533039647577,0.359375,0.40234375,2.092511013215859,0.05506607929515418,1.0220264317180616,0.6057268722466961,0.40748898678414097,0.0022026431718061676,2072.102711876713,142.00193095385106,483.35972754972727,86.63860819500549,0.9184104217856369,0.08304371444479541,8646.528934220498,1196.6034667863314,363.40762613192663,82.23351815617588,0.3642400209458482,0.0913980644337129,0.09251101321585903,0.05066079295154185,0.14317180616740088,0.5938233624552969,0.042577549843127394,13.953033552141427,0.45077456892665996,0.3277528301814944
try,ct,56,5,78.60714285714286,19.63765804210587,0.8035714285714286,0.5714285714285714,122.92857142857143,66.28571428571429,56.642857142857146,2.125,0.16071428571428573,0.0,0.2,0.16666666666666666,0.23214285714285715,0.19642857142857142,0.03571428571428571,0.23214285714285715,0.8461538461538461,0.21428571428571427,0.2,0.6,1.5178571428571428,0.32142857142857145,0.35714285714285715,0.48214285714285715,0.35714285714285715,0.0,2135.328753641685,104.9014990957592,704.5093873263519,107.03818942695266,0.9802578763001929,0.09692464553939961,9169.895599110465,505.26460730162074,535.1731571911126,43.536993746833836,0.2362342642669924,0.08004073409317462,0.10714285714285714,0.07142857142857142,0.17857142857142858,0.5776453493249221,0.029837675330078854,9.182886083655701,0.5020134523870361,0.23431215069132783
try,t,54,6,50.96296296296296,19.33386458046897,0.5185185185185185,0.18518518518518517,68.42592592592592,105.31481481481481,-36.888888888888886,1.8888888888888888,0.1111111111111111,0.037037037037037035,0.4642857142857143,0.18181818181818182,0.3888888888888889,0.05555555555555555,0.1111111111111111,0.16666666666666666,0.3333333333333333,0.1111111111111111,0.35714285714285715,0.32142857142857145,1.4814814814814814,0.037037037037037035,0.7962962962962963,0.46296296296296297,0.18518518518518517,0.0,2058.4569996476707,191.53267559134852,503.478456518712,61.720923638887356,0.926941843133541,0.07151316549624556,8221.121918404533,1121.7195973482503,366.7571170690003,67.6788049743186,0.34225154426134674,0.0869772621038518,0.1111111111111111,0.05555555555555555,0.16666666666666666,0.6069933627336581,0.04194254487236861,12.044157438154876,0.45243053790871945,0.3344677760637813
twistzz,ct,70,6,88.7,19.253015489584413,0.8857142857142857,0.38571428571428573,111.25714285714285,92.74285714285715,18.514285714285716,7.3428571428571425,0.2,0.04285714285714286,0.16129032258064516,0.27906976744186046,0.3142857142857143,0.11428571428571428,0.12857142857142856,0.24285714285714285,0.47058823529411764,0.22857142857142856,0.8064516129032258,0.0,2.8857142857142857,0.5714285714285714,0.9857142857142858,0.7,0.6285714285714286,0.0,2011.1450085645342,82.9464590402493,732.7648996225718,75.31295942803952,1.0592215343015083,0.1446036594901654,8617.907179926251,977.4473134256626,562.8442232394702,95.22114349669121,0.32682865111983816,0.05181438162704432,0.08571428571428572,0.14285714285714285,0.22857142857142856,0.5956107822589648,0.04433694435898757,7.975302011640141,0.5951713353038325,0.3066557413469704
twistzz,t,58,7,66.94827586206897,19.09239356658143,0.5689655172413793,0.1206896551724138,88.79310344827586,121.87931034482759,-33.08620689655172,1.1551724137931034,0.20689655172413793,0.034482758620689655,0.18181818181818182,0.29411764705882354,0.3620689655172414,0.15517241379310345,0.15517241379310345,0.3103448275862069,0.5,0.15517241379310345,0.7272727272727273,0.0,2.396551724137931,0.10344827586206896,0.9827586206896551,0.7241379310344828,0.5862068965517241,0.0,2002.7860439937253,76.66522450604748,546.8147948179611,56.51393176686544,1.0367010561618364,0.12968403404675446,8199.50099969825,1404.8605412302047,415.1089867511872,70.84443184560328,0.42048977980323116,0.03525557243513869,0.1724137931034483,0.1896551724137931,0.3620689655172414,0.5817173100631321,0.06480508729078009,20.924366537583644,0.5636448751379162,0.4138742136181053
ultimate,ct,210,22,76.45714285714286,23.326747292531774,0.7619047619047619,0.44285714285714284,106.87619047619047,77.47619047619048,29.4,1.519047619047619,0.1619047619047619,0.0380952380952381,0.1625,0.2564102564102564,0.26666666666666666,0.1761904761904762,0.07142857142857142,0.24761904761904763,0.7115384615384616,0.17142857142857143,0.225,0.55625,1.4952380952380953,0.38095238095238093,0.3476190476190476,0.44761904761904764,0.319047619047619,0.0,2103.651042132124,92.98585932085885,725.2735400036237,126.99090524931073,1.0053062966264967,0.11917897172907825,7654.538060113125,1222.6308369429532,552.9760062216139,72.30847620628596,0.29211565906633485,0.0751373662442791,0.1619047619047619,0.1,0.2619047619047619,0.6385241664047135,0.04870296649546375,14.437326790821595,0.6105069063866725,0.4274059684470252
ultimate,t,231,21,54.94805194805195,18.89207758816599,0.5281385281385281,0.2987012987012987,83.74458874458874,99.23376623376623,-15.48917748917749,2.324675324675325,0.16883116883116883,0.07792207792207792,0.3360655737704918,0.13580246913580246,0.2727272727272727,0.025974025974025976,0.08225108225108226,0.10822510822510822,0.24,0.11255411255411256,0.4098360655737705,0.3360655737704918,1.9653679653679654,0.06060606060606061,0.8874458874458875,0.6536796536796536,0.36363636363636365,0.0,2111.292585477461,120.22392399124416,483.01186683365586,57.72115105784467,0.9273010334904025,0.09266351789962335,8070.099224804944,1503.1987530009562,359.85062199253207,51.88059546803978,0.32453806488729,0.05954927303867038,0.03896103896103896,0.08225108225108226,0.12121212121212122,0.5993873379567869,0.04693069695397534,12.864683607895442,0.4072099214980078,0.2893843733546941
v$m,ct,282,30,73.43617021276596,27.057648995694063,0.6028368794326241,0.3546099290780142,91.79078014184397,89.92198581560284,1.8687943262411348,4.152482269503546,0.2375886524822695,0.0070921985815602835,0.10588235294117647,0.2692307692307692,0.2375886524822695,0.07446808510638298,0.11702127659574468,0.19148936170212766,0.3888888888888889,0.14893617021276595,0.7529411764705882,0.011764705882352941,2.3049645390070923,0.41134751773049644,0.5460992907801419,0.7269503546099291,0.6205673758865248,0.0,2095.4976291455073,146.43879171402176,808.9059534903116,165.6761410220876,1.0863489010394833,0.0992172106939124,8287.8649699011,1289.611043094182,576.2707263808693,126.43043135187365,0.3385846818050431,0.08715012465738982,0.12056737588652482,0.06028368794326241,0.18085106382978725,0.6065884686380213,0.05743394147515913,13.597360299954442,0.6092887395339986,0.46401775932823824
v$m,t,270,27,57.17407407407408,19.60890176825761,0.5074074074074074,0.22592592592592592,71.33333333333333,103.41851851851852,-32.08518518518518,2.1222222222222222,0.14814814814814814,0.011111111111111112,0.291970802919708,0.24401913875598086,0.337037037037037,0.07777777777777778,0.13703703703703704,0.21481481481481482,0.3620689655172414,0.1259259259259259,0.7445255474452555,0.0,1.7444444444444445,0.12962962962962962,0.5814814814814815,0.44814814814814813,0.5814814814814815,0.003703703703703704,1956.5070406013604,101.66031544904675,505.3487949805251,123.49298043429745,0.9237561896615288,0.09587619855568917,8624.631980417735,865.6946426214608,379.90325721448517,94.34425096781277,0.4252112470501792,0.10175585334926306,0.07777777777777778,0.12222222222222222,0.2,0.5865054503458513,0.03362846290235982,17.358342732622052,0.45379758522559555,0.37624823794804996
venomzera,ct,198,21,84.6969696969697,30.807727533644666,0.8636363636363636,0.4292929292929293,107.54545454545455,87.34343434343434,20.2020202020202,2.8282828282828283,0.24242424242424243,0.020202020202020204,0.15789473684210525,0.3805309734513274,0.35353535353535354,0.16161616161616163,0.05555555555555555,0.21717171717171718,0.7441860465116279,0.20707070707070707,0.8245614035087719,0.0,1.8585858585858586,0.3434343434343434,0.45454545454545453,0.5959595959595959,0.46464646464646464,0.0,2021.7020591363637,187.7249327793227,634.9900204719219,136.82625294046773,0.8982411813844605,0.13549169641163455,9292.183205377265,1377.8683692377438,454.5034300582142,53.926839652290155,0.3761262343756651,0.08427086318419807,0.11616161616161616,0.06565656565656566,0.18181818181818182,0.5386051347204244,0.05950332544073705,14.44732007016898,0.7351326469532711,0.5001918183484909
venomzera,t,210,22,62.06666666666667,26.42544788361501,0.49523809523809526,0.16666666666666666,77.94285714285714,112.86190476190477,-34.91904761904762,2.6904761904761907,0.20952380952380953,0.014285714285714285,0.375,0.3314285714285714,0.46190476190476193,0.08095238095238096,0.18095238095238095,0.2619047619047619,0.3090909090909091,0.10952380952380952,0.6826923076923077,0.0,1.3952380952380952,0.14285714285714285,0.3380952380952381,0.44761904761904764,0.45714285714285713,0.009523809523809525,2051.5238767134265,128.10234824343368,547.805850994184,141.28683239853964,0.993990083998483,0.11231256296650467,7667.993062610615,1372.9930244556078,350.60051321623183,77.8505891223086,0.43091204405987377,0.08842285825632389,0.06666666666666667,0.1523809523809524,0.21904761904761905,0.598099704945955,0.057347590360134724,18.945568978908586,0.5709305687535481,0.4170449095849412
vexite,ct,128,11,88.875,23.587550108544686,0.7890625,0.421875,111.8046875,85.6015625,26.203125,8.09375,0.234375,0.015625,0.2376237623762376,0.28378378378378377,0.3515625,0.140625,0.1015625,0.2421875,0.5806451612903226,0.21875,0.7722772277227723,0.0,2.625,0.59375,0.46875,0.8359375,0.71875,0.0078125,1999.5362526341837,176.59314939420082,751.090744662696,149.58465766912067,0.9775751495780712,0.12085004780101724,8099.148101076895,1468.970443167514,484.70723434891227,97.69694958966026,0.39949517736207385,0.08841768793213808,0.1328125,0.1328125,0.265625,0.6017264889373729,0.06736333664765368,12.803344613263558,0.5642773987237172,0.40414649886107107
vexite,t,108,11,74.27777777777777,33.96136840664152,0.6574074074074074,0.25925925925925924,92.98148148148148,112.31481481481481,-19.333333333333332,6.074074074074074,0.23148148148148148,0.018518518518518517,0.22535211267605634,0.275,0.35185185185185186,0.09259259259259259,0.1574074074074074,0.25,0.37037037037037035,0.18518518518518517,0.676056338028169,0.0,2.2037037037037037,0.42592592592592593,0.5185185185185185,0.6111111111111112,0.6481481481481481,0.0,1957.419837227583,111.94028829949839,525.6579516912556,80.96953879799847,0.9412430853172586,0.07492032612494348,7565.293170176881,1186.4086902763343,329.69138080501733,51.948767590666066,0.41793945440111024,0.0705207670709751,0.08333333333333333,0.14814814814814814,0.23148148148148148,0.6327206053738237,0.047691354432753096,17.78251199590199,0.7091321516243566,0.5408342990435886
w0nderful,ct,344,30,79.95348837209302,26.64986793984617,0.8517441860465116,0.49127906976744184,123.0203488372093,74.38372093023256,48.63662790697674,3.505813953488372,0.15988372093023256,0.03488372093023256,0.22525597269624573,0.3142857142857143,0.35174418604651164,0.17732558139534885,0.061046511627906974,0.23837209302325582,0.7439024390243902,0.23546511627906977,0.3037542662116041,0.49829351535836175,1.7180232558139534,0.29941860465116277,0.5319767441860465,0.5290697674418605,0.35755813953488375,0.0,2134.473558161898,112.68790104531632,754.2674426463192,107.49809808903748,1.0008715526798748,0.09663476177996913,8952.353652553044,1024.1846240339364,537.3219909821631,67.7291034513802,0.2683471649908885,0.04683341677638537,0.15406976744186046,0.0755813953488372,0.22965116279069767,0.5809463083687626,0.04184494654006345,10.323950435695162,0.6343112135831316,0.416215704621546
w0nderful,t,284,30,69.78169014084507,24.0692841640714,0.7147887323943662,0.3626760563380282,105.5,88.88732394366197,16.612676056338028,1.8591549295774648,0.18309859154929578,0.05985915492957746,0.37438423645320196,0.19889502762430938,0.39436619718309857,0.08098591549295775,0.07394366197183098,0.15492957746478872,0.5227272727272727,0.19014084507042253,0.4433497536945813,0.35467980295566504,2.341549295774648,0.06338028169014084,1.1091549295774648,0.7605633802816901,0.4084507042253521,0.0,2114.0021982395388,120.08210860995958,505.21293416374533,78.54196198681609,0.8944597750195787,0.09143969599220897,9690.138407212686,1276.157429747917,356.2556231125211,59.67447814462854,0.3142343818115934,0.05817506608753085,0.0880281690140845,0.056338028169014086,0.1443661971830986,0.545175287054974,0.0446110484259368,15.339368047169689,0.63730913134669,0.46532938161566234
westmelon,ct,110,13,80.78181818181818,35.22708256709834,0.7,0.35454545454545455,98.51818181818182,91.43636363636364,7.081818181818182,8.736363636363636,0.2818181818181818,0.08181818181818182,0.15584415584415584,0.2676056338028169,0.2818181818181818,0.10909090909090909,0.09090909090909091,0.2,0.5454545454545454,0.19090909090909092,0.7532467532467533,0.0,2.8545454545454545,0.6818181818181818,0.7636363636363637,0.8636363636363636,0.5454545454545454,0.0,2045.0865538001394,119.57961517964398,651.6972445424099,89.99301654482714,0.8872870030110654,0.1109960677795442,8667.868296646617,1394.23243996877,473.5862910272215,73.19997075588118,0.38011077289718875,0.0917408520934298,0.11818181818181818,0.07272727272727272,0.19090909090909092,0.596591784291077,0.05306436062880316,15.767770594845713,0.9233477492882635,0.6731448822820406
westmelon,t,144,14,48.53472222222222,16.623009451266377,0.4027777777777778,0.22916666666666666,57.80555555555556,105.70138888888889,-47.895833333333336,3.2916666666666665,0.2361111111111111,0.05555555555555555,0.3448275862068966,0.2702702702702703,0.3472222222222222,0.04861111111111111,0.1875,0.2361111111111111,0.20588235294117646,0.08333333333333333,0.5862068965517241,0.0,2.5,0.20833333333333334,0.9513888888888888,0.7430555555555556,0.5902777777777778,0.006944444444444444,2064.02382128185,122.10724525385191,500.87999594615735,65.53836046450769,0.9387158266057823,0.06499667036287685,8368.45722091141,1649.7852880512153,343.3394343777666,72.30534142015237,0.38141589824590705,0.06561714413956252,0.0625,0.1527777777777778,0.2152777777777778,0.5980598853766942,0.06071463637135279,18.384484427820315,0.4851491695326627,0.40230262095211855
wicadia,ct,303,25,91.82178217821782,19.789592577453373,0.8778877887788779,0.36633663366336633,116.08250825082509,91.84818481848185,24.234323432343235,3.8415841584158414,0.2079207920792079,0.0231023102310231,0.20676691729323307,0.28125,0.35973597359735976,0.132013201320132,0.0924092409240924,0.22442244224422442,0.5882352941176471,0.23432343234323433,0.7293233082706767,0.03007518796992481,2.1485148514851486,0.5874587458745875,0.33003300330033003,0.6633663366336634,0.5676567656765676,0.0,1951.007646177467,177.40041888362617,720.6421755814681,181.62760201933276,0.9922307711637491,0.11786418401643098,9039.472215697051,1738.4483154764882,540.7403185641065,91.88292206638235,0.4016942238813348,0.12361411276270527,0.11551155115511551,0.09900990099009901,0.2145214521452145,0.5702109652278694,0.05982963059375156,10.024712862154454,0.4546928126408732,0.3252356782860644
wicadia,t,228,25,74.46929824561404,22.178559143376386,0.6842105263157895,0.34649122807017546,92.30263157894737,96.6798245614035,-4.37719298245614,2.807017543859649,0.17543859649122806,0.013157894736842105,0.2692307692307692,0.18791946308724833,0.30701754385964913,0.06578947368421052,0.07456140350877193,0.14035087719298245,0.46875,0.17543859649122806,0.7948717948717948,0.0,1.8596491228070176,0.3815789473684211,0.40789473684210525,0.5745614035087719,0.4956140350877193,0.0,2007.9473960495136,84.87294362733397,588.5121576099543,118.41680978335341,1.0247704741471155,0.11109639672575972,9070.531204130159,1546.7605945350485,456.84087589914157,102.69197652229482,0.39947106938627774,0.08522333565413953,0.08771929824561403,0.08333333333333333,0.17105263157894737,0.5522977613214635,0.06198521646649729,18.080162901228242,0.4800653004206028,0.4217884365594706
woxic,ct,303,25,76.45544554455445,16.827534282340547,0.7227722772277227,0.47854785478547857,116.40924092409242,75.35643564356435,41.052805280528055,2.4719471947194718,0.1419141914191419,0.0231023102310231,0.1643835616438356,0.2088607594936709,0.22772277227722773,0.1551155115511551,0.07920792079207921,0.23432343234323433,0.6619718309859155,0.16501650165016502,0.1278538812785388,0.6575342465753424,1.5577557755775577,0.33993399339933994,0.49504950495049505,0.31353135313531355,0.40594059405940597,0.0033003300330033004,2087.8600912796996,106.75153209554588,688.0368564515317,109.28593184906609,0.9719858853247562,0.09395450851916026,8607.478781772355,1090.659372658164,517.0000582475234,63.66808400892021,0.27366606385687375,0.07859560093843003,0.15841584158415842,0.08250825082508251,0.24092409240924093,0.6148629156411473,0.037472886774218436,11.861461438058354,0.4247787511009201,0.31121585472948565
woxic,t,228,25,58.916666666666664,24.650368278165924,0.5789473684210527,0.39035087719298245,80.82894736842105,88.77631578947368,-7.947368421052632,2.219298245614035,0.15789473684210525,0.07017543859649122,0.2803030303030303,0.2302158273381295,0.3026315789473684,0.07456140350877193,0.06578947368421052,0.14035087719298245,0.53125,0.14035087719298245,0.30303030303030304,0.4393939393939394,2.004385964912281,0.06140350877192982,0.9473684210526315,0.5570175438596491,0.4342105263157895,0.0043859649122807015,2074.765483179289,126.32722664415152,513.2360066605289,101.19087010794898,0.9146617872634554,0.06758657829103015,8803.305534781608,1082.7502908093438,365.87332385022125,68.55652554543433,0.3455665659894312,0.08726646434675085,0.07456140350877193,0.07017543859649122,0.14473684210526316,0.580899419251211,0.04941018298167416,15.669585906302055,0.6873845769269812,0.4997902875521867
x5g7v,ct,85,7,74.10588235294118,10.063908898469384,0.5411764705882353,0.3176470588235294,88.24705882352941,93.51764705882353,-5.270588235294118,4.6,0.4235294117647059,0.08235294117647059,0.1956521739130435,0.22413793103448276,0.25882352941176473,0.07058823529411765,0.09411764705882353,0.16470588235294117,0.42857142857142855,0.09411764705882353,0.7391304347826086,0.0,3.4705882352941178,1.1058823529411765,0.7529411764705882,0.8588235294117647,0.7529411764705882,0.0,2008.0949304043213,105.23815916712982,625.9711633406741,155.06298909210093,0.9005372928011953,0.15479309371643074,11021.252601506178,2735.4019555922155,541.9002449039266,80.52772399595742,0.3399861323885982,0.07736422167613953,0.12941176470588237,0.12941176470588237,0.25882352941176473,0.5359476902026865,0.06977987186283108,5.264467234000709,0.1672618041338069,0.12986007946488862
x5g7v,t,87,7,57.86206896551724,13.837848205205603,0.4942528735632184,0.20689655172413793,70.06896551724138,112.14942528735632,-42.08045977011494,2.7241379310344827,0.20689655172413793,0.034482758620689655,0.3488372093023256,0.15942028985507245,0.2988505747126437,0.05747126436781609,0.13793103448275862,0.19540229885057472,0.29411764705882354,0.10344827586206896,0.6976744186046512,0.0,3.057471264367816,0.21839080459770116,1.206896551724138,0.9310344827586207,0.7011494252873564,0.0,2070.985663616629,91.52601538991924,540.0760607543272,75.13034491772343,1.014682947649087,0.08700997509642712,8771.189952517087,950.0056523891806,429.76816766981227,95.96264672264375,0.35660737375349716,0.0679778972228247,0.09195402298850575,0.13793103448275862,0.22988505747126436,0.5899635295650546,0.03543579225244171,8.92025657208148,0.30469614820426555,0.16470693713021453
xantares,ct,303,25,84.61386138613861,21.719750036207913,0.7425742574257426,0.38613861386138615,104.15841584158416,88.26072607260726,15.897689768976898,7.471947194719472,0.25412541254125415,0.0231023102310231,0.24444444444444444,0.26881720430107525,0.3465346534653465,0.132013201320132,0.08250825082508251,0.2145214521452145,0.6153846153846154,0.18151815181518152,0.8044444444444444,0.022222222222222223,1.8745874587458746,0.5643564356435643,0.3696369636963696,0.47194719471947194,0.46864686468646866,0.0,1979.7379606329869,117.34616259458167,627.1681026758301,88.5473745559672,0.9172503051435602,0.11408244145838664,8955.115129201738,1438.6298770436922,480.66500217570064,75.43557672688311,0.34456467416685377,0.09616220928776607,0.10891089108910891,0.0891089108910891,0.19801980198019803,0.5915519582241796,0.04648128163378363,11.714002185302046,0.5804297503252012,0.35240121307722533
xantares,t,228,25,78.77631578947368,25.93100931719924,0.7192982456140351,0.29385964912280704,98.68859649122807,100.25877192982456,-1.5701754385964912,2.776315789473684,0.17982456140350878,0.013157894736842105,0.2682926829268293,0.2795031055900621,0.39035087719298245,0.17105263157894737,0.12719298245614036,0.2982456140350877,0.5735294117647058,0.17982456140350878,0.8109756097560976,0.0,1.5833333333333333,0.21929824561403508,0.5131578947368421,0.3684210526315789,0.4824561403508772,0.0,1977.6511150474487,84.36552728622418,537.0107164399174,83.66031383760291,0.943815801161202,0.10565308046713419,8786.158942321543,1328.072564075809,371.98496153248396,66.86398316356724,0.40062431774131885,0.06398165838584798,0.14912280701754385,0.13596491228070176,0.2850877192982456,0.5682882034800616,0.0534939309575382,11.021954232435197,0.7164617169952571,0.45396980820939853
xeedo,ct,85,7,74.32941176470588,22.834809977593466,0.7176470588235294,0.4,96.21176470588236,87.2235294117647,8.988235294117647,5.129411764705883,0.2235294117647059,0.058823529411764705,0.16393442622950818,0.27450980392156865,0.2823529411764706,0.15294117647058825,0.058823529411764705,0.21176470588235294,0.7222222222222222,0.1411764705882353,0.6721311475409836,0.0,2.011764705882353,0.4235294117647059,0.4,0.6235294117647059,0.5647058823529412,0.0,2090.0238770235096,175.53013424940178,784.6315976540936,162.9857399497511,1.0948418247439637,0.1793981835959137,10351.876714931173,1952.634300716974,595.1365166333522,135.17938541526073,0.332731199047082,0.09318372354573273,0.08235294117647059,0.09411764705882353,0.17647058823529413,0.5333985609643832,0.053352655372679685,7.466076407241508,0.678749954869824,0.44177967398315
xeedo,t,87,7,60.98850574712644,11.008635834477355,0.5287356321839081,0.1724137931034483,74.5632183908046,114.59770114942529,-40.03448275862069,2.528735632183908,0.1839080459770115,0.04597701149425287,0.2391304347826087,0.2638888888888889,0.3448275862068966,0.11494252873563218,0.1724137931034483,0.28735632183908044,0.4,0.12643678160919541,0.8478260869565217,0.0,2.1264367816091956,0.19540229885057472,0.6551724137931034,0.6896551724137931,0.5862068965517241,0.0,2011.2541738656496,128.28079309640043,543.1585471124458,82.35440100857596,0.9591913960106377,0.08976621869587643,8535.54941988602,725.6001730082106,377.85040991765516,64.786283699596,0.41874173247658114,0.05691804065215122,0.10344827586206896,0.16091954022988506,0.26436781609195403,0.5900154780580851,0.026293978522344538,12.07592972181241,0.3080392001820112,0.2082223485743489
xelex,ct,463,44,71.92224622030237,25.775931190551166,0.6781857451403888,0.42332613390928725,92.53995680345572,81.5658747300216,10.974082073434126,2.974082073434125,0.2203023758099352,0.0367170626349892,0.1942675159235669,0.2696629213483146,0.28725701943844495,0.08423326133909287,0.06479481641468683,0.1490280777537797,0.5652173913043478,0.15982721382289417,0.7388535031847133,0.0031847133757961785,2.0345572354211665,0.4794816414686825,0.43412526997840173,0.5658747300215983,0.5550755939524838,0.0,2012.5328251441786,135.29822783330584,749.8746425765119,266.7347451533995,1.0035934976247967,0.17066871848437914,8501.00224864558,1411.6006735953783,525.3267281226283,122.70052809417152,0.3566386098499055,0.07467292566042612,0.07775377969762419,0.06911447084233262,0.1468682505399568,0.5890587865205131,0.048020973075084065,16.277418488814888,0.5842250287092293,0.42047379549158376
xelex,t,454,46,67.6762114537445,32.74988882615108,0.6475770925110133,0.28634361233480177,88.25550660792952,102.64977973568281,-14.394273127753303,2.394273127753304,0.14096916299559473,0.011013215859030838,0.2653061224489796,0.26851851851851855,0.3634361233480176,0.0947136563876652,0.18061674008810572,0.2753303964757709,0.344,0.14757709251101322,0.7993197278911565,0.006802721088435374,1.422907488986784,0.1696035242290749,0.43612334801762115,0.4185022026431718,0.3964757709251101,0.0022026431718061676,1997.2833242426157,128.3984030960657,505.0019332229737,90.0067435031693,0.9570931183161991,0.13296492758984946,8104.667035244078,1433.079386638572,360.76729436853196,80.31892937109025,0.42977517354760825,0.08131768655705067,0.09030837004405286,0.1894273127753304,0.27973568281938327,0.6019290989474408,0.055522859888948464,18.728679735316753,0.7744147415246456,0.5431326860851217
xerolte,ct,69,9,65.28985507246377,20.62169288155769,0.5362318840579711,0.43478260869565216,83.27536231884058,80.7536231884058,2.5217391304347827,7.521739130434782,0.34782608695652173,0.057971014492753624,0.16216216216216217,0.15384615384615385,0.17391304347826086,0.043478260869565216,0.13043478260869565,0.17391304347826086,0.25,0.08695652173913043,0.8378378378378378,0.0,2.072463768115942,0.5362318840579711,0.5507246376811594,0.391304347826087,0.5942028985507246,0.0,2115.329418621902,210.57308030427097,806.0244837493962,225.5394650163326,1.0515897888510852,0.12934639829300623,8278.234613139988,1260.3362049656876,552.1667893489384,141.71279664906953,0.3428786410972083,0.08797970760682937,0.057971014492753624,0.13043478260869565,0.18840579710144928,0.5910996063389403,0.05344643899749308,20.640638236980404,0.5862110840411155,0.4797834508752817
xerolte,t,105,9,67.61904761904762,22.054001637062598,0.5904761904761905,0.23809523809523808,81.79047619047618,109.11428571428571,-27.323809523809523,4.857142857142857,0.17142857142857143,0.02857142857142857,0.3225806451612903,0.1375,0.29523809523809524,0.047619047619047616,0.0761904761904762,0.12380952380952381,0.38461538461538464,0.1523809523809524,0.6612903225806451,0.0,2.085714285714286,0.23809523809523808,0.7047619047619048,0.6857142857142857,0.44761904761904764,0.009523809523809525,1987.8307579683121,78.42204265522288,582.6617179167632,99.2773699035886,1.0242775277604825,0.08299489071761493,7828.073600606876,1382.1678337535861,427.5433320715311,68.50056401201789,0.4542894782280611,0.07052511075511286,0.047619047619047616,0.047619047619047616,0.09523809523809523,0.6217026986232866,0.0603301819083397,16.468799932641467,0.36270910574498133,0.3961917757509068
xertion,ct,463,44,101.90712742980561,30.269953155660854,0.896328293736501,0.43844492440604754,123.06479481641469,83.93952483801296,39.125269978401725,10.796976241900648,0.2980561555075594,0.02591792656587473,0.17590361445783131,0.26153846153846155,0.3045356371490281,0.18142548596112312,0.08207343412526998,0.2634989200863931,0.6885245901639344,0.23326133909287258,0.8313253012048193,0.0,2.8185745140388767,0.7796976241900648,0.5615550755939525,0.7537796976241901,0.7213822894168467,0.0021598272138228943,2009.8205329525665,152.29307354518028,649.807697004129,160.4795117529749,0.9274044929443123,0.15427184044782974,9240.597328974018,1475.4482682672544,526.3160067198377,100.77453497313583,0.34563115527397514,0.08038922308795393,0.17926565874730022,0.1079913606911447,0.28725701943844495,0.5605745332875375,0.0578270698113065,14.024243320310285,0.7854296765597854,0.5410577657315769
xertion,t,454,46,74.81277533039648,23.359520392158306,0.6343612334801763,0.2841409691629956,92.07929515418502,101.36784140969164,-9.288546255506608,5.138766519823789,0.2488986784140969,0.05726872246696035,0.2604166666666667,0.2676923076923077,0.3568281938325991,0.0881057268722467,0.11894273127753303,0.20704845814977973,0.425531914893617,0.15859030837004406,0.7361111111111112,0.0,3.0220264317180616,0.2488986784140969,0.9118942731277533,1.2621145374449338,0.5969162995594713,0.0022026431718061676,2031.7161751216247,119.3617521035053,547.3975270980724,109.57287823535036,1.024471390198215,0.08767780963889368,8462.382264470862,1269.6329880497385,421.9713529624298,78.25559670198177,0.403349491016107,0.0786919708647484,0.09691629955947137,0.11233480176211454,0.2092511013215859,0.590300288923988,0.0557407767604341,17.447868954194806,0.5918946153298058,0.4468386900151741
xfl0ud,ct,146,15,77.53424657534246,35.72556955606621,0.636986301369863,0.3561643835616438,92.82191780821918,99.08219178082192,-6.260273972602739,12.575342465753424,0.3424657534246575,0.02054794520547945,0.17204301075268819,0.2127659574468085,0.2465753424657534,0.13013698630136986,0.1506849315068493,0.2808219178082192,0.4634146341463415,0.15753424657534246,0.6666666666666666,0.010752688172043012,2.3698630136986303,0.773972602739726,0.4794520547945205,0.5616438356164384,0.5547945205479452,0.0,2046.3288152161344,128.96814168831392,723.4672231594933,130.6318419184575,0.9504392306853976,0.16510064075323802,8703.914564507053,1424.8369955758976,529.990205981794,100.54244246434791,0.3199630962049091,0.06769191539030538,0.1917808219178082,0.14383561643835616,0.3356164383561644,0.6016438662403452,0.048536626957282655,15.921983165933476,0.7256352987111718,0.5332311837736631
xfl0ud,t,155,15,61.774193548387096,22.336341072764935,0.4967741935483871,0.21935483870967742,74.58064516129032,106.96774193548387,-32.38709677419355,3.9612903225806453,0.17419354838709677,0.012903225806451613,0.4025974025974026,0.24793388429752067,0.3935483870967742,0.05161290322580645,0.16774193548387098,0.21935483870967742,0.23529411764705882,0.09032258064516129,0.7272727272727273,0.0,2.1870967741935483,0.2838709677419355,0.7096774193548387,0.5225806451612903,0.6451612903225806,0.025806451612903226,2018.8177561941925,98.48677328522379,506.97202776267574,71.61944875631958,0.9625691642389907,0.14253390155164303,8396.190217632198,1138.82418867015,362.8525834333245,88.75408184032995,0.40934684680730093,0.059750853616183826,0.06451612903225806,0.16774193548387098,0.23225806451612904,0.5925807236070451,0.04171464186191482,18.14558410033548,0.6229366082782094,0.4153316125657311
xielo,ct,245,25,77.71428571428571,28.58203738829197,0.746938775510204,0.37142857142857144,102.75102040816327,92.46530612244898,10.285714285714286,6.677551020408163,0.22857142857142856,0.012244897959183673,0.22950819672131148,0.2662337662337662,0.33877551020408164,0.07346938775510205,0.08571428571428572,0.15918367346938775,0.46153846153846156,0.1836734693877551,0.7431693989071039,0.01092896174863388,2.3346938775510204,0.6489795918367347,0.49387755102040815,0.636734693877551,0.5551020408163265,0.0,2045.4221864951396,155.94012705961316,782.8394729653135,150.8314129675181,1.0088310994893752,0.14370803807133936,9699.172785810617,1540.9676495744416,520.1875216187818,82.69569623239795,0.339785420292173,0.07099877912966879,0.07346938775510205,0.07755102040816327,0.1510204081632653,0.5621192591491018,0.05198098795647977,15.011385056628106,0.7052321604337778,0.4642757505928891
xielo,t,262,23,59.461832061068705,27.80647507856017,0.5572519083969466,0.21374045801526717,77.81297709923665,109.08778625954199,-31.27480916030534,2.8091603053435112,0.10687022900763359,0.003816793893129771,0.2808219178082192,0.2766990291262136,0.37404580152671757,0.09923664122137404,0.25190839694656486,0.3511450381679389,0.2826086956521739,0.10687022900763359,0.7328767123287672,0.00684931506849315,1.5648854961832062,0.1946564885496183,0.37786259541984735,0.48854961832061067,0.5038167938931297,0.0,1999.097454654273,102.10228500248814,574.7701637478829,91.35236563706046,1.0015588838816343,0.12139352973615088,8573.953752559873,1331.999328968922,424.02120663384596,110.02004689592218,0.41980017668499653,0.055844033397937344,0.0916030534351145,0.23282442748091603,0.3244274809160305,0.6094024748740993,0.04965790177523198,15.794904988284166,0.6441386381258107,0.47693288473085127
xkacpersky,ct,41,4,92.7560975609756,12.020352972520321,0.8048780487804879,0.24390243902439024,113.41463414634147,114.36585365853658,-0.9512195121951219,3.341463414634146,0.34146341463414637,0.024390243902439025,0.2727272727272727,0.22580645161290322,0.3902439024390244,0.1951219512195122,0.12195121951219512,0.3170731707317073,0.6153846153846154,0.14634146341463414,0.8484848484848485,0.0,1.975609756097561,0.5853658536585366,0.4146341463414634,0.5121951219512195,0.4634146341463415,0.0,1949.4715362055608,112.83251807663676,652.3314700655043,113.49794296861899,0.9542122362546535,0.03841121005459106,8027.932756399143,634.4920207305987,502.49519543683425,25.958012817440277,0.3925294390068472,0.09794653188344958,0.1951219512195122,0.14634146341463414,0.34146341463414637,0.6095045575464524,0.03319034556541438,9.806778928304752,0.40738839378514335,0.2874017306254521
xkacpersky,t,40,4,60.1,19.488949860540618,0.4,0.2,71.75,104.5,-32.75,3.25,0.2,0.0,0.0625,0.28125,0.25,0.1,0.2,0.3,0.3333333333333333,0.05,0.75,0.0,1.125,0.2,0.1,0.425,0.4,0.0,1957.3261430224243,52.09883696329859,610.88629026956,84.41381388650122,1.0161593210450806,0.07308452936771924,7153.134545097072,859.2964060760864,417.5727366093528,72.30956406697601,0.4809009924807957,0.1180357351779789,0.15,0.225,0.375,0.6559064399542806,0.03322999751365664,14.068285846778421,0.28369702148595094,0.2522600024866407
yekindar,ct,310,29,90.21612903225807,29.47870070328502,0.8064516129032258,0.4,113.11935483870968,87.12903225806451,25.990322580645163,10.425806451612903,0.3032258064516129,0.04516129032258064,0.172,0.26881720430107525,0.3,0.18387096774193548,0.0935483870967742,0.27741935483870966,0.6627906976744186,0.22580645161290322,0.804,0.012,2.6161290322580646,0.5870967741935483,0.6806451612903226,0.7064516129032258,0.6419354838709678,0.0,1992.7997176863498,120.37113730475502,783.1346502684573,142.403566631513,1.0381490035248726,0.157728660078528,9529.724688563252,1094.2414405571312,630.8246863088921,97.14889477863596,0.36373950728926663,0.06312645537292051,0.1774193548387097,0.08709677419354839,0.2645161290322581,0.5586357513290412,0.04590731164305407,11.671980987104916,0.5855643182984762,0.4125069818616711
yekindar,t,296,29,73.86824324324324,24.771286323908058,0.6452702702702703,0.23986486486486486,92.57770270270271,103.32432432432432,-10.746621621621621,4.6858108108108105,0.25,0.04054054054054054,0.17277486910994763,0.28888888888888886,0.3310810810810811,0.15878378378378377,0.1858108108108108,0.34459459459459457,0.46078431372549017,0.17905405405405406,0.7486910994764397,0.005235602094240838,2.1722972972972974,0.22972972972972974,0.8445945945945946,0.5337837837837838,0.5641891891891891,0.0,2060.9613438871124,133.49030762694736,646.073841181826,105.90652354409744,1.0904996213012166,0.10886147846399785,9048.082689750778,1522.7186882172443,481.407737111724,105.96462650325178,0.3991720895143833,0.08194926363121476,0.09797297297297297,0.21621621621621623,0.3141891891891892,0.581565727286279,0.05952684541939725,17.669863776292495,0.5902001375324782,0.45985224047073037
yuurih,ct,310,29,71.30322580645161,25.4460461340764,0.6516129032258065,0.535483870967742,86.65806451612903,70.44193548387096,16.216129032258063,2.6580645161290324,0.1935483870967742,0.03225806451612903,0.24257425742574257,0.3333333333333333,0.31290322580645163,0.04838709677419355,0.06129032258064516,0.10967741935483871,0.4411764705882353,0.16129032258064516,0.7623762376237624,0.0,2.693548387096774,0.5193548387096775,0.6903225806451613,0.8193548387096774,0.6645161290322581,0.0,2049.8236888048277,189.5005629129584,786.018305776802,263.6994703803435,1.0050074162785205,0.17858273988330112,8513.022216747593,1300.5740684651869,545.7795359792907,106.16083708944073,0.32474618085868223,0.0890047176424479,0.07741935483870968,0.06129032258064516,0.13870967741935483,0.6036580610122483,0.052675453097972516,12.728306886343438,0.5739088941112072,0.42011217607379303
yuurih,t,296,29,71.48986486486487,20.44218987894007,0.6351351351351351,0.34797297297297297,88.63175675675676,96.55743243243244,-7.925675675675675,4.256756756756757,0.23310810810810811,0.02364864864864865,0.324468085106383,0.30569948186528495,0.40540540540540543,0.060810810810810814,0.07094594594594594,0.13175675675675674,0.46153846153846156,0.11486486486486487,0.7553191489361702,0.005319148936170213,2.189189189189189,0.375,0.5506756756756757,0.5574324324324325,0.7027027027027027,0.0033783783783783786,2065.485967849785,120.03984660263154,569.927170211339,159.4484428021026,0.9785931488004106,0.1311472356525621,8695.622157569085,1317.3126595761628,433.2198725011864,109.13354868483424,0.3918340550330759,0.07343714436559969,0.07094594594594594,0.07432432432432433,0.14527027027027026,0.5968291643521398,0.042557888764759966,14.559598103935151,0.4929536263856788,0.36422948729904525
yxngstxr,ct,146,15,79.07534246575342,14.865421831141893,0.7808219178082192,0.410958904109589,108.64383561643835,85.61643835616438,23.027397260273972,6.157534246575342,0.2054794520547945,0.03424657534246575,0.2807017543859649,0.19767441860465115,0.3356164383561644,0.1095890410958904,0.0684931506849315,0.1780821917808219,0.6153846153846154,0.21232876712328766,0.3684210526315789,0.35964912280701755,1.5136986301369864,0.3287671232876712,0.4452054794520548,0.4315068493150685,0.3082191780821918,0.0,2083.4539616310294,88.18143656100878,723.0273162333009,115.66849500254843,0.9470910211053355,0.09678796601040435,8194.693615553737,1133.2831127940688,516.4595986021649,77.19059768174277,0.2926409868227515,0.08268806733580754,0.0821917808219178,0.0684931506849315,0.1506849315068493,0.623417263314656,0.05277842716602462,10.610246565355181,0.3680106450988065,0.3046735102998682
yxngstxr,t,155,15,59.27741935483871,17.739487750351845,0.5290322580645161,0.27741935483870966,78.63870967741936,97.34193548387097,-18.703225806451613,1.767741935483871,0.2709677419354839,0.13548387096774195,0.4024390243902439,0.22321428571428573,0.3741935483870968,0.06451612903225806,0.05161290322580645,0.11612903225806452,0.5555555555555556,0.09032258064516129,0.6951219512195121,0.12195121951219512,2.587096774193548,0.05806451612903226,1.2258064516129032,0.9548387096774194,0.34838709677419355,0.0,2071.1980242121954,110.22893680234046,461.9008168481255,105.1970024680729,0.8968160302572603,0.0576994870775886,8701.941025358861,921.6529727296194,342.5944808716874,71.17088767396909,0.37071676953536814,0.09022563264741594,0.05806451612903226,0.05806451612903226,0.11612903225806452,0.583449071922623,0.03731457339197728,11.200619838522297,0.5284366743423007,0.393565771986343
z4kr,ct,110,13,68.37272727272727,30.03567262332776,0.6272727272727273,0.35454545454545455,92.9090909090909,93.41818181818182,-0.509090909090909,0.990909090909091,0.24545454545454545,0.13636363636363635,0.07246376811594203,0.22535211267605634,0.19090909090909092,0.20909090909090908,0.10909090909090909,0.3181818181818182,0.6571428571428571,0.16363636363636364,0.11594202898550725,0.5072463768115942,1.7454545454545454,0.2727272727272727,0.6363636363636364,0.6090909090909091,0.21818181818181817,0.00909090909090909,2177.8874868020202,144.86698796654306,726.8500426074922,105.03975801714697,0.9672780596194059,0.1416654038675147,8280.215112983786,1249.2628100582497,557.5644734175017,87.01594372511352,0.25995094429439336,0.09417351599372364,0.18181818181818182,0.08181818181818182,0.2636363636363636,0.6424676971860609,0.04630426292947947,24.45644166731192,0.9213117714244669,0.6760847993679454
z4kr,t,144,14,59.86805555555556,15.624929040242908,0.5486111111111112,0.3541666666666667,87.92361111111111,94.34722222222223,-6.423611111111111,2.6805555555555554,0.2222222222222222,0.08333333333333333,0.31645569620253167,0.21505376344086022,0.3125,0.06944444444444445,0.04861111111111111,0.11805555555555555,0.5882352941176471,0.10416666666666667,0.31645569620253167,0.4050632911392405,3.1180555555555554,0.10416666666666667,1.6666666666666667,0.9375,0.3680555555555556,0.041666666666666664,2202.1618201836172,125.67223817995784,514.4714105015183,98.02940678243272,0.9585004278873899,0.09385154686154538,9294.679014119884,1361.9575464976401,378.19094072483904,94.06205718954804,0.29971788613726724,0.09653192818283297,0.09722222222222222,0.05555555555555555,0.1527777777777778,0.5769212671233964,0.046951800590790904,14.388123492766406,0.5425797454247644,0.4235434984052997
zero,ct,223,22,79.85650224215247,27.461398297135926,0.6995515695067265,0.38565022421524664,99.96860986547085,88.85650224215247,11.112107623318385,5.7040358744394615,0.19282511210762332,0.02242152466367713,0.1794871794871795,0.27007299270072993,0.2914798206278027,0.1210762331838565,0.06726457399103139,0.18834080717488788,0.6428571428571429,0.17040358744394618,0.6730769230769231,0.0,2.062780269058296,0.3991031390134529,0.3632286995515695,0.672645739910314,0.6278026905829597,0.0,2084.0851080630546,179.84738047399415,747.6997257553015,220.6861232833658,1.0375711440407538,0.16260649267800886,8612.417589952856,1327.4172896828663,487.09732159344776,72.76236563215734,0.35029624731171877,0.09326368233923531,0.11659192825112108,0.07623318385650224,0.19282511210762332,0.577632170324734,0.04126349338702531,12.56802911556567,0.6149783996240374,0.40627099507581554
zero,t,260,23,70.72692307692307,32.02927232320757,0.6230769230769231,0.2653846153846154,85.62307692307692,100.18076923076923,-14.557692307692308,2.8653846153846154,0.19230769230769232,0.011538461538461539,0.30864197530864196,0.3193717277486911,0.4269230769230769,0.04230769230769231,0.15,0.19230769230769232,0.22,0.15384615384615385,0.8148148148148148,0.0,1.4884615384615385,0.21923076923076923,0.25384615384615383,0.5076923076923077,0.5076923076923077,0.0,2070.4575431437506,112.28860947524629,493.64081639876775,129.05452650938014,0.9759087256093205,0.11267805267018106,8158.585614682926,1023.8665671709846,348.60434076113154,109.78050257061089,0.4164115439714336,0.05511866208668259,0.06153846153846154,0.17307692307692307,0.23461538461538461,0.5917680957740942,0.042083012128363226,16.466140432692917,0.6749714300800777,0.5180966567341577
zont1x,ct,364,33,69.05494505494505,21.824303382059398,0.6071428571428571,0.43131868131868134,82.52472527472527,80.34615384615384,2.1785714285714284,9.75,0.24725274725274726,0.03571428571428571,0.21266968325791855,0.2946859903381642,0.2967032967032967,0.09615384615384616,0.07692307692307693,0.17307692307692307,0.5555555555555556,0.1565934065934066,0.755656108597285,0.0,2.4532967032967035,0.5714285714285714,0.5,0.7307692307692307,0.6510989010989011,0.0,2039.6136058486063,145.0928793243941,811.5219095084838,206.93326387585455,1.059044389624327,0.12111983557178044,9853.908084686062,1250.0273914594516,563.435983870302,89.4173899681267,0.325208739378684,0.08361873789902567,0.08516483516483517,0.09065934065934066,0.17582417582417584,0.5522894419246488,0.054987037176337135,12.07121269524962,0.47728311216197544,0.33638948484877207
zont1x,t,367,33,70.22615803814713,26.3258062835679,0.6212534059945504,0.329700272479564,87.22888283378747,92.15803814713897,-4.929155313351498,6.512261580381471,0.24795640326975477,0.03814713896457766,0.24561403508771928,0.32113821138211385,0.3678474114441417,0.07629427792915532,0.1008174386920981,0.1771117166212534,0.4307692307692308,0.1444141689373297,0.7719298245614035,0.0,2.220708446866485,0.444141689373297,0.5694822888283378,0.553133514986376,0.6539509536784741,0.0,2083.003508143784,121.57717855010274,714.1852993926576,93.16374843350509,1.1405220179206623,0.09978349480656312,9428.04481076557,1334.958238396886,536.3007369684209,91.83181884915733,0.36041851995461766,0.07293202945501734,0.06267029972752043,0.08991825613079019,0.15258855585831063,0.559437431841094,0.04302398084483378,15.341290853540878,0.6115584026014428,0.4797635775304724
zorte,ct,369,36,68.23848238482385,23.321595321668717,0.6802168021680217,0.44986449864498645,98.72086720867209,79.1869918699187,19.533875338753386,3.7181571815718155,0.15718157181571815,0.037940379403794036,0.1553784860557769,0.21182266009852216,0.2222222222222222,0.15989159891598917,0.07317073170731707,0.23306233062330622,0.686046511627907,0.15447154471544716,0.23107569721115537,0.5816733067729084,1.7669376693766938,0.36314363143631434,0.5040650406504065,0.5501355013550135,0.34146341463414637,0.008130081300813009,2149.3707668729594,98.3651292789804,716.7942906617802,109.93469659283127,1.0145460778220743,0.10902341687371776,8220.300871908852,1188.4178961914301,559.0104163026009,73.90719116737571,0.24192582889760725,0.06302069253892295,0.11924119241192412,0.10840108401084012,0.22764227642276422,0.6217714408875031,0.0471513586991373,14.162748601738386,0.6135047415329389,0.4316240151870506
zorte,t,367,36,65.94822888283379,22.697629525187246,0.6130790190735694,0.3188010899182561,96.27792915531334,94.8991825613079,1.3787465940054495,1.8528610354223434,0.21525885558583105,0.1008174386920981,0.31555555555555553,0.196,0.32697547683923706,0.06267029972752043,0.05994550408719346,0.1226158038147139,0.5111111111111111,0.13896457765667575,0.3466666666666667,0.4444444444444444,2.119891008174387,0.07901907356948229,0.989100817438692,0.6158038147138964,0.40599455040871935,0.02997275204359673,2089.7147716387394,117.15881144052175,490.02937860015135,90.40114932651227,0.939647142893351,0.08071173700187032,8479.479182569841,1337.149217650864,349.95120819678,77.78952412843036,0.35022993474253905,0.09816210790728953,0.09809264305177112,0.06267029972752043,0.16076294277929154,0.5724407514426586,0.04142675856886344,14.66274703310948,0.5509428156350424,0.41657037092941784
zweih,ct,245,25,66.57142857142857,21.118639454251497,0.6408163265306123,0.3877551020408163,88.71836734693878,86.02857142857142,2.6897959183673468,3.906122448979592,0.15510204081632653,0.0163265306122449,0.25477707006369427,0.2,0.2857142857142857,0.09795918367346938,0.08163265306122448,0.17959183673469387,0.5454545454545454,0.1346938775510204,0.6687898089171974,0.09554140127388536,2.012244897959184,0.37142857142857144,0.4857142857142857,0.6530612244897959,0.5020408163265306,0.0,2127.719937603826,146.44063007575636,918.3372503345141,191.85401893427883,1.1385296714744573,0.1275351052226733,9653.24394121096,1227.7980872271146,626.7919318007235,139.29769477655728,0.28984893379861126,0.08626304042715602,0.11020408163265306,0.053061224489795916,0.16326530612244897,0.575951458502108,0.05143352469274571,12.173463861673623,0.47170306255492095,0.36505501985983724
zweih,t,266,25,63.69924812030075,18.619989464807677,0.5300751879699248,0.29699248120300753,79.56766917293233,97.5187969924812,-17.951127819548873,4.383458646616542,0.20676691729323307,0.03383458646616541,0.28368794326241137,0.2620320855614973,0.33458646616541354,0.05639097744360902,0.06766917293233082,0.12406015037593984,0.45454545454545453,0.13533834586466165,0.8014184397163121,0.0070921985815602835,2.4210526315789473,0.2556390977443609,0.7744360902255639,0.9624060150375939,0.42857142857142855,0.0,2122.833192736302,124.55125359834777,599.5061061017493,151.27016737142773,1.0324435398741996,0.11339067844801262,9511.757408734295,1413.7950526601455,416.5651077153684,125.01215258722404,0.35795562873784703,0.07780029924741523,0.10526315789473684,0.041353383458646614,0.14661654135338345,0.578383857838435,0.04566524122325024,15.321259341446614,0.5055645526708663,0.3767820869286609
zywoo,ct,266,27,95.82706766917293,26.420448094946703,0.9661654135338346,0.48120300751879697,137.1390977443609,74.53007518796993,62.609022556390975,4.30827067669173,0.20676691729323307,0.041353383458646614,0.15953307392996108,0.2536231884057971,0.2857142857142857,0.18045112781954886,0.02631578947368421,0.20676691729323307,0.8727272727272727,0.24060150375939848,0.2490272373540856,0.48638132295719844,2.0225563909774436,0.38721804511278196,0.5902255639097744,0.5864661654135338,0.45864661654135336,0.0,2104.3138868613687,109.36692891083358,723.9917167513416,127.41700139082685,0.9767159603054145,0.09990782871645995,8935.567075374616,1280.5665966145154,547.1486743636874,73.0985441035321,0.24592777295445592,0.07107839777482658,0.15413533834586465,0.04887218045112782,0.20300751879699247,0.5871798770168438,0.046759872959483154,13.849999030119257,0.7515323453242301,0.4884708765931255
zywoo,t,286,27,76.91958041958041,29.440961292988643,0.7272727272727273,0.3986013986013986,112.14335664335664,90.63286713286713,21.51048951048951,0.6468531468531469,0.21678321678321677,0.06993006993006994,0.27403846153846156,0.2616279069767442,0.35664335664335667,0.0979020979020979,0.08391608391608392,0.18181818181818182,0.5384615384615384,0.17832167832167833,0.5,0.27403846153846156,1.9335664335664335,0.1048951048951049,0.9125874125874126,0.5314685314685315,0.38461538461538464,0.0,2099.8766985442594,160.33165843903492,544.7914573433883,109.39784116846303,0.9099678639822276,0.08924140957108447,9620.866613283324,1806.085244890577,394.9035550367009,98.91625826481166,0.31362262385781436,0.10623659298785054,0.10139860139860139,0.10139860139860139,0.20279720279720279,0.5543159343690934,0.05764142203765061,15.783045585395792,0.7169673224491746,0.5268711176722181
