player_name,side,rounds_played,adr,adr_std,kpr,survival_rate,damage_per_round,damage_taken_per_round,damage_diff_per_round,util_damage_per_round,assists_per_round,flash_assists_per_round,trade_kill_rate,death_traded_rate,trade_participation,opening_kill_rate,opening_death_rate,opening_duel_success,multi_kill_rate,rifle_kill_share,awp_kill_share,grenades_per_round,he_grenades_per_round,flashbangs_per_round,smokes_per_round,fire_nades_per_round,decoys_per_round,avg_distance_to_enemy,avg_distance_to_enemy_std,avg_distance_to_team_centroid,avg_distance_to_team_centroid_std,relative_team_centroid_distance,relative_team_centroid_distance_std,avg_distance_moved_per_round,avg_distance_moved_per_round_std,avg_distance_to_closest_teammate,avg_distance_to_closest_teammate_std,time_near_enemy_rate,time_near_enemy_rate_std,first_contact_rate,first_contact_rate_std,time_stationary_rate,time_stationary_rate_std,kast_std,impact_std,rating_std,cluster,pc1,pc2
910,t,271,76.35055350553506,31.827446371862383,0.7527675276752768,0.3542435424354243,109.5719557195572,95.97047970479704,13.601476014760149,1.911439114391144,0.2361623616236162,0.1107011070110701,0.284313725490196,0.2514285714285714,0.3763837638376384,0.0980392156862745,0.1371428571428571,0.4545454545454545,0.1881918819188192,0.4509803921568627,0.3823529411764705,2.5387453874538743,0.077490774907749,1.2546125461254614,0.7785977859778598,0.4206642066420664,0.007380073800738,2094.2490506330496,85.38837961137968,499.0819129815212,70.83314668226103,0.912512277311422,0.0762091297072165,9554.453056909657,1965.7599144225453,369.7086747161287,57.85143247116709,0.3293961936417826,0.0719720143401436,0.1500904801383105,0.0485222540269694,0.5674669709161843,0.0706729025839238,14.256663037560315,0.6842690537359896,0.5468278991701812,2,-5.256986841573637,2.835186055250493
AW,t,220,71.41818181818182,21.18589056099008,0.6227272727272727,0.2363636363636363,93.25909090909092,108.14090909090908,-14.88181818181818,3.959090909090909,0.1818181818181818,0.0272727272727272,0.2773722627737226,0.1904761904761904,0.3181818181818182,0.0948905109489051,0.1785714285714285,0.3023255813953488,0.1727272727272727,0.781021897810219,0.0072992700729927,2.713636363636364,0.3090909090909091,0.8318181818181818,0.8181818181818182,0.7545454545454545,0.0,2057.110944767485,122.56785235153674,579.356418789355,81.83954681796209,0.920613240933338,0.1218726931655192,9522.442488832148,1708.0690273899572,436.5417778760516,52.25332334574309,0.3327330945593878,0.0683972939257193,0.1877121391274925,0.0729543607416428,0.5857589359928915,0.0652378060036989,20.593995589030012,0.7077073957763531,0.5196063084963134,0,-0.6026612310487647,1.3332491998475422
AZUWU,t,104,54.11538461538461,34.48352603348172,0.4423076923076923,0.2115384615384615,66.71153846153847,113.2403846153846,-46.52884615384615,3.7115384615384617,0.1634615384615384,0.0192307692307692,0.1956521739130435,0.2560975609756097,0.2884615384615384,0.1304347826086956,0.3292682926829268,0.1818181818181818,0.1153846153846153,0.782608695652174,0.0434782608695652,1.5480769230769231,0.1634615384615384,0.4807692307692308,0.4615384615384615,0.4423076923076923,0.0,1973.165485882537,154.00845882632458,602.9905085272361,128.1601877057149,0.9982502951527674,0.0898314715235036,7073.379303691359,1054.892247127699,423.3077051196937,95.3755176960846,0.4238713410999998,0.1412346231777836,0.2455326211614648,0.0681815413665707,0.651756266663883,0.0503241212489401,29.000951361949404,0.770228391593041,0.6564877773187352,3,3.9951715107281114,-3.1878327353118436
AlekS,t,52,49.94230769230769,15.571913522131466,0.2692307692307692,0.0769230769230769,58.90384615384615,131.21153846153845,-72.3076923076923,3.1153846153846154,0.173076923076923,0.0,0.3571428571428571,0.125,0.2115384615384615,0.0714285714285714,0.1875,0.1,0.0384615384615384,0.6428571428571429,0.0,2.076923076923077,0.4230769230769231,0.5961538461538461,0.5769230769230769,0.4423076923076923,0.0384615384615384,2134.907043725505,233.19936603967653,463.6246426246859,86.75936820614442,0.9748139196535708,0.1182734408007167,7207.398105340854,1173.391424595424,352.3829893799845,102.66041653530684,0.388269953892726,0.0875138622796216,0.188643345997092,0.0685531981977299,0.6176919420251404,0.0258554038890464,29.46679081863012,0.3182767428418445,0.3362645463019306,3,0.8788253621055114,-6.662966661353743
Aleksib,t,154,53.896103896103895,20.851945937592756,0.435064935064935,0.3051948051948052,66.02597402597402,99.27272727272728,-33.246753246753244,4.214285714285714,0.2077922077922078,0.0649350649350649,0.2985074626865671,0.2616822429906542,0.3116883116883117,0.1044776119402985,0.1588785046728972,0.2916666666666667,0.0974025974025974,0.6268656716417911,0.0,3.2532467532467533,0.3051948051948052,1.077922077922078,1.155844155844156,0.6883116883116883,0.0259740259740259,2093.6246045789967,125.26160839727774,536.7061173985508,105.17816248908464,0.9311733206046978,0.075421762963339,9466.55897191241,1855.499699234363,419.0522386965167,81.72079836291853,0.3403978395513829,0.0584040659458125,0.1602120948216738,0.0626669114409515,0.5507505739892308,0.0615338797125459,21.22606584193661,0.668933704105979,0.5390248371741009,0,-2.8035154666394964,0.8727555629766959
BELCHONOKK,t,187,54.41176470588236,28.14305755869269,0.4598930481283422,0.2245989304812834,69.48663101604278,108.11764705882354,-38.63101604278075,6.18716577540107,0.1283422459893048,0.0427807486631016,0.3720930232558139,0.2137931034482758,0.3368983957219251,0.1046511627906976,0.0827586206896551,0.4285714285714285,0.0855614973262032,0.686046511627907,0.0232558139534883,1.893048128342246,0.1978609625668449,0.6631016042780749,0.6096256684491979,0.4224598930481283,0.0,2120.9141757386683,109.70702286831828,598.498905209946,119.4338899738262,1.0195255118219906,0.1207032037239806,8818.796882466526,1520.9183718819377,406.76201762562914,109.19089099221492,0.3594232738589344,0.0596632008450936,0.1597775838203488,0.0311119740376694,0.5998515261040244,0.0527024765747526,17.273361004099026,0.5752743595672504,0.4304164849189069,0,-0.7891795124001381,-0.7705066756693314
Bart4k,t,105,61.457142857142856,21.589413786195703,0.5142857142857142,0.2,73.85714285714286,112.34285714285714,-38.48571428571429,4.057142857142857,0.1142857142857142,0.0,0.3148148148148148,0.25,0.3619047619047619,0.1296296296296296,0.1428571428571428,0.3684210526315789,0.1047619047619047,0.7592592592592593,0.0,1.5333333333333334,0.1714285714285714,0.3809523809523809,0.5428571428571428,0.4285714285714285,0.0095238095238095,2002.5242859237037,89.38133442054033,592.8301165853564,123.40327190301144,1.0327006081878545,0.1445820104224023,8159.40128302454,1424.8735544019185,419.0505057029024,107.19878916322142,0.4376836682262564,0.0790203605625664,0.198911206632593,0.0601125679441954,0.6075505364790871,0.0556528322937943,15.869217807376588,0.5351554065611199,0.4579378024515472,3,2.1801098069225078,-1.8410357370604045
Boombl4,t,137,50.8029197080292,23.35847688218696,0.364963503649635,0.1824817518248175,59.00729927007299,114.05839416058394,-55.05109489051095,2.934306569343066,0.2262773722627737,0.0145985401459854,0.3,0.3482142857142857,0.3941605839416058,0.12,0.2142857142857142,0.2,0.0656934306569343,0.76,0.0,2.554744525547445,0.3138686131386861,0.6715328467153284,0.8540145985401459,0.7153284671532847,0.0,2017.5884937133585,90.90518990289466,518.8405515434608,115.22544475471608,0.9426896012130938,0.0485225778112605,8710.705623479624,2228.214727694723,392.83959598033937,75.10842737066676,0.4188775004065946,0.078575642028908,0.2027874201612526,0.0540411895980337,0.559780605435973,0.0747532603947085,20.18823815719935,0.4646742843306868,0.4358429281512811,0,0.5149255066703234,-1.7675817199598554
Bymas,t,104,60.02884615384615,45.01477488557968,0.5,0.2019230769230769,74.91346153846153,110.2403846153846,-35.32692307692308,1.8653846153846156,0.1538461538461538,0.0,0.2884615384615384,0.1927710843373494,0.2980769230769231,0.0961538461538461,0.1204819277108433,0.3333333333333333,0.1057692307692307,0.7307692307692307,0.0384615384615384,1.7403846153846154,0.1538461538461538,0.6442307692307693,0.5769230769230769,0.3653846153846153,0.0,2040.728434329548,140.22111058672843,576.5630430525898,127.74045963822913,0.9711562270385474,0.053070917117911,7649.895116273712,910.4295966453852,386.3157422322528,83.56134805982539,0.390037475086927,0.1262384675490767,0.185778153699231,0.0723808442467419,0.6178355972329193,0.0393883367511532,19.439083133845703,1.1243426962831211,0.8088362374828526,3,1.1057352638130526,-1.7645416261111022
C4LLM3SU3,t,64,63.96875,13.3544177747022,0.640625,0.328125,82.21875,95.1875,-12.96875,2.796875,0.234375,0.03125,0.2439024390243902,0.3488372093023256,0.390625,0.048780487804878,0.1395348837209302,0.25,0.15625,0.8780487804878049,0.024390243902439,1.84375,0.21875,0.53125,0.6875,0.40625,0.0,2086.2166079633625,124.16071409538226,585.1953789271203,52.948854992994,1.0538266337942457,0.0744039921318451,8221.067360319379,1912.20453342262,401.6819751750492,57.15511935753516,0.4170163675046802,0.1388868776156053,0.2156141774498987,0.0493293656237762,0.5982699944174849,0.0881323993295169,13.021624886663618,0.4216829697102779,0.3807590744168139,4,-0.051906400696239745,0.18427993763539613
Chr1zN,t,89,48.82022471910113,25.579850857877503,0.4044943820224719,0.1685393258426966,60.662921348314605,115.71910112359552,-55.056179775280896,2.449438202247191,0.1573033707865168,0.0224719101123595,0.3611111111111111,0.3243243243243243,0.4157303370786517,0.0833333333333333,0.3108108108108108,0.1153846153846153,0.0786516853932584,0.5,0.0,2.629213483146068,0.146067415730337,0.7303370786516854,1.0674157303370786,0.6741573033707865,0.0112359550561797,2020.443568873778,121.9529604811116,552.5469254866599,94.27995529312446,0.9932512382197102,0.1041125129728264,8609.968642958203,1137.547711904513,444.8000275166281,86.51721976710517,0.4029981372411432,0.0655365974618834,0.2014187705517194,0.1286836782417499,0.5992155741758077,0.0537320317244464,14.853419561647652,0.5007249997595763,0.3789111197058448,0,0.7933707514505944,-2.9946248600411645
CrePoW,t,52,51.82692307692308,37.181673602083215,0.4230769230769231,0.0384615384615384,59.44230769230769,124.28846153846152,-64.84615384615384,3.6538461538461537,0.1346153846153846,0.0,0.2727272727272727,0.14,0.25,0.2272727272727272,0.22,0.3125,0.0769230769230769,0.5909090909090909,0.0,1.6923076923076923,0.4615384615384615,0.3653846153846153,0.4615384615384615,0.3269230769230769,0.0769230769230769,2020.960460502425,318.1221119588992,538.7541538913877,122.88403273353715,1.1254371486273271,0.0951828536164057,5954.997115976647,1224.9988658205018,375.6785364558058,106.91829093984616,0.4951305420984489,0.1385248372195117,0.2954564791458749,0.0898239670747326,0.6684352207344743,0.0826074240258198,15.95415768357234,0.7682333187077927,0.5466938697954062,3,5.906975579215149,-5.808129478871891
EliGE,t,154,67.35064935064935,28.67700461051523,0.5844155844155844,0.2012987012987013,87.36363636363636,119.0909090909091,-31.727272727272727,3.9740259740259742,0.2012987012987013,0.0064935064935064,0.3222222222222222,0.3089430894308943,0.435064935064935,0.2,0.1869918699186991,0.4390243902439024,0.0844155844155844,0.6888888888888889,0.0111111111111111,1.896103896103896,0.3571428571428571,0.435064935064935,0.5584415584415584,0.5454545454545454,0.0,2038.0818858821192,97.68876422164377,538.4679316194978,103.36728877714089,0.9845634012062922,0.0998000985849827,8216.273327924493,1741.1707901173445,396.1562491436479,107.10586609274225,0.3922973542251045,0.070212502886726,0.2405503144507427,0.0514811873601355,0.5913280391635071,0.051266397976469,17.108867631163218,0.6973059192752823,0.4915077546154808,4,1.9398305297052854,-0.8043504894530831
EmiliaQAQ,t,64,64.5,19.433461024928302,0.640625,0.234375,88.5,99.75,-11.25,6.953125,0.203125,0.015625,0.3414634146341463,0.1632653061224489,0.34375,0.1463414634146341,0.2653061224489796,0.3157894736842105,0.171875,0.5853658536585366,0.0,1.734375,0.296875,0.453125,0.46875,0.515625,0.0,2065.6552444130675,101.14393679523364,595.4782017697182,97.94874617222686,1.0806912994628854,0.0619015780106341,7830.771250268247,785.4887261949557,445.97847693207376,101.88841042290588,0.4070568987287869,0.0749607260564763,0.213431682625213,0.0231703025890235,0.6153737524705007,0.0271817547194686,13.808921917539704,0.5926244837452406,0.3555781204712422,4,0.9372431492306161,-0.6995208560615711
Ex3rcice,t,46,50.95652173913044,17.68448263099393,0.5,0.1304347826086956,70.15217391304348,121.2608695652174,-51.10869565217392,2.5869565217391304,0.1304347826086956,0.0,0.5217391304347826,0.25,0.4782608695652174,0.0434782608695652,0.325,0.0714285714285714,0.1521739130434782,0.7391304347826086,0.0,1.6521739130434785,0.3260869565217391,0.4565217391304347,0.391304347826087,0.4782608695652174,0.0,2027.8511973375912,99.06234192301255,565.4618007102184,112.22261863583044,1.1257701789050918,0.1113873267350611,7347.119703184616,1870.8638447229932,442.8638825282976,80.6220043420111,0.4014839579518947,0.0502611804682175,0.1435256470876626,0.0518672726321384,0.6349236686763576,0.0626053188143363,14.231876063832775,0.6396168775134065,0.4616107361793805,3,2.4863189524154694,-3.1387531935703845
FL4MUS,t,137,63.13868613138686,22.768214093942643,0.6423357664233577,0.2846715328467153,82.63503649635037,106.44525547445257,-23.81021897810219,3.6934306569343063,0.1167883211678832,0.0145985401459854,0.4204545454545454,0.2551020408163265,0.4525547445255474,0.0909090909090909,0.1632653061224489,0.3333333333333333,0.1678832116788321,0.7840909090909091,0.0,1.7226277372262773,0.2043795620437956,0.4817518248175182,0.656934306569343,0.3795620437956204,0.0,2051.0650576944786,95.13532150410582,567.3735772381783,160.35685728976122,0.998687908298625,0.1090737033752988,7889.538807070366,1469.459789336314,388.8992609845758,109.99446955360185,0.455045819898243,0.0914631031808202,0.2250643278978985,0.0419498986095305,0.5870149530686607,0.0470076450006646,15.676829267029522,0.5916609734595716,0.4451899765640844,4,1.350733978026919,-0.529225373572724
FalleN,t,116,62.0,20.9175066394417,0.5775862068965517,0.3275862068965517,80.94827586206897,97.86206896551724,-16.913793103448278,6.129310344827586,0.2844827586206896,0.0862068965517241,0.3582089552238806,0.3205128205128205,0.4224137931034483,0.0746268656716417,0.1666666666666666,0.2777777777777778,0.1206896551724138,0.7611940298507462,0.044776119402985,3.9827586206896552,0.1551724137931034,1.646551724137931,1.4482758620689655,0.7241379310344828,0.0086206896551724,2059.284070001504,103.03063435619733,497.926982505638,110.24019956939972,0.8679716864229189,0.0597395351121928,10633.370341537382,3003.220946444929,375.8436476322403,74.22291335440083,0.3625077875029912,0.0950296334575395,0.1439778104063578,0.0268929960906309,0.5310363357636075,0.0798329175178597,15.17907934696376,0.6077250017920295,0.5313230025051078,0,-4.8553684716264,3.076407740487646
Gizmy,t,104,55.58653846153846,13.775573248158686,0.4519230769230769,0.1826923076923076,70.96153846153847,109.15384615384616,-38.19230769230769,3.9615384615384617,0.1346153846153846,0.0096153846153846,0.2127659574468085,0.1529411764705882,0.2211538461538461,0.1276595744680851,0.2470588235294117,0.2222222222222222,0.0769230769230769,0.6808510638297872,0.0212765957446808,2.7115384615384617,0.125,1.1826923076923077,0.8846153846153846,0.5192307692307693,0.0,2035.5754630822048,108.82444231768544,591.8834336012599,94.35619839749847,1.0364203298041037,0.1402185740138658,8085.180707539806,1526.269392991277,450.6732858902352,86.59624548246154,0.407901467436628,0.0946276311970662,0.2212677986671441,0.0641544411607467,0.5986004521207069,0.0750774068349438,22.626083275230403,0.3268118762969458,0.3298332859812251,0,0.4402715845295631,-2.344141370721088
Graviti,t,46,58.54347826086956,19.369403014758824,0.5652173913043478,0.108695652173913,78.34782608695652,116.08695652173913,-37.73913043478261,0.6521739130434783,0.0869565217391304,0.0,0.3846153846153846,0.2926829268292683,0.4782608695652174,0.1153846153846153,0.1707317073170731,0.3,0.1304347826086956,0.6538461538461539,0.0,1.673913043478261,0.1739130434782608,0.4565217391304347,0.6304347826086957,0.4130434782608695,0.0,1971.8986421023317,53.27770025267382,489.17064489811935,51.74627535744113,1.0302477603550604,0.0727804589351439,6935.088161774342,570.4724180270483,324.97273162580166,37.0971575037217,0.4562809429768041,0.0799720602794927,0.2534380016933039,0.1283710395916662,0.6730650402729949,0.0172831427647787,15.77474540500076,0.5759805407592633,0.4034568847653099,3,2.0222036846007767,-5.5933382052237794
Grim,t,91,83.35164835164835,30.64631645105396,0.7582417582417582,0.2527472527472527,105.48351648351648,106.54945054945055,-1.065934065934066,2.7472527472527477,0.1098901098901098,0.0,0.2318840579710145,0.25,0.3626373626373626,0.1594202898550724,0.2205882352941176,0.4230769230769231,0.1648351648351648,0.7391304347826086,0.0,1.78021978021978,0.3846153846153846,0.3516483516483517,0.5164835164835165,0.5274725274725275,0.0,2014.3517840608756,124.70482334139032,643.5499886789636,143.55681344839866,1.096853977637274,0.1322598673458973,8166.177888496986,1154.1549767157987,445.4553034123825,154.86095075356874,0.4304867859473925,0.0646740784509992,0.2283664164895747,0.0524667647509678,0.5955431301394319,0.0390615296258037,14.695339000451554,0.8123313495632407,0.5435446440422487,1,3.4517258321411886,1.6801468142856804
HUASOPEEK,t,106,65.79245283018868,32.04150449166764,0.6226415094339622,0.3018867924528302,89.11320754716981,96.12264150943396,-7.009433962264151,3.30188679245283,0.1981132075471698,0.0283018867924528,0.3181818181818182,0.2567567567567567,0.3773584905660377,0.1969696969696969,0.2162162162162162,0.4482758620689655,0.1509433962264151,0.7424242424242424,0.0151515151515151,1.6226415094339623,0.1886792452830188,0.6037735849056604,0.4056603773584906,0.4245283018867924,0.0,2033.709485022668,174.1070103197812,540.4515957217659,122.24657594887864,0.9639423154311816,0.0735509105893146,7748.932869307003,1320.581008262288,349.4747609981844,89.28573860303521,0.4062049400220912,0.0891904114050098,0.2013405407073505,0.045000843624103,0.6115457556793098,0.0615798644332482,20.03122919730352,0.6994914804487378,0.6147414209895972,4,0.8742366457058024,-0.03169600772519275
HeavyGod,t,147,69.73469387755102,40.22231828884217,0.6258503401360545,0.2925170068027211,90.45578231292517,103.25170068027212,-12.79591836734694,2.748299319727891,0.2040816326530612,0.0408163265306122,0.2717391304347826,0.1346153846153846,0.2653061224489796,0.1521739130434782,0.125,0.5185185185185185,0.1428571428571428,0.6195652173913043,0.0,2.3537414965986394,0.0884353741496598,1.020408163265306,0.6870748299319728,0.5578231292517006,0.0,2147.082061302011,112.76291622859156,645.1446064823161,159.24155325544675,1.1209632976198929,0.1968220287616289,8860.410120250086,1351.4175191513916,495.20077096284814,176.87912957379197,0.3677925219112619,0.0759897796100914,0.1769313642556329,0.0436664456877408,0.5845009607849092,0.051329180070742,16.63221836676528,0.9002134080841301,0.6115506436998502,1,0.13475595872936283,3.0974680882150016
HooXi,t,75,59.906666666666666,19.218872999348307,0.5066666666666667,0.2266666666666666,76.36,100.24,-23.88,2.28,0.1733333333333333,0.0533333333333333,0.2894736842105263,0.2068965517241379,0.3066666666666666,0.131578947368421,0.1551724137931034,0.3571428571428571,0.1333333333333333,0.7894736842105263,0.0,3.053333333333333,0.08,1.3333333333333333,1.0133333333333334,0.6266666666666667,0.0,2105.6187265047347,125.22178699316795,617.8076216111776,162.3480840517232,1.103177834070096,0.1492280209634552,8216.308919836158,1245.948597740953,471.6246214165608,120.5654355576616,0.3403007938461899,0.1061852720651907,0.2073741342772144,0.0477885740971237,0.5740569228727594,0.0500803916042137,13.185147100295747,0.4620616020696189,0.3720973236095445,0,-1.011300920438378,0.8140856702592637
JBa,t,120,55.59166666666667,17.996774480298548,0.5,0.1916666666666666,67.99166666666666,111.74166666666666,-43.75,3.3583333333333334,0.1583333333333333,0.0,0.35,0.1958762886597938,0.3333333333333333,0.1333333333333333,0.1855670103092783,0.3076923076923077,0.1166666666666666,0.6166666666666667,0.0,1.275,0.1416666666666666,0.2333333333333333,0.425,0.475,0.0,2216.750909084157,103.13809547979274,649.2946813914333,154.83573400579465,1.146604678677296,0.1685689550030306,8019.195679624365,1201.1090496317283,475.26922084145286,157.13160267987985,0.4107926730372296,0.0674799842366313,0.2538401466424017,0.0798192490222334,0.6085927215358566,0.0363302722499247,14.409579809898553,0.5924712595084756,0.4013406654003856,3,2.7491311362549147,-1.3549577492479588
JT,t,54,61.68518518518518,38.51478600149221,0.5740740740740741,0.1296296296296296,75.5925925925926,121.0,-45.407407407407405,2.185185185185185,0.1666666666666666,0.0,0.2580645161290322,0.3191489361702128,0.4259259259259259,0.1290322580645161,0.1914893617021276,0.3076923076923077,0.1111111111111111,0.8387096774193549,0.0,2.8703703703703702,0.037037037037037,1.2407407407407407,0.9444444444444444,0.6296296296296297,0.0185185185185185,2059.724751041133,175.56598061946897,569.8825435500244,232.9626536951707,1.0025673175487773,0.1864116693499623,8742.18901986828,2605.789262385236,430.3286616659794,234.21990447089715,0.3146483277508677,0.1049604017726512,0.1677878483777695,0.0615438564952599,0.5764215206509051,0.0734691204120408,19.090428084368472,2.237882848065704,1.1458711946715048,1,2.7830052321324104,2.971160648113223
JamYoung,t,78,70.11538461538461,20.426514379891987,0.6538461538461539,0.282051282051282,95.76923076923076,105.16666666666669,-9.397435897435898,4.858974358974359,0.1538461538461538,0.0384615384615384,0.2941176470588235,0.25,0.3717948717948718,0.1176470588235294,0.25,0.3,0.1538461538461538,0.8823529411764706,0.0,1.8846153846153848,0.2307692307692307,0.4487179487179487,0.6025641025641025,0.6025641025641025,0.0,2113.928166858931,182.6159630866963,531.2311312719968,100.93610923631331,1.0080802387053196,0.0762850528857543,9431.267747191536,2085.5054165146144,399.7100527111372,73.52524875238116,0.3548625679955091,0.1029595345104058,0.1717071054649096,0.0278641135914171,0.5780187404487855,0.0720830366628728,21.759062252851265,0.5616992242459646,0.466881376044002,4,-0.031039705134725724,1.0964186102389728
Jame,t,187,67.63636363636364,21.532681253421536,0.5614973262032086,0.3101604278074866,84.65775401069519,102.79144385026738,-18.13368983957219,4.245989304812834,0.2085561497326203,0.0748663101604278,0.2666666666666666,0.1705426356589147,0.267379679144385,0.1809523809523809,0.1007751937984496,0.59375,0.1229946524064171,0.2857142857142857,0.4761904761904761,2.764705882352941,0.1657754010695187,1.160427807486631,0.9358288770053476,0.5026737967914439,0.0,2113.437699301172,110.0172075798508,574.9741326920113,109.33970277203572,1.0227923776393106,0.0813338206233266,9422.846684221931,1532.489374378707,441.08151673403927,105.26405770355204,0.316600777948434,0.0754466496642663,0.1506240657183468,0.0428779933452434,0.5845230077506229,0.0468755475201598,14.400989929860362,0.466383064122187,0.3908920125530853,2,-4.639519321477448,1.190468488959299
Jee,t,78,56.62820512820513,25.725952153370937,0.5256410256410257,0.3717948717948718,74.71794871794872,89.93589743589743,-15.217948717948715,2.525641025641025,0.3717948717948718,0.2692307692307692,0.2682926829268293,0.2653061224489796,0.3076923076923077,0.1219512195121951,0.0816326530612244,0.5555555555555556,0.1025641025641025,0.5121951219512195,0.2682926829268293,3.217948717948718,0.0384615384615384,1.4743589743589745,1.1538461538461535,0.5512820512820513,0.0,2160.589124794596,151.57056858089777,447.91271869127206,74.22133850196235,0.896931308394594,0.0946505606996761,8953.95917344685,1220.7179768540805,334.92461570255927,51.182327673585554,0.344627438615924,0.0975116608391025,0.1381007798487595,0.0371441769895212,0.606218527947615,0.0479198214800893,15.649517801114747,0.6677266053142142,0.5559676692318124,2,-7.577179952415012,0.8473492821189239
KSCERATO,t,116,78.69827586206897,26.2718017033288,0.75,0.3706896551724138,101.66379310344828,98.5603448275862,3.103448275862069,4.232758620689655,0.1896551724137931,0.0172413793103448,0.367816091954023,0.2328767123287671,0.4224137931034483,0.0804597701149425,0.0958904109589041,0.5,0.1896551724137931,0.8390804597701149,0.0,2.706896551724138,0.5344827586206896,0.8620689655172413,0.6120689655172413,0.6982758620689655,0.0,2038.9532310452407,113.60269805515482,663.0962754588886,143.5145227211088,1.0870970019512636,0.1167870154025096,10010.372902345423,1530.1224973377691,496.9070726154994,123.6236610590118,0.3804767920034455,0.063326863124342,0.2291475419437184,0.0610838065350073,0.5250240379292559,0.0409214350183079,12.19584989609511,0.5918706753694936,0.4061204340976346,1,0.4998506612939513,5.029247234960925
Krabeni,t,76,67.89473684210526,31.10944219791805,0.6578947368421053,0.2105263157894736,90.27631578947368,101.94736842105264,-11.671052631578949,3.6052631578947367,0.1973684210526315,0.0789473684210526,0.24,0.3,0.3947368421052631,0.1,0.05,0.625,0.1578947368421052,0.86,0.02,3.131578947368421,0.3947368421052631,1.131578947368421,0.9210526315789472,0.6842105263157895,0.0,2132.8306815939977,162.52403527724334,661.2490114694853,147.66778057099503,1.1102069062230524,0.1496555050921532,9324.747414037807,1593.775445507701,519.2120206566793,140.92897910703132,0.3437336189102929,0.1296033867955574,0.1792250907541533,0.0798258205923896,0.5391861118844982,0.0718179893062733,19.88723457173445,0.8645303140733789,0.5619515309042712,1,0.2826220650379031,4.617358148370255
Kvem,t,54,78.37037037037037,61.87602337350486,0.7222222222222222,0.1296296296296296,106.87037037037037,118.94444444444444,-12.074074074074074,1.7592592592592593,0.2407407407407407,0.0,0.2307692307692307,0.2340425531914893,0.3703703703703703,0.2051282051282051,0.1914893617021276,0.4705882352941176,0.1666666666666666,0.7948717948717948,0.0256410256410256,1.7037037037037035,0.2592592592592592,0.3888888888888889,0.5,0.4814814814814814,0.074074074074074,1990.9935683514736,149.71363850103327,525.384348499147,92.93501949701708,0.9202262611276064,0.1013634366169479,8481.471199107624,1854.89029305298,345.7043953665039,128.62791678222436,0.3886797946936456,0.0931930697256333,0.2558274459531134,0.0765173458512644,0.5911026513988021,0.0684588548899132,21.602468994692867,1.3658268466390604,0.8579213873701289,1,3.454204469574444,1.0229347420093617
LNZ,t,105,63.39047619047619,32.72867860647892,0.6,0.219047619047619,88.82857142857142,105.97142857142858,-17.142857142857142,7.057142857142857,0.219047619047619,0.0571428571428571,0.365079365079365,0.3048780487804878,0.4571428571428571,0.1746031746031746,0.1219512195121951,0.5238095238095238,0.1238095238095238,0.7142857142857143,0.0158730158730158,2.8095238095238093,0.3904761904761905,0.8857142857142857,0.9142857142857144,0.6190476190476191,0.0,2037.3989696404708,168.25065582265776,629.5481921984239,140.32787146737144,1.071108206268585,0.1161543144949985,7830.446853264867,997.9689086931878,473.2847859293527,111.15699235555525,0.380965962872239,0.0845620386732,0.2119199847506065,0.0601531659845003,0.6057841455659715,0.0356926182924185,23.566919699269683,0.9681663970057484,0.6741497699900107,1,1.4777319473512711,1.6290090084920261
Lake,t,120,63.44166666666667,24.440855547065212,0.575,0.1583333333333333,80.86666666666666,117.49166666666666,-36.625,4.925,0.1916666666666666,0.025,0.2608695652173913,0.297029702970297,0.4,0.2028985507246377,0.2277227722772277,0.3783783783783784,0.1333333333333333,0.5942028985507246,0.0144927536231884,1.5333333333333334,0.2833333333333333,0.4,0.425,0.425,0.0,2108.6065233140907,142.95993266756167,511.4326349765518,97.93274913602254,0.940665988146683,0.1130576953594979,7741.769857687023,981.983606894466,355.36788167547604,114.93224668809472,0.3932430004673966,0.0693538700959918,0.2258470046431438,0.0577028547373118,0.6335209409865522,0.0387751760132546,12.359739838640268,0.596873944549281,0.3834080649246524,4,1.5917631878104792,-2.6968450968139126
Lucky,t,46,62.71739130434783,17.036991344544205,0.4347826086956521,0.1521739130434782,70.17391304347827,106.6304347826087,-36.45652173913044,8.065217391304348,0.3478260869565217,0.0869565217391304,0.45,0.3846153846153846,0.5217391304347826,0.2,0.1282051282051282,0.4444444444444444,0.0652173913043478,0.8,0.0,1.9130434782608696,0.3478260869565217,0.5434782608695652,0.5217391304347826,0.5,0.0,1987.368146308415,62.89407362207928,450.37297085708224,114.29223305344767,0.9376184197688424,0.1027393610761699,7312.731468112327,1258.550472526967,309.75274415572034,107.23041935328745,0.4145818496726736,0.1192595382088149,0.2275258599036209,0.0223298661359661,0.6510365067160363,0.0653813104784743,4.082482904638625,0.6364480209202737,0.3782226732211178,4,0.8081817555845978,-2.721146916895714
MAJ3R,t,104,48.88461538461539,16.327955827636952,0.375,0.2596153846153846,59.26923076923077,105.7596153846154,-46.49038461538461,5.125,0.3365384615384615,0.125,0.3076923076923077,0.2337662337662337,0.2884615384615384,0.1025641025641025,0.1038961038961039,0.3333333333333333,0.0288461538461538,0.7948717948717948,0.0,3.2596153846153846,0.2019230769230769,1.2692307692307692,1.2307692307692308,0.5576923076923077,0.0,2078.454976636196,126.33040570477984,597.7024039775295,124.76163517831732,1.0679914828383867,0.1152923009233516,8641.454539949133,1994.14733833652,459.0869069612531,101.72546255571922,0.3679106934241884,0.1106412470070198,0.195040286713939,0.0361093096497862,0.5874551330477108,0.0580519796791035,15.299787968679244,0.470374463832695,0.3786494223575352,0,-2.2695228857122616,-0.29862423876081423
MATYS,t,147,69.75510204081633,34.64952892589861,0.6054421768707483,0.2585034013605442,89.99319727891157,112.40136054421768,-22.40816326530612,3.918367346938776,0.238095238095238,0.0204081632653061,0.2247191011235955,0.3027522935779816,0.3605442176870748,0.1573033707865168,0.2293577981651376,0.358974358974359,0.1360544217687075,0.797752808988764,0.0,1.836734693877551,0.0884353741496598,0.673469387755102,0.5374149659863946,0.5374149659863946,0.0,2021.430875650337,88.22775999712704,561.0636370898068,126.4145424437132,1.0041128612507808,0.1139543291708656,7843.837251100565,989.3480735105004,422.04409108518666,132.7637568546345,0.4113769601606135,0.0832976333135041,0.241729571961897,0.0321765549983747,0.6230642980313329,0.0478495469953569,16.161076232926057,0.7282662154326693,0.5358786137501123,4,2.0088433675190487,-0.30580026999465465
MaSvAl,t,220,65.36818181818182,21.030893255727964,0.5545454545454546,0.2318181818181818,79.85,105.85909090909092,-26.009090909090908,4.2,0.2045454545454545,0.0272727272727272,0.3278688524590163,0.2307692307692307,0.359090909090909,0.1393442622950819,0.1479289940828402,0.4047619047619047,0.1136363636363636,0.7213114754098361,0.0,2.363636363636364,0.2272727272727272,0.8727272727272727,0.7090909090909091,0.55,0.0045454545454545,2126.0652769973253,91.63707355632684,744.7578428178462,184.692741784745,1.1207663963435286,0.1754736456876579,9429.417500898617,1626.0567765663648,562.580555814033,184.19380837325377,0.3561336825813295,0.0662652324679865,0.2132883367332478,0.0557631543189415,0.5587119278242604,0.0475799194842343,15.881978387077208,0.430471374106227,0.3689784171485435,1,1.136114143968535,2.515717082958623
Magnojez,t,137,73.45255474452554,25.858433642864647,0.6423357664233577,0.2700729927007299,95.13138686131389,106.56934306569345,-11.437956204379562,3.788321167883212,0.2335766423357664,0.0364963503649635,0.3295454545454545,0.27,0.4087591240875912,0.1590909090909091,0.29,0.3255813953488372,0.1678832116788321,0.6931818181818182,0.0,2.240875912408759,0.1751824817518248,0.7445255474452555,0.7445255474452555,0.5766423357664233,0.0,2004.5767230502245,96.09792310190684,581.9711422962922,81.90912708422688,1.0407743820113264,0.1297029901611845,7916.502093700757,2290.716675748764,421.76040270802616,73.94442135379931,0.4360270377956823,0.0572001021285805,0.2430063888157239,0.0726454992348971,0.6090572999258017,0.0831596434032336,14.724713836035262,0.7259405839133554,0.5324597735771364,4,1.7283891761841264,0.7970813651182181
Maka,t,46,67.97826086956522,19.778933330786668,0.5652173913043478,0.2391304347826087,82.80434782608695,114.04347826086956,-31.23913043478261,5.804347826086956,0.2391304347826087,0.0434782608695652,0.3076923076923077,0.2285714285714285,0.3478260869565217,0.0769230769230769,0.1142857142857142,0.3333333333333333,0.108695652173913,0.6538461538461539,0.1538461538461538,3.652173913043478,0.0652173913043478,1.3695652173913044,1.3043478260869563,0.8913043478260869,0.0217391304347826,2072.7582327410782,124.84286238059696,445.6592886102129,119.5847193371319,0.9591213668853672,0.1000025770029197,8400.099094669937,1470.5294975660945,332.45323435109714,116.77125624962127,0.3598162594177618,0.1091584599157857,0.1659498253659876,0.0676755874291546,0.6099363015884007,0.0346003093969013,5.931710140017393,0.6220577913934793,0.3236933057310766,0,-3.160183505363257,-0.8605635205001748
MalbsMd,t,68,57.35294117647059,16.793930782015007,0.4852941176470588,0.1176470588235294,69.70588235294117,118.05882352941175,-48.35294117647059,4.367647058823529,0.25,0.0441176470588235,0.3333333333333333,0.4333333333333333,0.5441176470588235,0.2121212121212121,0.2,0.3684210526315789,0.088235294117647,0.8787878787878788,0.0,1.6176470588235294,0.2941176470588235,0.3823529411764705,0.3676470588235294,0.5441176470588235,0.0294117647058823,1991.719957531734,124.02735576175472,511.4160447512665,134.381220502258,0.9702538716168032,0.0949011585010304,7666.750394791553,924.9396361917966,304.98355270003594,78.58276175746825,0.459341643926265,0.0616703899153329,0.2801088036201034,0.0473275540173959,0.627523300663237,0.0599760667961713,15.902626151630384,0.4125338369960296,0.3213043533181657,4,3.0429727383220784,-3.726476456253
MartinezSa,t,103,51.8252427184466,22.43494683162203,0.5048543689320388,0.3300970873786408,78.72815533980582,96.67961165048544,-17.95145631067961,1.2135922330097086,0.145631067961165,0.0679611650485436,0.3653846153846153,0.2608695652173913,0.3592233009708738,0.1153846153846153,0.0869565217391304,0.5,0.116504854368932,0.5,0.25,2.4563106796116503,0.0097087378640776,1.145631067961165,0.8932038834951457,0.3980582524271844,0.0097087378640776,2089.451657521771,139.13604418142702,477.308069436321,94.05492734172512,0.9024440492699698,0.0729885747921111,8788.672502276642,1341.24984852323,350.32993314514204,92.87516481021896,0.3970035576224124,0.0660579468699975,0.1455004554196393,0.0427995977800793,0.6011143175992466,0.0300862387814347,16.254232800551254,0.5209848903846159,0.4471702825075778,2,-4.52302668255519,-0.8706913242768163
Mercury,t,78,71.93589743589743,21.426299174059345,0.5897435897435898,0.2435897435897435,90.12820512820512,101.74358974358974,-11.615384615384617,5.538461538461538,0.1923076923076923,0.0769230769230769,0.3695652173913043,0.2033898305084746,0.3717948717948718,0.1521739130434782,0.0847457627118644,0.5833333333333334,0.1282051282051282,0.7608695652173914,0.0,2.833333333333333,0.1538461538461538,0.9615384615384616,1.0384615384615383,0.6794871794871795,0.0,2069.61485506327,113.1980051067042,510.21797037764975,58.25655732380254,1.0029664430766447,0.0955000750630214,9260.800690681024,1327.3723785573022,422.93698540047615,65.03594796770766,0.3880635811611376,0.0908131714099023,0.1779142973026544,0.0587600819251042,0.5932145738362703,0.0386019719234743,8.681018506173496,0.4134509969172306,0.3044573218790103,0,-2.5717899337003147,0.4399334411603068
MoDo,t,82,57.04878048780488,36.2119795922067,0.5609756097560976,0.3292682926829268,76.26829268292683,90.90243902439023,-14.634146341463415,0.8292682926829268,0.2439024390243902,0.0609756097560975,0.4130434782608695,0.2181818181818181,0.3780487804878049,0.0217391304347826,0.0727272727272727,0.2,0.1585365853658536,0.5652173913043478,0.1956521739130435,2.2439024390243905,0.0609756097560975,1.0853658536585369,0.6829268292682927,0.4146341463414634,0.0,2112.689628275188,105.6217259953621,494.8314919431011,79.6043837815868,0.8990394278309835,0.0614561545310363,9279.742896819003,1094.2100792557185,348.1018124722367,56.309744332298514,0.2886862550787762,0.0688542136085506,0.1190138438810923,0.0386864906372374,0.5619755649397198,0.0484403491017064,17.021764121109378,0.896216668480301,0.5038364155934272,2,-5.386646759338176,0.5854339390829425
Moseyuh,t,78,66.7948717948718,20.252836005239963,0.6410256410256411,0.3333333333333333,86.62820512820512,100.92307692307692,-14.294871794871796,4.974358974358975,0.1794871794871795,0.0256410256410256,0.3,0.3653846153846153,0.4358974358974359,0.22,0.173076923076923,0.55,0.1666666666666666,0.72,0.04,1.871794871794872,0.3333333333333333,0.3461538461538461,0.4743589743589743,0.717948717948718,0.0,2034.1573402320705,121.06752087972716,604.0003143037062,74.91837806281346,1.1443365247947166,0.0870475147208472,8722.110438243737,2386.2585187036098,475.82067929076015,35.186203970883355,0.4496435965283869,0.0709333213887392,0.2671519435753929,0.0330718414423598,0.5984096110555873,0.0838561512742283,16.705202363582142,0.56949435418136,0.5097395168972678,4,2.168737246895911,2.1165153366389067
Mzinho,t,124,66.79838709677419,57.181069595783576,0.6290322580645161,0.25,86.80645161290323,109.1774193548387,-22.370967741935484,2.717741935483871,0.1209677419354838,0.0161290322580645,0.2051282051282051,0.1827956989247312,0.2661290322580645,0.1282051282051282,0.2150537634408602,0.3333333333333333,0.1532258064516129,0.8333333333333334,0.0,1.8306451612903225,0.2903225806451613,0.3629032258064516,0.6209677419354839,0.5564516129032258,0.0,2057.3967081962837,161.39864699337352,584.7292990793122,95.75721791172444,1.0736413639967486,0.1827535991998388,8510.887546439577,2517.695720590309,439.1369743812877,106.28674724428866,0.4163736952245231,0.1083531444524347,0.2179826441081541,0.057533685598191,0.5878632828368066,0.0762199328960032,21.188478888018395,1.301790642761978,0.9497193862579943,1,3.626452334868614,2.309781900514407
NAF,t,154,67.96103896103897,27.137795181095186,0.5714285714285714,0.2857142857142857,80.93506493506493,101.53896103896103,-20.603896103896105,3.0844155844155843,0.2142857142857142,0.0259740259740259,0.1022727272727272,0.1272727272727272,0.1493506493506493,0.1477272727272727,0.109090909090909,0.52,0.1168831168831168,0.7159090909090909,0.0,2.1493506493506493,0.4090909090909091,0.6233766233766234,0.6428571428571429,0.4675324675324675,0.0064935064935064,2186.3300240521125,155.2550935712763,630.9301862424934,130.12351014668033,1.1248454723518666,0.1262086738339599,9142.487579061888,2014.0291830580927,488.44197086911583,120.87949867227904,0.3372691742526236,0.0830328837923461,0.1671004935008039,0.0482442997265663,0.5358522864696224,0.0620360237315547,18.06070190772877,0.662846424001869,0.5161637922177772,1,-0.16914119746257011,2.6615451413813402
Neityu,t,58,48.72413793103448,26.72707754235948,0.4655172413793103,0.293103448275862,62.58620689655172,100.93103448275862,-38.3448275862069,2.155172413793104,0.1724137931034483,0.0,0.4074074074074074,0.2439024390243902,0.3620689655172414,0.1481481481481481,0.1219512195121951,0.4444444444444444,0.0689655172413793,0.8148148148148148,0.0,2.086206896551724,0.1379310344827586,0.4310344827586206,1.206896551724138,0.3103448275862069,0.0,2088.14816563801,172.37482533487525,558.1876613961564,133.01517296161717,1.0338971145930715,0.1015163307267368,8652.62275311832,1301.304394231542,375.3392408495972,145.4524360555412,0.3911996783283814,0.1040822143652363,0.1934581396460098,0.0649634821343313,0.5642730635406122,0.0319920827643725,21.67075704995812,0.7172791992721207,0.6386887748587791,3,-0.0767319038087773,-0.6768158459103978
NertZ,t,147,81.25170068027211,39.64263912972304,0.7074829931972789,0.2517006802721088,101.63945578231292,111.4625850340136,-9.82312925170068,4.809523809523809,0.1904761904761904,0.0136054421768707,0.2211538461538461,0.2727272727272727,0.3605442176870748,0.173076923076923,0.2181818181818181,0.4285714285714285,0.1496598639455782,0.7211538461538461,0.0192307692307692,2.238095238095238,0.4217687074829932,0.6122448979591837,0.5986394557823129,0.5986394557823129,0.0068027210884353,1990.8273685606812,96.8368626476664,582.5818251331877,132.76876691188153,1.0604881621294056,0.1196655699764561,8429.006095738847,1411.877665035262,397.33782560376943,115.07304024804496,0.3986297872003392,0.063324733917491,0.2420810206330129,0.0430074477360678,0.6027610061178056,0.0871046383145744,16.847523908478905,0.9286844767011108,0.689436852227471,1,2.879247799168975,1.9322247126335674
NiKo,t,327,70.5229357798165,21.88588539786705,0.636085626911315,0.2874617737003058,92.69418960244649,99.77064220183486,-7.07645259938838,5.72782874617737,0.2018348623853211,0.0122324159021406,0.3076923076923077,0.2317596566523605,0.3608562691131498,0.1201923076923077,0.111587982832618,0.4901960784313725,0.1620795107033639,0.7980769230769231,0.0096153846153846,2.198776758409786,0.3180428134556575,0.6850152905198776,0.5932721712538226,0.599388379204893,0.0030581039755351,2051.390167503021,105.97835742871858,675.563015776234,177.39175987817862,1.0885179624992507,0.1405061075857516,8716.749242395892,1470.192171127832,493.168802592028,146.9625725913725,0.3763492566683285,0.0811828393522974,0.2043246306740994,0.050983371854519,0.5861835783754353,0.0542297142491209,13.34679699390428,0.5969258376963067,0.439483603744594,1,1.4633180547473201,2.855434252778569
PR,t,206,67.66504854368932,25.080908255952284,0.6456310679611651,0.3203883495145631,86.87864077669903,93.43203883495146,-6.553398058252427,4.669902912621359,0.174757281553398,0.0145631067961165,0.2932330827067669,0.2857142857142857,0.3834951456310679,0.112781954887218,0.2214285714285714,0.3260869565217391,0.174757281553398,0.8045112781954887,0.0075187969924812,1.805825242718447,0.4126213592233009,0.3932038834951456,0.4466019417475728,0.5533980582524272,0.0,2097.325493252823,136.81858428990046,635.794804263944,125.95256980395226,1.118767513196185,0.1221510940492009,8897.336845898426,1357.3757190085637,485.9349315690148,103.87701234711729,0.4102353512477783,0.062865692316511,0.2117830174087663,0.0636083664619914,0.5535009517481666,0.0474731836288547,17.0069860885192,0.507374042918107,0.4187036181980907,1,1.88664142004926,2.424315985474606
REZ,t,206,82.2378640776699,33.16676900417885,0.7330097087378641,0.2815533980582524,104.02912621359224,104.247572815534,-0.2184466019417475,5.694174757281553,0.2669902912621359,0.0145631067961165,0.2450331125827814,0.3378378378378378,0.4223300970873786,0.1324503311258278,0.1824324324324324,0.425531914893617,0.1553398058252427,0.7483443708609272,0.0,1.8446601941747571,0.2572815533980582,0.5922330097087378,0.5242718446601942,0.470873786407767,0.0,2030.5622866000008,169.74884043102836,553.5710188161524,151.2683369803223,0.997285894338498,0.1581076103228141,8069.888766341777,1453.594564409329,419.7853123731545,143.8660189327344,0.4383379465011967,0.1141116124757313,0.2414300261403783,0.0739189265491742,0.5982247201145018,0.0514010468493394,20.0392761096371,0.7975865303137292,0.5815613715568462,1,2.9925652312988897,1.8450053771209143
Rainwaker,t,104,74.42307692307692,21.18108671299549,0.7211538461538461,0.2403846153846154,98.39423076923076,103.98076923076924,-5.586538461538462,4.288461538461538,0.1538461538461538,0.0192307692307692,0.28,0.1645569620253164,0.3269230769230769,0.1066666666666666,0.1265822784810126,0.4444444444444444,0.1442307692307692,0.7733333333333333,0.0,1.7307692307692308,0.3653846153846153,0.4134615384615384,0.6057692307692307,0.3461538461538461,0.0,2082.24921419549,115.71769443075486,688.2640391515777,176.46801276754493,1.1206051955394112,0.1653777836166977,7489.205697378159,761.1444713362569,519.5377049189033,150.86569548043107,0.4015736906813497,0.1150427000315464,0.2230928310358295,0.0702246346406132,0.628732944178422,0.0558998519621543,27.12205856136404,0.7220052756063358,0.5812886842378502,1,3.3471063334437297,0.9508619514790276
S1ren,t,137,63.7956204379562,19.64067244800076,0.5547445255474452,0.2846715328467153,78.8905109489051,100.86861313868611,-21.978102189781023,4.160583941605839,0.1751824817518248,0.0145985401459854,0.3421052631578947,0.2653061224489796,0.3795620437956204,0.1184210526315789,0.1530612244897959,0.375,0.1240875912408759,0.7105263157894737,0.0,1.897810218978102,0.4963503649635036,0.3503649635036496,0.5401459854014599,0.5109489051094891,0.0,2031.8004774252631,118.18468575356268,600.9268829605694,149.6958908229426,1.0578177182497577,0.0845671044910499,7845.400869506139,1840.689295583199,443.72444324707294,86.1196429434756,0.4275332069522972,0.0997997968063248,0.2041681451263068,0.0591946583375431,0.5885832735630203,0.0684900795801227,13.444171352447436,0.4579639066091037,0.3872683543601711,4,1.8025104462731112,0.10317991889776038
SHOCK,t,82,60.609756097560975,30.35863007763203,0.6341463414634146,0.2560975609756097,77.59756097560975,109.89024390243902,-32.292682926829265,4.2682926829268295,0.1707317073170731,0.024390243902439,0.2307692307692307,0.2459016393442623,0.3292682926829268,0.1153846153846153,0.1475409836065573,0.4,0.1219512195121951,0.5961538461538461,0.0384615384615384,2.0,0.2926829268292683,0.5365853658536586,0.6585365853658537,0.5,0.0121951219512195,2058.754562933428,146.3632737151229,603.05776927475,144.97146073313382,1.0691332541592964,0.1209431139373021,8099.978312887609,1465.1522845683623,484.039145975839,114.08407063636874,0.3991933011147796,0.0371384996307977,0.2511200070486742,0.0577737436509663,0.586996537604207,0.0532797432319198,17.160566331362116,0.7604605441114546,0.5781664845265234,1,1.7772104302520235,0.4830428964178128
ScrunK,t,83,41.45783132530121,22.137495736370195,0.2891566265060241,0.1566265060240964,50.0,111.79518072289156,-61.795180722891565,2.7590361445783134,0.2048192771084337,0.0240963855421686,0.125,0.2857142857142857,0.2771084337349397,0.1666666666666666,0.2571428571428571,0.1818181818181818,0.0481927710843373,0.7083333333333334,0.0,2.27710843373494,0.1566265060240964,0.8554216867469879,0.7108433734939759,0.5542168674698795,0.0,2032.6739784489127,142.55561501439007,502.1464339783205,94.8210991543422,0.9047048396329544,0.1200406920116646,8195.348771694273,1480.5963393379411,372.39119115007816,69.54148318914793,0.3426871599381013,0.0464924957621703,0.1701166250728835,0.0407735030918585,0.5921121548902297,0.0639590726927078,23.144321691696163,0.4353482278547385,0.4490941036884149,0,-0.3435239039646998,-3.525715726543103
Senzu,t,83,71.42168674698796,17.77061331289071,0.6746987951807228,0.3012048192771084,90.50602409638554,93.56626506024097,-3.060240963855421,1.927710843373494,0.1686746987951807,0.0120481927710843,0.2857142857142857,0.2758620689655172,0.3855421686746988,0.1785714285714285,0.1896551724137931,0.4761904761904761,0.1566265060240964,0.7321428571428571,0.0,1.7349397590361446,0.2289156626506024,0.5542168674698795,0.4578313253012048,0.4939759036144578,0.0,1991.4388292182807,119.64433508191482,576.6480187313754,78.57520617194857,1.0138387226611971,0.0653904704100183,8242.627036576505,829.4494517361028,406.0911070286907,69.0377364567765,0.3899663330356234,0.0606857739527064,0.2392030905002273,0.0739688199568164,0.5824509585316091,0.0318514700348992,17.750567445242396,0.3448131862502397,0.3555883340837878,4,0.39921113587362445,-0.18746475601837279
Snappi,t,40,60.925,15.236009824437977,0.6,0.2,77.275,111.425,-34.15,6.275,0.075,0.0,0.25,0.15625,0.275,0.0833333333333333,0.09375,0.4,0.15,0.4583333333333333,0.0416666666666666,2.875,0.25,1.0,1.0,0.625,0.0,1967.6852764977943,34.606709972288456,536.8754599216034,42.59286986419512,0.9331582506475252,0.0340318071508358,8753.504678277333,1453.1642341620015,360.3419790439181,36.432184527739565,0.4592377468649553,0.0821087100354579,0.2232615341348422,0.0491023111505353,0.5729701782499728,0.0587975856188345,23.935677693908456,0.4214113192594617,0.3795146556579181,0,-1.4261337100253868,-2.0181999555863466
Snax,t,206,63.07766990291263,26.234086523099407,0.5242718446601942,0.2281553398058252,79.50970873786407,107.9271844660194,-28.41747572815534,5.868932038834951,0.2572815533980582,0.029126213592233,0.1851851851851851,0.2893081761006289,0.3203883495145631,0.1574074074074074,0.2578616352201258,0.293103448275862,0.1116504854368932,0.7777777777777778,0.0185185185185185,2.79126213592233,0.4271844660194174,0.7669902912621359,0.8932038834951457,0.6990291262135923,0.0048543689320388,2032.425257952827,93.274529617364,555.8266800075186,86.11084977160499,1.0202763255224332,0.1266271853817198,8026.438327553139,1961.450141975492,435.2392718955019,96.9893399196891,0.4114514476767607,0.0733733185090669,0.2140087255108,0.0434126087756522,0.6030143087613645,0.0780304524617889,17.033802661870062,0.62626720718113,0.4900556493605768,0,1.4931973716939086,0.286430757425223
Sonic,t,91,69.2967032967033,22.78641978165557,0.6593406593406593,0.2417582417582417,89.03296703296704,108.27472527472528,-19.24175824175824,5.274725274725275,0.1318681318681318,0.0,0.2333333333333333,0.2463768115942029,0.3406593406593406,0.2333333333333333,0.217391304347826,0.4827586206896552,0.1318681318681318,0.8,0.0166666666666666,2.318681318681319,0.3846153846153846,0.8241758241758241,0.5054945054945055,0.6043956043956044,0.0,1997.0344114080565,66.17927871471511,569.4837411417853,132.45588427407785,1.0137838453823205,0.1784096316331088,8444.33101447765,1658.076556775953,443.4293533346794,113.06303298452616,0.4239141364740222,0.0573122209656797,0.2398603588297534,0.0431595244057145,0.5979041951160476,0.0574145699815758,16.437072630397072,0.5500781900921127,0.4403506460023777,4,2.5123186038300336,0.6853397837945219
Spinx,t,318,66.52201257861635,42.03081496296964,0.5691823899371069,0.3081761006289308,85.41509433962264,104.0503144654088,-18.63522012578616,3.60377358490566,0.1729559748427672,0.0188679245283018,0.2209944751381215,0.2954545454545454,0.330188679245283,0.143646408839779,0.1454545454545454,0.4482758620689655,0.1289308176100629,0.8342541436464088,0.0,1.7327044025157232,0.4559748427672956,0.2830188679245283,0.490566037735849,0.5031446540880503,0.0,2050.3509693949018,164.9073322999977,633.9121661978276,173.23040210463083,1.1286234556781425,0.1773096651783905,8074.6362717317215,1637.9335621927594,479.33846984478,152.2112120109587,0.4249048440501349,0.105072212401036,0.2243488286367766,0.0684416186307117,0.6000190056477289,0.064435425888259,19.94882932104156,0.5475270801124686,0.4909613381191853,1,4.0505093557731575,1.8855859244218183
Staehr,t,75,80.62666666666667,32.411356524311536,0.6933333333333334,0.24,106.36,109.10666666666668,-2.7466666666666666,9.453333333333331,0.2133333333333333,0.0266666666666666,0.2115384615384615,0.2807017543859649,0.36,0.25,0.175438596491228,0.5652173913043478,0.1733333333333333,0.5961538461538461,0.0,1.9333333333333331,0.24,0.56,0.56,0.56,0.0133333333333333,2016.7457609199696,88.54420640932842,533.6419576230886,100.3914674674056,1.0030790645160297,0.1427299254777061,7694.899046685259,1286.522023024782,395.6856634718205,129.65670272132067,0.418395416025802,0.0480988808604335,0.228722384201504,0.0631722914943498,0.5919811472747488,0.0475200911638113,28.553359034784545,0.6621727223962902,0.4903750931845312,4,2.2469811803593083,1.0522397940567572
Starry,t,64,90.671875,20.43391388890959,0.734375,0.265625,121.875,103.40625,18.46875,6.21875,0.28125,0.03125,0.2765957446808511,0.3404255319148936,0.453125,0.1702127659574468,0.1702127659574468,0.5,0.1875,0.8085106382978723,0.0212765957446808,2.203125,0.34375,0.71875,0.578125,0.5625,0.0,2002.967265514429,94.09359995733138,493.7423146534061,58.14708337556664,0.9417973955020488,0.1031080551221268,7718.554147920802,1438.3283681779455,324.84814857986424,68.12372008868623,0.4482643795401253,0.0780046664304279,0.2359795583463523,0.0701276088642829,0.6336818448142246,0.0525036476756687,16.628128590097017,0.538401427041802,0.3798306167595143,4,0.9675651435486711,0.6854570846887192
SunPayus,t,147,65.82993197278911,29.131264614498804,0.6054421768707483,0.3265306122448979,97.99319727891157,101.04761904761904,-3.054421768707483,2.020408163265306,0.2517006802721088,0.0952380952380952,0.2584269662921348,0.1818181818181818,0.2789115646258503,0.1235955056179775,0.101010101010101,0.5238095238095238,0.1224489795918367,0.4044943820224719,0.3258426966292135,2.986394557823129,0.0952380952380952,1.4421768707482994,0.9591836734693876,0.4489795918367347,0.0408163265306122,2088.311150533276,89.20759866538876,503.85680140624726,88.86528084519266,0.941649759833019,0.0909421091252861,8685.03689557614,819.7161885925481,359.60485657563925,79.10621840828288,0.3418528990662358,0.0541165138343243,0.15458476504761,0.0479938593151426,0.6033921671926854,0.0367462141594321,19.32152524479715,0.7415372009677355,0.5880855588500827,2,-5.099997800646619,0.5435776413165786
Swisher,t,120,75.8,22.56286076198901,0.6583333333333333,0.2166666666666666,93.34166666666668,109.28333333333332,-15.941666666666666,10.691666666666666,0.2,0.0166666666666666,0.3164556962025316,0.2127659574468085,0.375,0.1392405063291139,0.1489361702127659,0.44,0.1583333333333333,0.7215189873417721,0.0126582278481012,2.6,0.45,0.725,0.65,0.7666666666666667,0.0083333333333333,2101.5142289578657,120.7233272324424,561.2122577513359,95.79392541093236,1.00737948835623,0.1006281820220717,8972.509506402237,1314.5400109759391,373.7073682226693,97.44849930438887,0.4029394433536965,0.0786482764375735,0.2144638340025846,0.0454509281989309,0.5812625792150702,0.0458713692604186,23.5812360408254,0.6201273493592795,0.4921593685181538,0,0.7994606438652351,1.1013178281716738
TH0R,t,52,34.78846153846154,13.024527163130696,0.2692307692307692,0.1346153846153846,42.21153846153846,111.75,-69.53846153846153,1.807692307692308,0.1346153846153846,0.0769230769230769,0.3571428571428571,0.1111111111111111,0.1923076923076923,0.0714285714285714,0.1333333333333333,0.1428571428571428,0.0192307692307692,0.5,0.1428571428571428,1.4230769230769231,0.0576923076923076,0.8076923076923077,0.3653846153846153,0.1923076923076923,0.0,2157.0304028543605,252.4400849661087,478.3500533543016,140.79334398056815,1.003673704671466,0.0964652866246094,7143.03273842943,1295.378107127594,372.95203010966486,120.98055791084798,0.3346746870832161,0.1004104900836022,0.1697627327155773,0.0630635520559746,0.6068647787689756,0.0554678564413065,16.46132001661296,0.2153136851043084,0.2191274141445085,3,-1.8288162338594627,-6.360055154120877
Tauson,t,206,72.60194174757281,29.27365810335863,0.6650485436893204,0.3300970873786408,93.5728155339806,103.00970873786407,-9.436893203883496,7.271844660194175,0.2524271844660194,0.0242718446601941,0.291970802919708,0.3260869565217391,0.4126213592233009,0.0583941605839416,0.181159420289855,0.2424242424242424,0.1601941747572815,0.7518248175182481,0.0145985401459854,1.7912621359223302,0.3106796116504854,0.3203883495145631,0.529126213592233,0.6262135922330098,0.0048543689320388,2048.156838827797,106.80762060419652,542.0038531528417,145.03970198023947,0.9587757207203772,0.139590856807397,8361.810640850568,1387.8689091147132,363.8274512424808,107.01322060691191,0.4192434000696639,0.0780781736710804,0.1975464149547624,0.0460350875113385,0.5911946449085429,0.0498627439542238,16.671757555885673,0.7204142069852395,0.5124178876634226,4,1.3818169121517485,1.2838763588154132
TeSeS,t,327,65.63302752293578,18.07522174530416,0.5688073394495413,0.3119266055045872,87.03975535168196,102.16819571865445,-15.128440366972477,3.336391437308869,0.2110091743119266,0.0275229357798165,0.3279569892473118,0.2311111111111111,0.345565749235474,0.1182795698924731,0.1422222222222222,0.4074074074074074,0.110091743119266,0.7526881720430108,0.010752688172043,2.363914373088685,0.2110091743119266,0.8562691131498471,0.8165137614678899,0.4801223241590214,0.0,2064.862145333534,115.5683388439966,646.7225930565795,147.7580028350849,1.0460779529350248,0.0994335573097998,8700.963440512292,1427.9646944094347,464.1713140120387,110.1461160775154,0.4024591544297023,0.084509274118218,0.2139994072771131,0.0480934750729869,0.5878735126916467,0.0542612966152045,14.990337548474052,0.4503670452016271,0.3416492014406536,0,-0.1631852593190216,0.8397811998681598
Techno4K,t,271,56.55719557195572,20.592584788228542,0.4686346863468634,0.2546125461254612,70.12546125461255,105.57564575645756,-35.450184501845015,4.03690036900369,0.2140221402214022,0.040590405904059,0.3779527559055118,0.297029702970297,0.3985239852398524,0.1417322834645669,0.2079207920792079,0.3,0.1033210332103321,0.7401574803149606,0.0,2.1180811808118083,0.3394833948339483,0.6014760147601476,0.5904059040590406,0.5719557195571956,0.014760147601476,2062.400082043644,117.27062520851044,592.0208155417057,82.45307079928719,1.026190637589146,0.0904295861267415,8897.705023728624,1947.9827371936517,418.6734754339438,81.44347758495086,0.4041183664928482,0.0905920538263833,0.213556543959598,0.0735181723994172,0.5744815498835398,0.0688411926267552,18.513099495248035,0.7026070886878242,0.558148141657784,4,0.9749717739870921,-0.13493293705660625
Twistzz,t,58,66.94827586206897,20.99004293950612,0.5862068965517241,0.1034482758620689,88.98275862068965,123.67241379310344,-34.689655172413794,1.2758620689655171,0.2068965517241379,0.0344827586206896,0.1764705882352941,0.2884615384615384,0.3620689655172414,0.2647058823529412,0.173076923076923,0.5,0.1551724137931034,0.7058823529411765,0.0,2.396551724137931,0.1034482758620689,0.9827586206896552,0.7241379310344828,0.5862068965517241,0.0,2002.7860439937256,182.63774597976897,546.8147948179603,56.92979634425439,1.0367010561618342,0.1349730142770949,8199.50099969825,1592.7302561905844,415.1089867511871,103.68604217460404,0.4204897798032311,0.0457542871215737,0.2272502432810113,0.0393872781828885,0.5817173100631321,0.1021264484607651,29.216083362574707,0.6508880330874551,0.5225593999161235,4,1.5961437731559898,-0.6601853205842364
V$m,t,68,66.45588235294117,25.899615320982672,0.6029411764705882,0.2794117647058823,86.36764705882354,98.25,-11.882352941176473,2.75,0.1617647058823529,0.0441176470588235,0.3902439024390244,0.1836734693877551,0.3676470588235294,0.1219512195121951,0.2040816326530612,0.3333333333333333,0.1470588235294117,0.6585365853658537,0.0,1.8529411764705883,0.1470588235294117,0.5294117647058824,0.5882352941176471,0.5882352941176471,0.0,1945.218233509224,92.67431898011812,494.15072817377256,156.17104216135087,0.9147106227649248,0.1349435640035007,8727.657740282084,940.9469228737742,380.10842128574814,133.70099461110857,0.4456972343941602,0.0993574916741385,0.2230738854109796,0.0440951697174213,0.5919502990330066,0.0399269643415579,19.9914947901746,0.6590938999800632,0.5355936074294944,4,0.7915435740634899,-0.3100570478375549
Wicadia,t,104,66.16346153846153,17.369188594629453,0.5673076923076923,0.2403846153846154,79.59615384615384,112.22115384615384,-32.625,1.9615384615384612,0.1923076923076923,0.0096153846153846,0.2203389830508474,0.2151898734177215,0.2884615384615384,0.1016949152542373,0.1012658227848101,0.4285714285714285,0.1346153846153846,0.7457627118644068,0.0,1.6923076923076923,0.3269230769230769,0.3269230769230769,0.5673076923076923,0.4711538461538461,0.0,1981.2543749694669,95.42387204495849,584.0339397263878,110.1799047874252,1.0333548313862528,0.0873727038279567,8776.851853653006,1262.0565331812388,459.42928030806246,91.88926166029604,0.4026397751532722,0.1076266593704503,0.2432720013069819,0.0303179916472123,0.5765084152443127,0.0465089796277731,17.73052611948752,0.4792701038568228,0.4071787542754168,4,1.1939555115115312,-0.6665415274691183
X5G7V,t,87,57.86206896551724,14.811655926887951,0.5057471264367817,0.1839080459770115,70.63218390804597,115.183908045977,-44.55172413793103,3.1724137931034484,0.2068965517241379,0.0344827586206896,0.3409090909090909,0.1549295774647887,0.2988505747126437,0.1136363636363636,0.1690140845070422,0.2941176470588235,0.1149425287356321,0.6818181818181818,0.0,3.057471264367816,0.2183908045977011,1.206896551724138,0.9310344827586208,0.7011494252873564,0.0,2070.985663616642,102.0577363164696,540.0760607543323,85.39826714694365,1.0146829476490868,0.0937965120413168,8771.189952517087,1058.9622826479404,429.76816766981295,111.88638114320734,0.3566073737534971,0.0777118538954822,0.1962563788569614,0.0587743556186522,0.5899635295650546,0.040402150789419,9.650241397822642,0.3355189320416404,0.181465236760745,0,-1.7402938456579389,-1.9173279557116556
XANTARES,t,104,79.17307692307692,17.602413332068945,0.75,0.2788461538461538,99.23076923076924,107.09615384615384,-7.865384615384615,2.5961538461538463,0.1346153846153846,0.0096153846153846,0.3333333333333333,0.2,0.3942307692307692,0.1923076923076923,0.1333333333333333,0.6,0.173076923076923,0.8461538461538461,0.0,1.5576923076923077,0.1538461538461538,0.4807692307692308,0.4134615384615384,0.5096153846153846,0.0,1980.5710131854432,83.24366234629561,521.5507511995298,68.91966440763109,0.9459116928020936,0.1199833425917444,8875.028366578134,1325.007485043071,361.6268975944184,52.42400631990529,0.3933062161288169,0.0749145459808963,0.1842323782056115,0.0454389161985391,0.5653278112753513,0.033930709610991,12.412112168159998,0.5139639748981566,0.3441031688377938,4,-0.35948458659595256,-0.043638702481565664
YEKINDAR,t,116,75.23275862068965,34.03535845059946,0.6982758620689655,0.2844827586206896,95.39655172413794,100.07758620689656,-4.681034482758621,4.215517241379311,0.2413793103448276,0.043103448275862,0.1604938271604938,0.3012048192771084,0.3275862068965517,0.2716049382716049,0.2289156626506024,0.5365853658536586,0.1810344827586207,0.654320987654321,0.0,2.2155172413793105,0.2241379310344827,0.896551724137931,0.5344827586206896,0.5603448275862069,0.0,2051.3501230775446,122.1595141398989,689.2434349065978,135.08663907654233,1.1366484005778297,0.1090814485708015,9473.551315456472,1700.9247747003135,521.3909740839351,108.12370972487152,0.4069642205639971,0.0591935223596911,0.241315487870748,0.0931160694235577,0.5572063960047131,0.03984735700135,16.331967374087235,0.703553062627628,0.547650695213249,1,1.9956214299488204,3.726457129749436
Zero,t,78,74.58974358974359,17.420938397520548,0.5897435897435898,0.2051282051282051,88.92307692307692,108.17948717948718,-19.256410256410252,4.67948717948718,0.1794871794871795,0.0256410256410256,0.3043478260869565,0.2741935483870967,0.3974358974358974,0.1304347826086956,0.1774193548387097,0.3529411764705882,0.1153846153846153,0.8043478260869565,0.0,1.5384615384615383,0.1923076923076923,0.2948717948717949,0.4743589743589743,0.5769230769230769,0.0,2044.001538787653,113.74600457581444,497.46672785469474,107.79322772752262,0.9476854850286912,0.0910748773010341,8442.51146816072,672.9335903416186,371.4929184782797,94.23985209935516,0.4223728141848531,0.0513675826287057,0.2451258738082833,0.0683211577642808,0.6056430808122458,0.0284089736861302,15.078668878386877,0.2694337426282511,0.2246845974102456,4,0.9605746972322391,-2.174458134754792
ZywOo,t,137,69.51824817518248,34.9539309826602,0.656934306569343,0.4087591240875912,100.04379562043796,85.7007299270073,14.343065693430656,1.0291970802919708,0.2116788321167883,0.0802919708029197,0.3444444444444444,0.2345679012345679,0.364963503649635,0.1444444444444444,0.1604938271604938,0.5,0.1678832116788321,0.5111111111111111,0.2777777777777778,1.927007299270073,0.1167883211678832,0.9124087591240876,0.5401459854014599,0.3576642335766423,0.0,2145.973077182425,121.01989319732787,523.1887012596441,100.24894109815078,0.8921109771861601,0.0714719777336397,9572.04426727106,1794.3404980648468,387.7769458523905,99.08302427808049,0.2926045809604222,0.0753218606261268,0.1275929030340525,0.0400285997428577,0.5537147066281488,0.0516931097225383,12.799238127052584,0.7412127794835278,0.531462684997023,2,-4.713993256508605,3.2030724794612064
afro,t,104,59.46153846153846,33.47467207280007,0.4615384615384615,0.2788461538461538,82.8076923076923,107.10576923076924,-24.298076923076923,1.9711538461538465,0.1826923076923076,0.0769230769230769,0.3541666666666667,0.1466666666666666,0.2692307692307692,0.0625,0.1066666666666666,0.2727272727272727,0.0865384615384615,0.4166666666666667,0.3958333333333333,2.4903846153846154,0.0673076923076923,1.2211538461538465,0.7788461538461539,0.4230769230769231,0.0,2108.599007473962,101.4475659238913,512.9190078683628,111.17925046822276,0.8735679524651607,0.0917994177707751,7617.32523315075,1046.678878928791,380.43098933325473,72.97686593047891,0.3421676397236361,0.0942146966702038,0.1243285954363305,0.0617981386531105,0.6278313544416231,0.071234935387332,23.770556149946707,0.5626050934048623,0.4514089605330295,2,-4.126652490486167,-2.1397993103051673
alex,t,103,65.75728155339806,20.09134185848044,0.5922330097087378,0.2524271844660194,79.35922330097087,107.59223300970874,-28.233009708737864,6.766990291262136,0.2135922330097087,0.0485436893203883,0.3278688524590163,0.2337662337662337,0.3689320388349514,0.0983606557377049,0.1168831168831168,0.4,0.1262135922330097,0.7704918032786885,0.0163934426229508,2.902912621359224,0.3689320388349514,0.7184466019417476,1.1262135922330097,0.6893203883495146,0.0,2042.37949720477,162.6121095920001,497.0558499987642,80.87354247205577,0.9388958971684092,0.0617665791776326,9244.767484425767,1566.6652081364482,347.9825003054104,86.28169464002566,0.3840047391524182,0.1012439073138638,0.1810959950821318,0.0545603455270294,0.5559593634890494,0.0558346035025984,17.802111544700928,0.5058815231800575,0.3485435996126671,0,-1.5885651018017652,0.025932153123994075
alex666,t,183,58.63387978142077,20.81259985635307,0.5300546448087432,0.2568306010928962,75.8743169398907,105.19125683060108,-29.316939890710383,2.278688524590164,0.1693989071038251,0.0163934426229508,0.3298969072164948,0.2205882352941176,0.3387978142076502,0.0618556701030927,0.1764705882352941,0.2,0.1147540983606557,0.7835051546391752,0.0,2.442622950819672,0.2841530054644808,0.73224043715847,0.8907103825136612,0.5355191256830601,0.0,2118.5400700822647,117.97907205846484,544.9887888798092,62.67161300583696,1.0172283840678005,0.105604255759269,8876.190971575756,1729.6678602719371,412.4138729482498,74.56609624597101,0.322004074503299,0.0465142264431314,0.1494789742420127,0.0602354069051266,0.5606528455809703,0.0643982897300799,21.1498323313576,0.5765552870277054,0.4976120654922275,0,-1.5141858292414418,-0.10884318527507707
apEX,t,137,64.23357664233576,23.04039002025256,0.5109489051094891,0.2262773722627737,81.62773722627738,116.34306569343066,-34.715328467153284,4.824817518248175,0.2700729927007299,0.072992700729927,0.2428571428571428,0.2452830188679245,0.3138686131386861,0.2571428571428571,0.2358490566037736,0.4186046511627907,0.1167883211678832,0.7714285714285715,0.0,2.45985401459854,0.145985401459854,1.2335766423357664,0.5401459854014599,0.5401459854014599,0.0,2067.268266751381,148.48418052239006,576.8695814569131,90.87070035648183,0.9895125821236956,0.1056494465798833,8933.176138816018,1673.472775071525,429.5348661474554,77.97884746335933,0.3579292404315426,0.0588542283289979,0.2196780850978248,0.0353779326051153,0.5834866022044735,0.0552150465942843,17.659208450483934,0.4725587184935248,0.4057366904608595,0,-0.4593399863868008,-0.3029726361984798
arT,t,266,64.86842105263158,24.07499923082044,0.5150375939849624,0.2368421052631578,80.52255639097744,114.99624060150376,-34.473684210526315,4.827067669172933,0.2706766917293233,0.037593984962406,0.2627737226277372,0.3497536945812808,0.4022556390977443,0.2335766423357664,0.1724137931034483,0.4776119402985074,0.0902255639097744,0.7518248175182481,0.0145985401459854,2.612781954887218,0.3157894736842105,0.9699248120300752,0.7669172932330827,0.5488721804511278,0.0112781954887218,2025.1787617579616,121.13793796804744,528.8765419989425,109.6559581662186,0.987148165273292,0.082025467067777,8537.825115361164,1172.0853016930564,388.2193465213984,96.3320382274617,0.4188939463967067,0.0648549395428402,0.2218816754797575,0.0550088242803131,0.5929863876287816,0.0420931234047255,14.918713566250595,0.5771061385893371,0.3712341389707959,4,0.38012935651465407,-0.8430609225930782
b1t,t,154,85.82467532467533,35.25776871861621,0.7662337662337663,0.3246753246753247,108.72727272727272,95.32467532467533,13.402597402597404,4.318181818181818,0.2142857142857142,0.0194805194805194,0.2966101694915254,0.2884615384615384,0.422077922077922,0.1186440677966101,0.125,0.5185185185185185,0.1688311688311688,0.7796610169491526,0.0,1.8571428571428568,0.2337662337662337,0.6038961038961039,0.538961038961039,0.461038961038961,0.0194805194805194,2125.766488615433,167.38275087619948,668.3401766814325,138.07088023517036,1.1090124802291306,0.1503313392307749,9708.327122982975,1901.357371910972,484.8428195049848,131.82873057184975,0.3207781049776054,0.0791550807501986,0.2100380050873998,0.0703660867908493,0.5212136117671157,0.0742567371004651,14.639533756293703,0.724891304997083,0.6044543977800211,1,0.8442641087470037,5.477580986796266
bLitz,t,271,67.31365313653137,19.3970835610997,0.5387453874538746,0.2656826568265683,83.18450184501845,103.18450184501845,-20.0,10.324723247232471,0.2988929889298893,0.059040590405904,0.3356164383561644,0.2613065326633166,0.3726937269372694,0.136986301369863,0.1758793969849246,0.3636363636363636,0.1328413284132841,0.7465753424657534,0.0205479452054794,3.081180811808118,0.4132841328413284,1.1291512915129152,0.8745387453874539,0.6494464944649446,0.014760147601476,2049.9210175502085,120.44631670619596,573.4974279538972,98.45727622271714,1.0229103714965375,0.1249836873993038,9337.329177576035,1410.0874859817206,423.31851170663367,104.12303407305072,0.3747102172719637,0.0735850671542924,0.1931085819361537,0.0663887178655991,0.5583858377646377,0.047385190693333,17.212769652177954,0.6175927116360458,0.4012059685849071,0,-0.5702127154970426,1.7356505213145537
beastik,t,82,65.91463414634147,33.295552715412946,0.5609756097560976,0.2439024390243902,81.13414634146342,110.35365853658536,-29.21951219512195,1.7682926829268293,0.2073170731707317,0.0121951219512195,0.2391304347826087,0.2258064516129032,0.3048780487804878,0.108695652173913,0.1935483870967742,0.2941176470588235,0.1585365853658536,0.5869565217391305,0.0,2.365853658536585,0.1341463414634146,0.8902439024390244,0.8170731707317073,0.5121951219512195,0.0121951219512195,2076.049695464162,142.16026749519398,602.7481479999691,122.30452190505498,1.068957957108693,0.0893085471747218,8128.844948213992,1686.8863596220908,482.31942298644,119.71631532967864,0.3573682589943538,0.0652367935397617,0.213737296489567,0.0414113718204563,0.5940210390092759,0.0486541190349666,19.758150412236212,0.7284683792907417,0.4898415167447587,1,0.2194328931035455,0.3362034148978212
biguzera,t,183,56.060109289617486,27.92058630731888,0.4863387978142076,0.2568306010928962,72.67213114754098,104.74863387978142,-32.076502732240435,3.836065573770492,0.174863387978142,0.0054644808743169,0.2584269662921348,0.2573529411764705,0.3169398907103825,0.1235955056179775,0.125,0.3928571428571428,0.087431693989071,0.651685393258427,0.0,2.650273224043716,0.2896174863387978,0.8579234972677595,0.9508196721311476,0.5409836065573771,0.0109289617486338,2016.927498315019,122.10267470055106,520.7224716252954,92.70862348120735,0.9575899899408732,0.0886587377703412,9304.051844076375,1914.8517889370985,368.4319562993652,54.13393117674884,0.3903865951792256,0.09373480930632,0.2000589862965814,0.0443997139162272,0.5548347126402742,0.063689413654803,17.66377116086869,0.5795411718927235,0.4355968181134397,0,-1.1065922616729418,-0.2424057674744699
br0,t,60,71.66666666666667,13.876370803155512,0.5666666666666667,0.2166666666666666,86.11666666666666,102.86666666666666,-16.75,7.1,0.2833333333333333,0.0333333333333333,0.2647058823529412,0.3191489361702128,0.4,0.1764705882352941,0.1702127659574468,0.4285714285714285,0.1333333333333333,0.7941176470588235,0.0294117647058823,2.1666666666666665,0.45,0.7166666666666667,0.3,0.6833333333333333,0.0166666666666666,2003.0116417196637,175.23714260448736,549.8398391790683,139.10651366281886,0.9851918083086494,0.1438484422630964,8989.246924630113,1007.0889916547882,457.22034029328046,120.48273652339114,0.4251509605580015,0.1223866214181969,0.2329884172555647,0.0445347123831306,0.5852321128932567,0.0463452331244189,9.361110270022904,0.3242773464936759,0.2333916656865707,4,1.8498919572523642,0.5373488275716759
brnz4n,t,105,54.55238095238095,17.13200312778073,0.5142857142857142,0.2571428571428571,72.23809523809524,108.1904761904762,-35.95238095238095,3.104761904761905,0.1523809523809524,0.0095238095238095,0.4444444444444444,0.2564102564102564,0.419047619047619,0.1111111111111111,0.2307692307692307,0.25,0.1428571428571428,0.8333333333333334,0.0,2.095238095238096,0.1619047619047619,0.7333333333333333,0.7714285714285715,0.419047619047619,0.0095238095238095,2112.4328289687915,159.22444064928615,607.1211240795072,167.95058419491463,1.0503497661414656,0.2290037702696883,7360.927711050223,1024.2133540885854,371.87946351085714,182.860351928256,0.3810234231552656,0.112535133210179,0.1705762751738294,0.0688054454882414,0.6189663742171913,0.0491856079050878,18.29666310638328,0.4061865369233423,0.4128604284550983,3,1.7280417459991508,-1.3727180569035948
broky,t,57,45.87719298245614,17.348734303302873,0.4736842105263157,0.2982456140350877,65.7719298245614,99.96491228070175,-34.19298245614035,1.1754385964912282,0.1578947368421052,0.1052631578947368,0.4814814814814814,0.275,0.4210526315789473,0.1481481481481481,0.125,0.4444444444444444,0.1228070175438596,0.5555555555555556,0.2592592592592592,2.0350877192982457,0.0350877192982456,1.105263157894737,0.4210526315789473,0.4736842105263157,0.0,2068.4072426108983,103.67871341352638,466.273754917779,83.03715561107128,0.8904474003466964,0.1220918190144309,8709.51149361697,1229.4644737019828,320.9391746717964,91.90652021410446,0.3465156645984671,0.095327890430346,0.1228556892839964,0.044374070263823,0.5842477638407236,0.0701132470748147,18.6189641716331,0.5112017487168411,0.4541668888219598,2,-3.918080067662631,-1.526736710968041
cairne,t,40,74.725,36.06253410037543,0.6,0.2,90.625,117.075,-26.45,5.175,0.275,0.025,0.25,0.21875,0.325,0.25,0.125,0.6,0.125,0.7083333333333334,0.0,1.675,0.4,0.5,0.5,0.275,0.0,2017.0924264681155,91.92369677290678,570.6122529567377,126.25797925124024,1.0187382448340228,0.2213108877092101,8308.589178663542,824.0540413385926,388.78292005031983,105.40799850685144,0.4511113233550287,0.1145013107402225,0.2634189193642773,0.0657291127534115,0.5969799169945478,0.0387574064917744,23.935677693908453,0.6211950847626962,0.5555517792294098,4,3.2943089575367486,-0.40439712147968493
cmtry,t,80,53.9625,27.123530904874908,0.525,0.35,70.375,85.175,-14.8,2.05,0.2,0.075,0.3809523809523809,0.3269230769230769,0.4125,0.0952380952380952,0.1153846153846153,0.4,0.0875,0.2857142857142857,0.4047619047619047,2.65,0.05,1.225,0.825,0.55,0.0,2144.634827462248,125.95546530904114,525.4449092834678,92.27742868461397,0.9098855071351728,0.0794911892218343,9183.50614988398,1811.8317226509569,375.4928940669147,61.07853531741891,0.367200055355256,0.1038262965995852,0.1605393938201267,0.0377560747909029,0.5633810944228971,0.0565297012330945,19.25631722940462,0.6384534926134063,0.4973078212066616,2,-5.249106730956461,0.8771402331778978
cobrazera,t,271,67.05166051660517,20.53321842829406,0.6051660516605166,0.2398523985239852,87.66051660516605,110.380073800738,-22.719557195571955,3.719557195571956,0.1734317343173431,0.0,0.2621951219512195,0.2427184466019417,0.3431734317343173,0.1341463414634146,0.1601941747572815,0.4,0.1476014760147601,0.7134146341463414,0.048780487804878,1.6494464944649447,0.2693726937269373,0.3542435424354243,0.5719557195571956,0.4538745387453874,0.0,2005.1516647686296,108.31786208181342,508.4777241434734,141.61129795132314,0.9251017290460636,0.1472245617502131,8665.276274433632,1225.2986658103234,380.9370287919961,111.8180269405054,0.404351251244956,0.0933623703552469,0.216679873629784,0.0722327474309675,0.5802338807953134,0.0498923024391557,14.692538612470122,0.4760496286019798,0.4179141485948311,4,1.3393521435470541,-0.6850579588110298
controlez,t,105,53.05714285714286,19.624507206267864,0.4095238095238095,0.1428571428571428,64.78095238095239,117.98095238095236,-53.2,2.323809523809524,0.1714285714285714,0.0,0.1627906976744186,0.2333333333333333,0.2666666666666666,0.2093023255813953,0.2333333333333333,0.3,0.0857142857142857,0.813953488372093,0.0,1.2476190476190476,0.1238095238095238,0.3523809523809524,0.419047619047619,0.3523809523809524,0.0,1969.8499322979849,100.39658707754576,549.1633225623785,117.18568891272344,0.974168124019166,0.0922608195903002,7115.640281594354,1195.9549959833748,419.0049349099862,80.43035078459052,0.4527875709620031,0.1309392302221571,0.2223454246336889,0.0362149465325629,0.664024413217595,0.0436622262778222,12.3054384870438,0.3899020612624389,0.330302939595556,3,2.818307374310663,-5.186029865824798
corn,t,52,29.903846153846157,17.791575923658836,0.2307692307692307,0.0576923076923076,33.40384615384615,121.6923076923077,-88.28846153846153,3.3653846153846154,0.1346153846153846,0.0384615384615384,0.5833333333333334,0.2040816326530612,0.3269230769230769,0.1666666666666666,0.1224489795918367,0.25,0.0384615384615384,0.4166666666666667,0.0,1.3846153846153846,0.2115384615384615,0.2692307692307692,0.6923076923076923,0.2115384615384615,0.0,2121.0771626519954,235.0985467342779,428.4026653791142,59.41341739159887,0.9265866576627227,0.0722043806003298,6827.819543552889,1401.4695393768457,279.76520336775195,52.5205558523484,0.3906649691949663,0.0796518173069341,0.1603054487192207,0.0953405966479572,0.6152442395350624,0.0627652992603071,24.054297359647908,0.3910064470909228,0.2855384286003991,3,-0.6636274343824164,-8.418295562271084
daps,t,31,50.935483870967744,20.08540791497925,0.3548387096774194,0.1290322580645161,59.41935483870968,129.5483870967742,-70.12903225806451,3.3548387096774195,0.1935483870967742,0.032258064516129,0.0,0.1851851851851851,0.1612903225806451,0.3636363636363636,0.1111111111111111,0.5714285714285714,0.032258064516129,0.4545454545454545,0.0,1.935483870967742,0.3225806451612903,0.6451612903225806,0.3870967741935484,0.5806451612903226,0.0,2036.1713965939305,40.8253420339025,735.6334856053091,240.9227703403134,1.1709713278408966,0.0995808175185567,8006.931776191892,631.1272495901281,625.1733529156801,232.4662361838458,0.4083873665372036,0.1140741412173416,0.2227053645847212,0.0879784695554296,0.5969659184554124,0.0226333436095964,4.507070115714507,0.097154892461737,0.10306016378743,3,3.747544187072903,-2.172912270757592
dav1g,t,103,71.06796116504854,33.92497841190485,0.5533980582524272,0.2912621359223301,84.50485436893204,101.45631067961163,-16.95145631067961,3.0,0.233009708737864,0.0097087378640776,0.2631578947368421,0.1780821917808219,0.2718446601941747,0.2807017543859649,0.2054794520547945,0.5161290322580645,0.1067961165048543,0.7017543859649122,0.0,1.922330097087379,0.2427184466019417,0.5048543689320388,0.6990291262135923,0.4660194174757281,0.0097087378640776,2017.1954380499492,138.6658470523737,543.5501422162139,84.06779812764142,1.0024245388391104,0.1510565897314229,8930.939808029292,1865.821730260041,420.0453978599775,120.86330934555608,0.4379282210096897,0.0871300150661803,0.1949063168626786,0.055443098140638,0.5759410217002233,0.0719993416773594,8.810826579883118,0.801014051560567,0.5054825583872973,4,1.1575836508315798,0.910706780728832
dem0n,t,80,80.175,18.61165539615008,0.8,0.3375,107.1875,95.3625,11.825,4.6125,0.1375,0.0125,0.28125,0.2075471698113207,0.3625,0.15625,0.1698113207547169,0.5263157894736842,0.2375,0.796875,0.0,2.0625,0.325,0.475,0.6875,0.5625,0.0125,2059.002749344721,126.8376786825224,537.7810807489594,123.72482695633386,0.9437612959893648,0.1485362282738808,8728.465709378646,1505.9419300910345,406.3342150662355,149.25169530838323,0.4204007979216345,0.1021740620793279,0.2256530714833205,0.0828597528323166,0.5546533846344095,0.0682976307971455,19.105350344725814,0.6953464410185688,0.5068837250772922,1,1.4559935906225057,3.091369114777975
dgt,t,106,91.87735849056604,31.846176552188357,0.8018867924528302,0.3396226415094339,111.94339622641508,96.23584905660375,15.70754716981132,2.7452830188679247,0.1886792452830188,0.0094339622641509,0.2,0.1714285714285714,0.2735849056603773,0.1294117647058823,0.1285714285714285,0.55,0.2358490566037736,0.788235294117647,0.0,1.6320754716981132,0.3962264150943396,0.3018867924528302,0.4433962264150943,0.490566037735849,0.0,2029.9816099585207,234.57175325722875,647.8829753981428,185.8503763883739,1.111326454181735,0.1406727140734119,8144.759736316485,1205.0857876694888,511.1599474989277,167.3221471340891,0.4105891011539005,0.0989256212037656,0.2184233132522765,0.0719492145169232,0.5734702098913669,0.0582853792897771,16.941427221390484,0.8310724521282463,0.5631088109267904,1,3.338079130790595,4.2498475424218825
donk,t,151,95.45695364238412,22.98588335368916,0.8807947019867549,0.3509933774834437,126.34437086092716,97.52317880794702,28.82119205298013,5.701986754966887,0.2781456953642384,0.0264900662251655,0.2857142857142857,0.3061224489795918,0.4503311258278146,0.2180451127819548,0.2346938775510204,0.5576923076923077,0.271523178807947,0.8421052631578947,0.0075187969924812,1.9933774834437088,0.3774834437086092,0.4768211920529801,0.5033112582781457,0.6357615894039735,0.0,1992.9936668525545,122.47367239349246,537.6209573728994,86.28442095015133,0.90177097581679,0.0656349261909153,9342.882251131909,1979.7577931069984,355.18178020055814,58.59181268795374,0.3861158627269895,0.0592015016724034,0.2007356378028344,0.0522539687761161,0.5723825586613244,0.0700775466754247,14.36920203449955,0.6018944393576647,0.426872504028643,4,0.27180802034191076,3.996960961890914
dumau,t,266,81.28571428571429,26.71163818859927,0.7781954887218046,0.2706766917293233,104.01503759398496,106.1127819548872,-2.097744360902256,6.390977443609023,0.206766917293233,0.0225563909774436,0.2898550724637681,0.2989690721649484,0.4436090225563909,0.1642512077294686,0.211340206185567,0.4533333333333333,0.2030075187969924,0.855072463768116,0.0,2.300751879699248,0.3834586466165413,0.6654135338345865,0.5977443609022557,0.6466165413533834,0.0075187969924812,2007.6821685501045,112.32248949849227,528.4038001730556,111.340585610124,0.9842249884450736,0.1032240058047947,8212.754176319908,1215.8872121519364,377.7092669783874,88.24421771143824,0.4338519874268534,0.0740325821158955,0.2197119767241837,0.0627034725696315,0.611435850991037,0.0490409447485682,15.11247085426288,0.6027948806440457,0.4174647252715875,4,1.7507295121550368,1.0257115844133953
dziugss,t,80,88.6375,41.88595656244532,0.825,0.325,114.5125,98.075,16.4375,5.025,0.2,0.025,0.2575757575757575,0.2777777777777778,0.4,0.1818181818181818,0.1851851851851851,0.5454545454545454,0.25,0.8181818181818182,0.0,2.2875,0.525,0.4375,0.6125,0.7125,0.0,2047.8563098219493,139.59129776473154,641.0677544107202,196.45861101324533,1.0532015283620553,0.1874750535672158,8646.594868103151,1283.1430393152827,475.710430590208,164.95394350372806,0.4334806607404848,0.0829199414369825,0.248630743755453,0.0596494143695808,0.5594100428628257,0.0607856379860049,13.835445846788248,0.6718175776922489,0.5171038753241627,1,3.6684956111976414,5.525858994318099
electroNic,t,36,53.388888888888886,23.003673217151245,0.4722222222222222,0.3055555555555556,64.5,97.02777777777776,-32.52777777777778,2.0277777777777777,0.1388888888888889,0.0,0.4117647058823529,0.24,0.3611111111111111,0.0,0.08,0.0,0.0555555555555555,0.6470588235294118,0.0,1.805555555555556,0.25,0.6388888888888888,0.4722222222222222,0.4444444444444444,0.0,1981.9731047340972,127.34224097181084,592.7683203053265,65.01924110857976,1.030325384930848,0.0733705628939991,9599.060138576897,2483.1060667635443,413.8038903861572,65.30005232277897,0.3863273700338223,0.048824750838512,0.230898186315808,0.048257611372742,0.5565859302556886,0.0629839191760602,20.971762320196525,0.3499136798316598,0.4932737439709801,0,-0.6598059458951131,-0.7692705106952968
electronic,t,47,64.08510638297872,22.906697890220965,0.5106382978723404,0.1702127659574468,81.8936170212766,118.72340425531917,-36.82978723404256,1.9574468085106385,0.2340425531914893,0.0425531914893617,0.375,0.3076923076923077,0.4468085106382978,0.2083333333333333,0.1538461538461538,0.4545454545454545,0.0638297872340425,0.7916666666666666,0.0,2.0,0.3617021276595745,0.7021276595744681,0.4893617021276595,0.4468085106382978,0.0,2053.121398255182,84.73485525750951,635.4461358052516,87.35807201124244,1.0755515037416468,0.1233878982773487,8280.819933233632,1043.6293084309252,460.2308101643422,104.14178620329288,0.415735950599835,0.0788702233378304,0.2922698438192275,0.072957604879436,0.5662344043839757,0.0466221797989667,23.55703308514714,0.3816743957257509,0.4638169986833284,4,2.3888496144610225,-1.0792078447179483
esenthial,t,183,52.8688524590164,15.581983497421843,0.5027322404371585,0.2185792349726776,69.86338797814207,108.67213114754098,-38.80874316939891,2.469945355191257,0.1639344262295081,0.0109289617486338,0.4347826086956521,0.1888111888111888,0.366120218579235,0.108695652173913,0.1118881118881118,0.3846153846153846,0.0928961748633879,0.8260869565217391,0.0,1.7486338797814207,0.2950819672131147,0.3715846994535519,0.6120218579234973,0.4699453551912568,0.0,2079.6377108240863,137.30067354182268,586.6958772472601,125.93163446805696,1.0537756431268424,0.0871873668204756,8295.332089023492,1509.7350470623392,429.43154957927175,115.16455587697833,0.3915864381024515,0.0974933050403024,0.1999342180994624,0.07272010542191,0.5813935559415052,0.0561593872554584,20.68444741547141,0.4960467590501171,0.3924783011177105,3,1.0070392916908177,-1.4913918928628236
fame,t,87,69.0,23.91657136530452,0.5977011494252874,0.1839080459770115,92.14942528735632,119.86206896551724,-27.71264367816092,4.597701149425287,0.1379310344827586,0.057471264367816,0.3269230769230769,0.1690140845070422,0.3333333333333333,0.0769230769230769,0.1267605633802817,0.3076923076923077,0.1264367816091954,0.7692307692307693,0.0,2.4827586206896552,0.367816091954023,0.7701149425287356,0.6666666666666666,0.6781609195402298,0.0,2082.079445246882,77.76992302620437,637.6004817146195,136.26922442662462,1.143533735304983,0.0981966844139288,9177.909980057007,1012.0868450262616,472.6732584174826,105.15304745464272,0.3790151496844007,0.1117972289564478,0.2020672501455681,0.0485341725415805,0.5696677679187592,0.0362270541801072,13.67942535473508,0.554833891969551,0.3987890531967178,0,0.6457531107439417,0.4394259985999296
flameZ,t,137,61.45985401459854,22.856834243459804,0.5401459854014599,0.2481751824817518,77.94890510948905,104.37956204379562,-26.43065693430657,2.839416058394161,0.1970802919708029,0.0218978102189781,0.2027027027027027,0.2718446601941747,0.3138686131386861,0.2297297297297297,0.2427184466019417,0.4047619047619047,0.1240875912408759,0.5945945945945946,0.0135135135135135,2.058394160583941,0.1897810218978102,0.8613138686131386,0.4233576642335766,0.5766423357664233,0.0072992700729927,2008.724387680665,106.38648058325954,525.9083169940404,97.72449733613666,0.9124096429263816,0.0699713130134073,8668.138714773626,1536.2869878839958,337.2011108045268,40.0866662721287,0.3972842066104796,0.053326281426459,0.252969934102954,0.0551971111443489,0.5826418824610597,0.0473570201532867,15.296418838830522,0.6459065452149524,0.4236811884434541,4,-0.04762937560921142,-1.1834526437513375
flashie,t,10,60.3,0.0,0.6,0.3,81.1,99.4,-18.3,0.1,0.2,0.0,0.3333333333333333,0.1428571428571428,0.3,0.5,0.0,1.0,0.2,0.6666666666666666,0.0,1.8,0.1,0.9,0.4,0.4,0.0,2039.4412260604672,0.0,648.2720514974127,0.0,0.9775212168083448,0.0,8114.385003311023,0.0,500.41471760757065,0.0,0.33955810832263,0.0,0.171604635388856,0.0,0.5602412985422809,0.0,0.0,0.0,0.0,2,-4.377413080246917,-1.237090914731901
frozen,t,58,82.43103448275862,40.10931269282282,0.7068965517241379,0.2758620689655172,107.53448275862068,95.53448275862068,12.0,3.4482758620689653,0.2241379310344827,0.0517241379310344,0.3658536585365853,0.238095238095238,0.4310344827586206,0.048780487804878,0.1666666666666666,0.2222222222222222,0.1551724137931034,0.5609756097560976,0.0,2.0,0.5172413793103449,0.4310344827586206,0.5517241379310345,0.5,0.0,2002.5842660387395,193.74109247590997,617.5077063208746,212.9654551852533,1.125528346536878,0.1553485093159685,8346.80941283245,757.2803742667976,442.3473609820291,228.0654120111418,0.4122868642871491,0.0680581562599823,0.2404092355205669,0.0589721505150385,0.5691270038674209,0.0202127277143787,18.037636569389964,0.6014093139122325,0.4336116909772968,1,2.7010441504163767,2.8727281526254838
huNter-,t,147,54.89795918367347,24.935426463250927,0.4965986394557823,0.3197278911564626,68.74149659863946,98.78231292517007,-30.040816326530614,4.598639455782313,0.1564625850340136,0.0408163265306122,0.3013698630136986,0.2,0.2857142857142857,0.0821917808219178,0.12,0.3333333333333333,0.1020408163265306,0.7945205479452054,0.0,2.782312925170068,0.3605442176870748,0.9931972789115646,0.8639455782312925,0.5578231292517006,0.0068027210884353,1989.8732564563315,154.05058623113266,469.4811938815693,85.47536510082291,0.872785919166893,0.1194774524917447,9226.744574827078,1177.3083200465448,315.2818880714022,65.84981024714712,0.4179464772653858,0.0618943569892102,0.184673278101847,0.0552658227986116,0.5724018261012181,0.043499997405636,21.603410691515094,0.5422619498284978,0.5212747824522407,0,-1.6391029986879069,-0.8515688532351179
hypex,t,206,63.89320388349515,19.06588857174554,0.7184466019417476,0.3980582524271844,90.1116504854369,87.18932038834951,2.9223300970873787,2.3446601941747574,0.1941747572815534,0.0776699029126213,0.3851351351351351,0.25,0.4271844660194174,0.0743243243243243,0.064516129032258,0.5789473684210527,0.1601941747572815,0.5135135135135135,0.2364864864864864,2.703883495145631,0.0533980582524271,1.2087378640776698,1.0533980582524272,0.3883495145631068,0.0,2116.0996492819936,105.11519947921776,486.9266143732497,94.94851542663652,0.9048945462224924,0.0998602028610602,9366.933047398765,1173.9889010241268,347.9513887684556,72.39846679970704,0.342028058700414,0.0767341490039593,0.1352318159852928,0.0468879345813486,0.5404311668784096,0.0512206528678514,15.08500172632234,0.5793999118343559,0.4295066820155226,2,-5.949921956456586,2.0672051781720815
iM,t,154,69.56493506493507,25.56884497656649,0.6298701298701299,0.3246753246753247,88.6103896103896,94.53896103896103,-5.928571428571429,2.844155844155844,0.2207792207792207,0.0714285714285714,0.2886597938144329,0.3076923076923077,0.3896103896103896,0.1443298969072164,0.1826923076923076,0.4242424242424242,0.1818181818181818,0.7835051546391752,0.0103092783505154,1.8051948051948048,0.3181818181818182,0.5584415584415584,0.448051948051948,0.4805194805194805,0.0,2096.726127570801,192.3525062969466,656.9570623906786,164.40573219653967,1.096577554370414,0.147941699372992,8945.196504299713,1433.1044827515218,476.60660462803264,121.80062139771633,0.361638616026401,0.0827050272726842,0.2208957180353642,0.0624806817836578,0.5478042921609447,0.0723124200236788,13.85889334658937,0.4955499652176467,0.4018929396953103,1,1.214639859240357,3.230694322522707
insani,t,105,78.83809523809524,39.24307337840448,0.7238095238095238,0.1714285714285714,99.34285714285714,115.63809523809525,-16.295238095238094,4.438095238095238,0.1523809523809524,0.0095238095238095,0.2368421052631578,0.2298850574712643,0.3619047619047619,0.1578947368421052,0.1724137931034483,0.4444444444444444,0.1809523809523809,0.7631578947368421,0.0,2.3142857142857145,0.419047619047619,0.6761904761904762,0.5238095238095238,0.6761904761904762,0.019047619047619,1995.6112997731493,240.77293774174,568.648246957437,106.75421861080204,1.000390692151211,0.1021800978047168,7815.871600118199,1572.7503690522674,460.9332064759059,108.60588101454,0.3964591905100219,0.1011721097047193,0.2371925410819796,0.0731183630311239,0.6057479331653113,0.0560891189158374,19.70981192331483,0.92241341335777,0.6922689821702662,1,3.3203992010142835,0.9280169192668458
jL,t,318,69.18553459119497,29.920572428960053,0.6226415094339622,0.279874213836478,91.16666666666669,103.20754716981132,-12.040880503144654,7.515723270440252,0.2232704402515723,0.0094339622641509,0.3484848484848485,0.2751091703056768,0.4150943396226415,0.1212121212121212,0.1790393013100436,0.3692307692307692,0.1572327044025157,0.6717171717171717,0.0252525252525252,1.6446540880503144,0.3805031446540881,0.3333333333333333,0.3427672955974842,0.5723270440251572,0.0157232704402515,1993.034533237876,137.80194395702603,529.187207760389,117.5086810048544,0.968321800705455,0.1068228431080224,8651.381108933068,1714.5534969449566,372.2929370209689,95.8313749328099,0.4344139409911923,0.103440377880289,0.2050413314517114,0.0605248163536611,0.5903219693724527,0.0555249247813767,15.03148085090761,0.6134966625916292,0.5046718320482092,4,1.9049462965318873,0.5935235442329863
jabbi,t,75,73.44,35.14212268669619,0.6533333333333333,0.2666666666666666,92.32,102.36,-10.04,4.28,0.2133333333333333,0.04,0.2244897959183673,0.2363636363636363,0.32,0.1836734693877551,0.0909090909090909,0.6428571428571429,0.16,0.6938775510204082,0.0,2.1733333333333333,0.2266666666666666,0.6266666666666667,0.72,0.5866666666666667,0.0133333333333333,2073.5859967732304,216.4543751525404,584.1558683493117,161.0019794675086,1.0510065389101146,0.2410548304985377,7708.884290355149,1610.8313687502823,466.4750036614782,156.26272401097313,0.4469027300095775,0.1009584165100351,0.2475305794821556,0.0378510968804211,0.5931668973897241,0.0649846727594279,25.274070895128727,0.9058993336340254,0.7280375899414631,1,2.820029819703433,2.7797519415299994
jcobbb,t,58,61.77586206896552,42.53795871511526,0.5172413793103449,0.1724137931034483,79.75862068965517,112.56896551724138,-32.810344827586206,3.103448275862069,0.1896551724137931,0.0172413793103448,0.2333333333333333,0.2916666666666667,0.3620689655172414,0.1333333333333333,0.1875,0.3076923076923077,0.1034482758620689,0.6666666666666666,0.0,1.3275862068965518,0.1034482758620689,0.4482758620689655,0.293103448275862,0.4827586206896552,0.0,1974.321991407707,213.60634191537443,485.6383836775266,104.2745605884894,0.909465838563324,0.0897697396021492,8530.542771195045,1623.7396116776736,312.1953843329191,96.18644652361854,0.4295694045754799,0.1253922599354799,0.2178029625802214,0.0530159983963449,0.5602319648247654,0.1154885945975506,19.583932094589645,1.090650018265291,0.7400065873298001,4,2.380640808986946,-0.8891299755891949
karrigan,t,325,45.129230769230766,20.42352384576874,0.3661538461538461,0.2276923076923077,55.05538461538462,107.82461538461538,-52.76923076923077,3.2153846153846155,0.24,0.0553846153846153,0.2857142857142857,0.2749003984063745,0.3169230769230769,0.134453781512605,0.2270916334661354,0.2191780821917808,0.08,0.680672268907563,0.0168067226890756,3.0492307692307694,0.1661538461538461,1.1507692307692308,1.1107692307692307,0.6061538461538462,0.0153846153846153,2053.556646255406,82.78858033770915,622.4610551175474,101.98018425953376,1.0328359924867432,0.0996535461335502,8330.927943905823,1227.1590572364337,497.2229127601747,110.65826308357154,0.3547027868118669,0.0582778020345742,0.1910397666446918,0.0624310826962568,0.612783223092256,0.0512649929909624,18.63942819936572,0.5205609399857968,0.4534502809998268,0,-0.8002926769970353,-1.4682819385923376
kashl1d,t,87,41.05747126436781,18.195071336158417,0.367816091954023,0.2528735632183908,54.91954022988506,109.24137931034484,-54.32183908045977,1.9310344827586208,0.1724137931034483,0.0804597701149425,0.53125,0.123076923076923,0.2873563218390804,0.0,0.1384615384615384,0.0,0.0459770114942528,0.34375,0.34375,3.160919540229885,0.0114942528735632,1.5747126436781609,1.1149425287356325,0.4597701149425287,0.0,2150.2080230337738,91.50739052501116,497.7653293386219,59.02974718648451,0.919051631095748,0.0499497175220255,8711.311072073555,993.3210156367644,341.7150825739563,21.269973765985373,0.3278716589549366,0.0730348328533582,0.1268539964462127,0.0309152956876058,0.5823046637627743,0.0328861475297489,16.209626111081942,0.285586571613358,0.2025072980203249,2,-7.527871122341937,-4.568221175472575
kensizor,t,183,60.404371584699454,23.938088054877447,0.5027322404371585,0.1967213114754098,75.54098360655738,109.14207650273224,-33.60109289617486,5.639344262295082,0.2404371584699453,0.0109289617486338,0.3043478260869565,0.3605442176870748,0.4426229508196721,0.1521739130434782,0.2448979591836734,0.28,0.1147540983606557,0.7282608695652174,0.0108695652173913,1.6939890710382517,0.3278688524590163,0.3989071038251366,0.5191256830601093,0.448087431693989,0.0,1998.709600477273,157.29306331459242,509.2809431130351,88.70091810165336,0.9693886859672832,0.0884177434220761,7883.323993686367,1597.608899780887,347.8918811702203,84.65132965858002,0.4205633208991634,0.0692920482532755,0.2168490484132816,0.0727448807899431,0.6062062989251619,0.0684937579697095,14.282935949585085,0.4113173418812935,0.353399567936335,4,1.9658268327162685,-2.1775350763923247
kisserek,t,82,68.20731707317073,44.18467788314393,0.524390243902439,0.2439024390243902,83.09756097560975,107.7439024390244,-24.646341463414632,3.1219512195121952,0.1951219512195122,0.0121951219512195,0.2093023255813953,0.2580645161290322,0.3048780487804878,0.2558139534883721,0.1774193548387097,0.5,0.1341463414634146,0.5813953488372093,0.0232558139534883,1.6829268292682926,0.3292682926829268,0.3536585365853658,0.4512195121951219,0.524390243902439,0.024390243902439,2127.7587542511183,80.84308421662861,614.4887110342455,84.54911670937675,1.0629159337575234,0.1001219168144785,8464.001466767248,1734.6715437752434,450.5776055625978,74.18461238879524,0.3361260157851579,0.0840339747388597,0.2049781369491345,0.0605301088320014,0.5710656435728363,0.0748907757657405,19.0270225945444,0.7907008536798719,0.5932855070189239,1,1.3373806012484653,1.1938353814015599
kl1m,t,105,75.53333333333333,24.80894812308209,0.6571428571428571,0.238095238095238,97.57142857142856,104.11428571428571,-6.542857142857143,3.914285714285714,0.238095238095238,0.0761904761904762,0.3623188405797101,0.225,0.4095238095238095,0.072463768115942,0.075,0.4545454545454545,0.1333333333333333,0.463768115942029,0.1884057971014492,1.8952380952380952,0.1142857142857142,0.8380952380952381,0.6190476190476191,0.3238095238095238,0.0,2053.593156631297,111.33789556447726,490.67800916207193,82.8897705688638,0.8627372798160478,0.0711639901045286,7902.311456137458,1181.5383041075352,329.94165011922723,71.03611366033073,0.3827710006398302,0.0762134072600271,0.1577912564984327,0.0501615846638072,0.5918789117825126,0.0522769507055744,10.973016965091787,0.5366051830701082,0.3673293651366234,2,-3.305451255371299,-1.147240523743249
krazy,t,83,57.90361445783133,24.28860179690625,0.5060240963855421,0.216867469879518,69.7710843373494,109.1566265060241,-39.3855421686747,1.072289156626506,0.1566265060240964,0.0120481927710843,0.4523809523809524,0.2153846153846154,0.3975903614457831,0.1428571428571428,0.0923076923076923,0.5,0.1204819277108433,0.7380952380952381,0.0,1.7951807228915662,0.1566265060240964,0.4698795180722891,0.8072289156626506,0.3614457831325301,0.0,2156.218286877935,117.42008391547324,661.7318732898198,108.24428508038515,1.1386376157651328,0.1044327303525592,7984.155860091136,778.0158669517126,463.1124006650805,133.14254585582373,0.3386294422506144,0.0740431839575515,0.1728040139018766,0.041812826355996,0.5923520355426826,0.0259830287149312,18.083851026116054,0.5326595815629108,0.4335425710931753,3,-0.2402065153420008,-0.9647064343263902
kyousuke,t,327,80.46483180428135,25.518904283958804,0.7339449541284404,0.2599388379204893,103.75229357798165,105.01223241590216,-1.2599388379204892,3.599388379204893,0.2538226299694189,0.0061162079510703,0.2666666666666666,0.3140495867768595,0.4281345565749235,0.1875,0.1859504132231405,0.5,0.1834862385321101,0.825,0.0083333333333333,1.581039755351682,0.1957186544342507,0.4617737003058104,0.4678899082568807,0.4525993883792049,0.0030581039755351,1971.7586288621676,117.72049566287986,547.8588877846049,105.86382428575295,0.926487632176028,0.1149348425871445,8610.184126228349,1528.129004622093,359.6261689486217,78.27405298642898,0.4159246950076614,0.088778288865541,0.2426923712545202,0.0654077746514558,0.5861286365224121,0.0544197094796759,16.29563726605412,0.5730044306772601,0.4010591917896791,4,1.6068599040911469,0.7216432767034988
latto,t,266,83.15789473684211,33.29177356778622,0.8120300751879699,0.3533834586466165,114.28947368421052,102.35714285714286,11.93233082706767,4.928571428571429,0.1842105263157894,0.0150375939849624,0.3101851851851852,0.2732558139534883,0.4285714285714285,0.0972222222222222,0.1627906976744186,0.4285714285714285,0.2142857142857142,0.7824074074074074,0.0185185185185185,2.097744360902256,0.3120300751879699,0.5864661654135338,0.6240601503759399,0.575187969924812,0.0,2063.7129166427267,117.57520227973932,515.6964591804573,121.98282193356228,0.9531428616036628,0.0967450876332085,8282.864803550669,1348.482048546382,366.49866003127903,109.71198222974384,0.4313192185285084,0.0842725507080057,0.2095491457242703,0.0525720249435937,0.5997987232449886,0.0546422547803157,14.014165239338537,0.9208202433690504,0.5988134924943757,4,0.8868963799876307,2.5125633160671237
lauNX,t,80,66.65,25.70290014584799,0.525,0.175,86.925,112.25,-25.325,5.1625,0.275,0.0,0.2619047619047619,0.3636363636363636,0.4375,0.238095238095238,0.1969696969696969,0.4347826086956521,0.1,0.6428571428571429,0.0,1.7875,0.425,0.4875,0.3625,0.5125,0.0,2097.515907530248,154.68419253617785,561.3194826675447,101.56789659816678,0.9739638426792288,0.0925885619033677,8187.022926403843,2233.2523411218576,373.6551648117149,85.14767685922541,0.3767231933341949,0.1035803789868122,0.1909456344975195,0.0734363640939971,0.5991150261870896,0.0897478291463459,24.124836479862072,0.7659416286587356,0.5697154386962535,4,2.2955872018224723,-0.07329689163608631
luchov,t,106,69.19811320754717,26.81846280507844,0.7075471698113207,0.2547169811320754,94.16981132075472,103.97169811320757,-9.80188679245283,4.415094339622642,0.1509433962264151,0.0471698113207547,0.16,0.3291139240506329,0.3584905660377358,0.2133333333333333,0.1645569620253164,0.5517241379310345,0.2075471698113207,0.8,0.0,1.9150943396226412,0.2735849056603773,0.6415094339622641,0.5188679245283019,0.4811320754716981,0.0,1988.540655237628,180.58041803687928,563.6411009873216,99.45337025016345,0.9917654318239584,0.1170428452030704,7760.381184628288,1205.6091545951367,423.51351580270347,128.24473140613011,0.4150782030734877,0.0847292708767418,0.197160796604174,0.0508313666300406,0.611559908970718,0.0695549278313238,15.73955072481967,0.7239228432810493,0.4859245927396629,4,1.9966624205757433,0.9607286764262615
m0NESY,t,327,74.8440366972477,21.33732977426884,0.7339449541284404,0.3302752293577982,115.66360856269114,94.73394495412845,20.92966360856269,1.892966360856269,0.1773700305810397,0.0642201834862385,0.3208333333333333,0.2146118721461187,0.3792048929663608,0.1458333333333333,0.1187214611872146,0.5737704918032787,0.1712538226299694,0.2708333333333333,0.5458333333333333,2.2110091743119265,0.055045871559633,1.125382262996942,0.5596330275229358,0.437308868501529,0.0336391437308868,2068.066855832042,92.72290744297266,529.6659292548105,89.09467617169912,0.9031643954967338,0.0525191931993974,9363.75531448883,1456.8034540145786,366.0919299612936,79.53923951556241,0.3356496381801181,0.0800196174755337,0.1468265891874538,0.0545933073734619,0.583621102613652,0.0455059423374002,13.291795229053474,0.5582593086758139,0.3802547364425696,2,-5.2367774114434615,1.6152828153978411
magixx,t,151,60.88079470198676,22.300666368473983,0.5562913907284768,0.3377483443708609,76.9271523178808,95.50331125827816,-18.576158940397352,3.695364238410596,0.2516556291390728,0.086092715231788,0.2738095238095238,0.32,0.3642384105960264,0.1428571428571428,0.18,0.4,0.0927152317880794,0.6309523809523809,0.0476190476190476,3.728476821192053,0.1655629139072847,1.6556291390728477,1.3112582781456954,0.5960264900662252,0.0,2075.3309862172077,157.40298874738923,625.3481773513643,136.50650925330098,1.0350877469689612,0.1084467758545203,9551.134441977048,1289.3340222704946,457.57427615695786,137.066896161006,0.3394048955318361,0.0773287323389526,0.1973972494698614,0.0731008690471697,0.5657888279022661,0.0518843660990907,16.10774911883954,0.4630997018687959,0.3834704957143461,0,-2.7232086128914923,2.258639509779767
makazze,t,154,72.14285714285714,19.854500887877784,0.6428571428571429,0.2207792207792207,91.78571428571428,115.5974025974026,-23.81168831168831,2.792207792207792,0.2272727272727272,0.0129870129870129,0.1313131313131313,0.3166666666666666,0.3311688311688311,0.2424242424242424,0.1916666666666666,0.5106382978723404,0.1753246753246753,0.7878787878787878,0.0,1.7467532467532467,0.3636363636363636,0.4090909090909091,0.487012987012987,0.4805194805194805,0.0064935064935064,1988.4372822446564,140.34422946155735,556.8461327490425,57.250355861509526,0.972703001811631,0.097616162283392,8435.389474039084,1358.6626676808185,388.3172050328751,65.93553314311332,0.4093566478451962,0.0745043015906951,0.2625675843097294,0.0738373431930744,0.5989101550993582,0.0535458711624146,15.168211528308076,0.5987673926293835,0.3374043350298203,4,2.223610766024872,-0.7275044360102029
malbsMd,t,76,78.9342105263158,18.61039764574362,0.75,0.3026315789473684,102.61842105263158,101.05263157894736,1.5657894736842106,5.026315789473684,0.1447368421052631,0.0263157894736842,0.3684210526315789,0.1509433962264151,0.3815789473684211,0.175438596491228,0.2075471698113207,0.4761904761904761,0.1710526315789473,0.7543859649122807,0.0,1.868421052631579,0.2236842105263158,0.5921052631578947,0.5789473684210527,0.4736842105263157,0.0,2098.97694388638,127.57202475433598,565.0898791721839,123.51792541598002,1.0221043776333556,0.1062139082167555,7683.622136210566,1619.7346322398434,398.2127275548302,98.48008398218568,0.37413885686211,0.059579018729746,0.2555975201665159,0.0457398181624492,0.5882030107276578,0.0482980152690835,16.022538385461058,0.5329059097981227,0.4220900957221357,4,0.5732275894590578,0.8191642764046756
max,t,106,68.59433962264151,28.061393351827903,0.5471698113207547,0.3113207547169811,83.41509433962264,98.21698113207547,-14.80188679245283,3.2452830188679247,0.320754716981132,0.0471698113207547,0.3275862068965517,0.2191780821917808,0.330188679245283,0.1551724137931034,0.1506849315068493,0.45,0.1037735849056603,0.6379310344827587,0.0172413793103448,2.849056603773585,0.160377358490566,1.0,1.0849056603773586,0.6037735849056604,0.0,2025.8042993602653,164.00705142516864,572.612951399556,148.8893978329184,1.033024099640785,0.0713038247411222,8348.667177453608,1755.1404708181433,435.38281748137615,113.4932716397339,0.4088288793794869,0.0878528127596848,0.2117508754128988,0.0659152576738809,0.5935496423866118,0.0703156416751977,19.65773410131337,0.5219521921681054,0.4621105425705317,0,-0.7065720358445979,1.0877189604289565
meyern,t,106,45.15094339622642,40.79613557544405,0.4528301886792453,0.3018867924528302,58.0,99.23584905660375,-41.235849056603776,1.509433962264151,0.1698113207547169,0.0660377358490566,0.3958333333333333,0.2972972972972973,0.3867924528301887,0.0833333333333333,0.0675675675675675,0.4444444444444444,0.0849056603773584,0.3541666666666667,0.3125,2.0,0.0566037735849056,0.8773584905660378,0.7358490566037735,0.330188679245283,0.0,2053.996004971047,199.96563950450744,491.6033250385559,100.52164500203185,0.8999800917727429,0.0940904267592881,8352.840308765542,743.7706627168967,332.3432349909699,55.116915265876166,0.3784081365759818,0.0954803469419442,0.1714321990958766,0.0373171429412456,0.584699769933835,0.0433253496794348,19.50581357174857,0.8052327409254658,0.6280400775888414,2,-3.3617070893808076,-1.8221922026622803
mezii,t,137,68.16058394160584,24.55731685959589,0.5693430656934306,0.3138686131386861,83.98540145985402,100.6058394160584,-16.62043795620438,3.489051094890511,0.218978102189781,0.0291970802919708,0.3076923076923077,0.2553191489361702,0.3503649635036496,0.0384615384615384,0.1063829787234042,0.2307692307692307,0.145985401459854,0.717948717948718,0.0,2.5036496350364965,0.218978102189781,0.7956204379562044,0.9708029197080292,0.5182481751824818,0.0,2123.892924152632,77.79086337778855,628.8292209446258,151.0129312754413,1.0258455598683975,0.1481287275795514,9146.733430890292,1191.072202892709,425.94585805498826,115.61349103084362,0.3437246905897619,0.0528456482113053,0.1800005982811366,0.0615571645467779,0.5484129996862842,0.0379679359133025,12.881182932377513,0.6017174221016092,0.394697353756804,0,-1.4194598132731973,1.931713165020176
misutaaa,t,46,65.65217391304348,21.43761567294135,0.6521739130434783,0.1304347826086956,86.67391304347827,117.7391304347826,-31.065217391304348,5.521739130434782,0.217391304347826,0.0434782608695652,0.5666666666666667,0.3,0.6304347826086957,0.0333333333333333,0.15,0.1428571428571428,0.1739130434782608,0.9,0.0,1.1956521739130437,0.1739130434782608,0.3478260869565217,0.2391304347826087,0.4347826086956521,0.0,1962.7230924164337,50.88172894485636,466.2772757729136,188.87601046083827,0.9472422740856284,0.1299445984888305,7522.677610250624,721.3070943943385,299.50316257437265,116.37493793665269,0.4561852509537827,0.1218198878556049,0.2095606659494248,0.0665573113873451,0.6424049688622305,0.041784872924431,17.924739783224087,0.5178953200213341,0.3924950537097284,4,2.747790080333613,-3.366021386010276
mo0N,t,220,60.93181818181818,30.44145746091956,0.5409090909090909,0.2772727272727273,88.83181818181818,99.88181818181818,-11.05,3.6045454545454554,0.2363636363636363,0.0909090909090909,0.2941176470588235,0.270440251572327,0.3545454545454545,0.1092436974789916,0.0817610062893081,0.5,0.1181818181818181,0.3697478991596639,0.3949579831932773,2.8181818181818183,0.1045454545454545,1.3545454545454545,0.9045454545454544,0.4545454545454545,0.0,2178.429491528308,133.73557018391477,575.7587440255676,97.03785209902122,0.894688186871668,0.0785193171307268,9742.97510240396,1637.1462494918464,431.241490764856,77.46076319709833,0.2824231500417452,0.0584856453470368,0.1091429301699038,0.037734477604773,0.5736191377971562,0.0460630586347105,16.562926047191507,0.4667794505899231,0.4100367713853107,2,-6.112615064406548,1.6711674276673936
molodoy,t,116,83.46551724137932,13.444340003149996,0.7672413793103449,0.3879310344827586,120.20689655172414,93.81896551724138,26.38793103448276,2.905172413793104,0.2068965517241379,0.0517241379310344,0.2359550561797752,0.323943661971831,0.3793103448275862,0.1235955056179775,0.1690140845070422,0.4782608695652174,0.2155172413793103,0.2808988764044944,0.5280898876404494,2.077586206896552,0.1120689655172413,0.9396551724137931,0.5258620689655172,0.5,0.0,2077.48474316717,119.07250038919832,539.6195418564113,123.92392211994638,0.9180577646164716,0.0637436927810051,8865.830686202542,1737.419347804357,414.5601459928673,100.6576434260195,0.3461238984209914,0.1067835178792419,0.1641301058434161,0.0389833933710103,0.6003263488727452,0.0572609979933958,14.142916885668194,0.4242593141108481,0.3193468702837088,2,-3.719812773001727,2.5992016805962552
mopoz,t,103,60.8252427184466,31.30918971680869,0.5728155339805825,0.174757281553398,78.88349514563107,112.45631067961163,-33.57281553398058,5.825242718446602,0.1941747572815534,0.0194174757281553,0.3050847457627119,0.2823529411764706,0.4077669902912621,0.1694915254237288,0.1529411764705882,0.4347826086956521,0.1553398058252427,0.6440677966101694,0.0,2.3592233009708736,0.4951456310679611,0.5631067961165048,0.6601941747572816,0.6407766990291263,0.0,2003.603197695101,137.73477282003807,587.480348353115,157.10773083727165,1.0523216554794672,0.1418490239360551,7877.17947687515,1686.060710302756,467.52315977332506,154.40301695676808,0.4590412087995158,0.0995964443047469,0.2448189872529908,0.0381028857554456,0.6147247964323708,0.0692309386269365,12.972024084910167,0.80085635741377,0.5996148279928215,1,3.6736266105090065,0.722134449477491
mzinho,t,147,75.1360544217687,19.583121640807253,0.7346938775510204,0.2585034013605442,100.40816326530611,101.48979591836736,-1.0816326530612246,4.551020408163265,0.1632653061224489,0.0068027210884353,0.2592592592592592,0.2568807339449541,0.3809523809523809,0.1018518518518518,0.1651376146788991,0.3793103448275862,0.1700680272108843,0.7129629629629629,0.0,1.9251700680272108,0.272108843537415,0.5170068027210885,0.6326530612244898,0.5034013605442177,0.0,2125.766544484747,120.92137217708402,673.65093597648,73.76011552223665,1.1467258617639386,0.1044590647851991,9198.331585951682,1077.7697245652291,504.6999888924197,96.05363653449284,0.3665393202186431,0.1071722941079236,0.2338036540250785,0.0392069049473462,0.5526715725267236,0.0476278322934111,17.461075839492327,0.4691360073948101,0.3779076644972879,1,0.7324600596870678,2.178757340077917
n1ssim,t,266,63.2593984962406,22.06577613123604,0.5676691729323309,0.3458646616541353,80.37218045112782,95.60902255639098,-15.236842105263158,3.048872180451128,0.1842105263157894,0.018796992481203,0.2781456953642384,0.2241379310344827,0.3045112781954887,0.119205298013245,0.1264367816091954,0.45,0.1015037593984962,0.7682119205298014,0.0,2.161654135338346,0.4323308270676692,0.6127819548872181,0.6278195488721805,0.4887218045112781,0.0,2125.12806319176,142.197162980878,640.5887144112487,127.5576360650158,1.143647854606718,0.1286418467432988,7834.263462796779,1237.0641554159429,487.2590726803218,108.10241208503771,0.374919981833996,0.0995913129893237,0.2070324190295925,0.0554259979863951,0.61109928818271,0.0470656436684373,15.29526410346256,0.5213276459406067,0.347470286563045,1,0.8510765977567428,0.8670652468030345
nealan,t,52,59.03846153846154,25.209885402267595,0.4807692307692308,0.1153846153846153,70.36538461538461,143.71153846153845,-73.34615384615384,10.057692307692308,0.0961538461538461,0.0,0.32,0.0652173913043478,0.2115384615384615,0.2,0.1304347826086956,0.4545454545454545,0.0961538461538461,0.72,0.04,1.4423076923076923,0.3076923076923077,0.3269230769230769,0.4423076923076923,0.3653846153846153,0.0,2088.150387060792,241.14342716370749,485.64068442159584,146.0946821724005,0.969488569384928,0.1082260575052976,7087.885485742927,1334.2882431623837,362.6442076481572,132.62319287198287,0.4155333042308417,0.0925076831252722,0.1858319934222349,0.0190314606947912,0.6143559532474142,0.0531378335059505,24.5105141953907,0.678436468408551,0.5211130987743346,3,2.753135492571557,-4.6744686440689405
nicx,t,54,70.5,38.13898219621183,0.6296296296296297,0.2222222222222222,84.75925925925925,115.12962962962963,-30.37037037037037,2.462962962962963,0.2407407407407407,0.0555555555555555,0.2941176470588235,0.3333333333333333,0.4444444444444444,0.0588235294117647,0.1666666666666666,0.2222222222222222,0.1851851851851851,0.6470588235294118,0.0,1.962962962962963,0.2037037037037037,0.6666666666666666,0.5740740740740741,0.5185185185185185,0.0,2093.706528691506,112.1322794983491,674.8402380531105,89.40063352304851,1.159152617375872,0.2133125013495227,8867.359933863161,1894.7329901064309,522.1950631035934,111.9927710310722,0.3652512077482026,0.061848134973035,0.2282201916665625,0.0967519227582857,0.5639262899802677,0.0485730328775746,15.144367000698702,0.6083040700724158,0.4244181923218299,1,1.911766658339345,1.9710905910862686
nilo,t,89,72.28089887640449,20.34140347329285,0.6966292134831461,0.2696629213483146,96.4494382022472,105.3932584269663,-8.9438202247191,2.550561797752809,0.1685393258426966,0.0112359550561797,0.5,0.2307692307692307,0.5168539325842697,0.064516129032258,0.0923076923076923,0.4,0.1910112359550561,0.8548387096774194,0.0,1.4606741573033708,0.1348314606741573,0.4382022471910112,0.4157303370786517,0.4719101123595505,0.0,2051.420686765031,214.99724217106748,621.3744672920063,163.40952871824882,1.0884665490538672,0.2908065974889459,9387.978279008368,1512.3665645872488,494.33844534211454,216.82915148450127,0.4050270883877042,0.1047019383088969,0.2116241059359594,0.0713385344205339,0.5199146603575537,0.051667667196808,14.618682337879171,0.6379036227574841,0.4467019833615527,1,2.6862822446464802,3.367423467496682
nin9,t,105,55.12380952380953,15.599626509125184,0.5238095238095238,0.2476190476190476,75.11428571428571,109.65714285714286,-34.542857142857144,3.4,0.1714285714285714,0.1142857142857142,0.2363636363636363,0.1518987341772152,0.238095238095238,0.1454545454545454,0.1265822784810126,0.4444444444444444,0.1428571428571428,0.509090909090909,0.2727272727272727,3.009523809523809,0.1333333333333333,1.1523809523809525,1.1333333333333333,0.5428571428571428,0.0476190476190476,2067.2429751923364,92.77175110003954,534.1198010584025,86.21272252822592,0.9450714234624964,0.0536682481743477,8276.620808309572,1041.379022099448,390.6769978777875,72.69895509185245,0.3680995370477297,0.0995517690171163,0.140155544257094,0.0454733025953698,0.6086847422753959,0.033723028068366,13.88099778002872,0.3976914634079792,0.3175481477148391,2,-4.378959920047864,-2.078896843090686
nitr0,t,91,61.472527472527474,25.21741958902344,0.5384615384615384,0.2747252747252747,80.15384615384616,110.49450549450547,-30.34065934065934,7.945054945054945,0.2747252747252747,0.0769230769230769,0.3877551020408163,0.2878787878787879,0.4175824175824176,0.0408163265306122,0.0757575757575757,0.2857142857142857,0.1318681318681318,0.7142857142857143,0.0,3.065934065934066,0.2417582417582417,0.9230769230769232,1.1978021978021978,0.7032967032967034,0.0,2045.8362850190204,81.5031745871404,487.07255236014527,74.7524315705411,0.9041271921584814,0.0832522772120034,9170.073316641256,1184.6643121036736,350.4558397396311,39.42855826145851,0.4372700321093941,0.0558998746374293,0.1675419067194401,0.0654233387474251,0.5603155053257332,0.0355146428233526,17.37929239114311,0.5127497144604766,0.39138431466342,0,-2.7091394295805307,-0.29401691212055536
nota,t,187,59.31016042780749,21.561215608553205,0.5026737967914439,0.2192513368983957,78.03743315508021,112.3422459893048,-34.3048128342246,4.026737967914438,0.1657754010695187,0.0106951871657754,0.3191489361702128,0.2397260273972602,0.3475935828877005,0.202127659574468,0.1917808219178082,0.4042553191489361,0.0909090909090909,0.8191489361702128,0.0,2.0320855614973263,0.2245989304812834,0.5026737967914439,0.5828877005347594,0.7219251336898396,0.0,2004.448555004984,99.51233320380666,530.1785731055919,90.28618851739928,0.929781365933811,0.0929330858722889,8054.243321693166,1579.2184773468416,385.2755231814482,89.41727605949715,0.382521041553665,0.0873518436653527,0.2049902059473272,0.0552373339204077,0.6340563666556248,0.0546356283381464,19.46135481064357,0.4846356523835452,0.3907991467047479,4,1.094168046605701,-2.1609543416490054
npl,t,183,72.09289617486338,30.075671857713417,0.7049180327868853,0.2404371584699453,93.85245901639344,105.70491803278688,-11.852459016393444,2.202185792349727,0.1256830601092896,0.0054644808743169,0.3410852713178294,0.2517985611510791,0.4316939890710382,0.1550387596899224,0.1726618705035971,0.4545454545454545,0.2076502732240437,0.7674418604651163,0.0077519379844961,1.7431693989071038,0.1420765027322404,0.5245901639344263,0.5300546448087432,0.546448087431694,0.0,1960.731541145672,144.01263754178848,537.7160041952118,99.36559499106878,0.9964330412701412,0.0700147613624927,8610.427795608191,1377.040397272482,391.28365661597695,84.66044149467544,0.4484299077059668,0.0765006850812338,0.2713441421951002,0.0557740175138832,0.5778591968270771,0.0593612373722418,17.891998351150008,0.6867346214367057,0.5099939030744768,4,1.8207401133323728,0.3495184580632385
oSee,t,91,54.24175824175824,20.31991669062792,0.5054945054945055,0.2857142857142857,77.28571428571429,98.74725274725274,-21.46153846153846,0.5164835164835165,0.2417582417582417,0.0989010989010989,0.6086956521739131,0.2307692307692307,0.4725274725274725,0.0652173913043478,0.0769230769230769,0.375,0.0879120879120879,0.4347826086956521,0.3043478260869565,2.175824175824176,0.0109890109890109,0.978021978021978,0.9010989010989012,0.2857142857142857,0.0,2119.2027684627083,144.18970996475073,531.8296856304146,88.22786974407647,0.9367556478813772,0.0456581960135451,7955.015237836091,1106.30964524385,375.8057232770347,78.18985333146821,0.3545228126649918,0.0886576272547707,0.1347459186484818,0.0445572676114492,0.6200282522076161,0.0284030991329228,15.431384643160936,0.5005952236060891,0.3595013367448436,2,-5.2951115403159195,-2.2546101203988327
phzy,t,75,52.986666666666665,26.754698733511983,0.44,0.28,71.08,94.64,-23.56,3.293333333333333,0.2933333333333333,0.1733333333333333,0.4545454545454545,0.2222222222222222,0.36,0.0303030303030303,0.1111111111111111,0.1428571428571428,0.08,0.4242424242424242,0.303030303030303,2.7333333333333334,0.04,1.32,0.92,0.44,0.0133333333333333,2108.3898554744437,104.17509238511884,461.79893361205205,93.20436201288211,0.892105920965578,0.0359790146597645,7940.059736589387,1466.7698111951545,347.09197098969776,67.8739737876119,0.3566174272808631,0.1016001231826001,0.1181593140335798,0.0377549936953732,0.6066454951721959,0.055975423360552,20.51677487195257,0.5943589450454628,0.5661441183767574,2,-6.097542693298624,-1.7918253564956108
piriajr,t,183,84.86338797814207,32.571772421962024,0.7868852459016393,0.2677595628415301,114.33333333333331,102.00546448087432,12.327868852459016,3.6174863387978142,0.1475409836065573,0.0109289617486338,0.2291666666666666,0.2388059701492537,0.3551912568306011,0.1666666666666666,0.1865671641791045,0.4897959183673469,0.2076502732240437,0.7986111111111112,0.0347222222222222,2.114754098360656,0.4863387978142076,0.5027322404371585,0.5792349726775956,0.546448087431694,0.0,2030.1791269266685,131.85665302922007,625.6346742289313,147.81064494817056,1.0996860040566063,0.123050729634754,8681.064116150998,2560.223605597994,477.2287015884258,112.20445440221782,0.4079356291375325,0.1032080211017498,0.2277704584133303,0.0471124397029096,0.5937874254430413,0.0921928245699092,17.06617112139458,0.8350815849685942,0.6083821681949898,1,3.067461603188502,4.09632526503951
qw1nk1,t,87,63.32183908045977,32.95740981232373,0.4942528735632184,0.1494252873563218,77.93103448275862,114.1264367816092,-36.195402298850574,3.4482758620689653,0.2068965517241379,0.0,0.2558139534883721,0.3648648648648648,0.4367816091954023,0.2790697674418604,0.1351351351351351,0.5454545454545454,0.1034482758620689,0.4883720930232558,0.0,1.6551724137931034,0.3218390804597701,0.2068965517241379,0.5287356321839081,0.5977011494252874,0.0,1999.1789978604213,61.58915879471093,531.3669336356978,150.1311327119243,0.9635402899395388,0.1295321653496057,8128.903187330412,558.235319445964,383.5869170036201,135.64688893649478,0.4246267376991613,0.0846784085912842,0.24852043547848,0.0790145393851586,0.6022875809213366,0.0373932195106215,12.533962781551327,0.6729956937145755,0.4335164215895383,4,2.93809645664993,-1.4507443843054129
ropz,t,137,63.07299270072993,17.573384135286236,0.635036496350365,0.3357664233576642,82.16788321167883,97.24087591240875,-15.072992700729928,4.992700729927007,0.1313868613138686,0.0145985401459854,0.3218390804597701,0.2087912087912088,0.3430656934306569,0.0804597701149425,0.0659340659340659,0.5384615384615384,0.145985401459854,0.7011494252873564,0.0,1.854014598540146,0.4598540145985401,0.364963503649635,0.5109489051094891,0.5182481751824818,0.0,2084.306989591006,140.9146765541441,721.3729020300445,141.83972937772853,1.1801212378953774,0.1326186046099714,8139.228419772136,1322.0237239506089,585.2930487589454,114.11571325056302,0.3452687610474331,0.0885249258427629,0.2197584794840319,0.0509801674534013,0.5811293457023133,0.0440356388361084,15.420590546234374,0.4717115756540861,0.3647119044481181,1,1.5609374503352977,2.335651278789714
ryu,t,75,71.52,32.82321665509494,0.6266666666666667,0.2266666666666666,87.74666666666667,112.61333333333332,-24.866666666666667,4.386666666666667,0.1333333333333333,0.0133333333333333,0.3404255319148936,0.2241379310344827,0.3866666666666666,0.1063829787234042,0.2068965517241379,0.2941176470588235,0.1466666666666666,0.723404255319149,0.0,1.3733333333333333,0.2933333333333333,0.28,0.4533333333333333,0.3466666666666667,0.0,2042.137726477463,149.8262036094792,506.0176970718179,173.4925572861218,0.950605945564984,0.1476836364450067,7194.93999994702,1475.7926440940862,348.64746846857685,138.00194530798353,0.4181796333116603,0.1074967445720342,0.1982995268046939,0.0658810522264325,0.6217176775358295,0.0644116696735116,20.436026346614117,0.8406495823100699,0.5423297273567671,3,2.9789704246050985,-1.445023802117167
s1mple,t,83,73.3855421686747,15.245172923095035,0.7469879518072289,0.2771084337349397,109.144578313253,107.3855421686747,1.7590361445783131,3.060240963855421,0.2048192771084337,0.0963855421686747,0.4193548387096774,0.2166666666666666,0.4698795180722891,0.1612903225806451,0.0666666666666666,0.7142857142857143,0.2048192771084337,0.4354838709677419,0.2419354838709677,2.156626506024097,0.036144578313253,1.0963855421686748,0.6746987951807228,0.3373493975903614,0.0120481927710843,2092.5998727936544,175.67308025417083,498.5223444591954,58.17910531008866,0.886826361168574,0.0643325597803363,9851.08359908956,1456.7828450946795,361.0635110188551,60.000207158241935,0.3146051763668019,0.0705558532047068,0.1522473925081089,0.0316769348801004,0.54849177906055,0.0267738004365179,10.302818094750345,0.4076781673026383,0.3260997773519559,2,-5.636461918128228,1.1768527885770381
s1n,t,120,54.55833333333333,23.54165434581484,0.4916666666666666,0.2416666666666666,74.075,101.21666666666668,-27.141666666666666,4.883333333333334,0.2,0.1,0.3559322033898305,0.1648351648351648,0.3,0.1186440677966101,0.0879120879120879,0.4666666666666667,0.0666666666666666,0.6779661016949152,0.0169491525423728,3.3666666666666667,0.3166666666666666,1.325,1.1,0.625,0.0,2162.92365356668,88.2906232950245,527.0589661311682,113.2228066857172,0.9607941963670624,0.1242181101330816,9399.642818102842,1122.8556405802697,365.0166233925665,111.49865768488824,0.3509864881703491,0.0542289044214958,0.1465474549315951,0.0613137425022024,0.5643050879802421,0.0374633338562569,20.494121889208152,0.599466782028368,0.4941721140021042,0,-3.629125257143136,0.45356855048829314
s1zzi,t,183,69.50273224043715,23.58567631053423,0.6284153005464481,0.2349726775956284,95.8360655737705,104.1639344262295,-8.327868852459016,2.377049180327869,0.1475409836065573,0.0491803278688524,0.2782608695652174,0.2428571428571428,0.360655737704918,0.1739130434782608,0.1,0.5882352941176471,0.1311475409836065,0.2260869565217391,0.5130434782608696,1.6830601092896176,0.0382513661202185,0.7431693989071039,0.6065573770491803,0.2950819672131147,0.0,2062.8176717524925,136.177876324326,505.63909642577966,74.83593501490867,0.9631742455679256,0.0845523689633398,8112.3074983412,1603.9617860053072,360.69622264260965,84.66365064742891,0.3549840916086759,0.0702840838355291,0.162393617050143,0.0414792805744984,0.599659508540949,0.0571455588674191,22.109657029238036,0.6325538218249673,0.4861827152625003,2,-3.170847179410013,-0.7531082212945809
sFade8,t,220,64.10454545454546,20.07398958183016,0.5818181818181818,0.1863636363636363,83.56818181818181,113.85909090909092,-30.29090909090909,4.086363636363636,0.1772727272727272,0.0181818181818181,0.2890625,0.1899441340782122,0.3227272727272727,0.1328125,0.1955307262569832,0.3269230769230769,0.1409090909090909,0.7421875,0.046875,2.6,0.3909090909090909,0.740909090909091,0.740909090909091,0.7181818181818181,0.009090909090909,2003.363265993489,98.4367462448778,649.5414413303765,126.39197221776256,0.99757213892356,0.1319333595204064,9232.501709313148,1936.1415313485015,509.76074299120216,123.59919908201634,0.3984506822051764,0.0727459698139297,0.2339546796288291,0.0790057144716578,0.5976027153132444,0.0603342524929873,19.911399172541465,0.673734313450078,0.5188712102601047,1,2.103229734370331,0.832024975664605
saadzin,t,266,60.47368421052632,25.13823867688289,0.6127819548872181,0.4210526315789473,87.85338345864662,88.45112781954887,-0.5977443609022557,3.327067669172932,0.2330827067669172,0.1240601503759398,0.2883435582822086,0.2532467532467532,0.3233082706766917,0.0981595092024539,0.1233766233766233,0.4571428571428571,0.1353383458646616,0.3312883435582822,0.4723926380368098,2.609022556390977,0.0789473684210526,1.1428571428571428,0.8947368421052632,0.4887218045112781,0.0037593984962406,2114.887430283411,109.71471551434314,494.8137340630119,83.13545773912824,0.9318361300712216,0.0836740371951727,9128.13247170966,1167.538252763172,365.9947939057213,56.95117505527826,0.3419520706403191,0.0857258807941404,0.1418247830421958,0.0380634490212483,0.5797427198803847,0.0327913145206217,13.117165388166358,0.6194814051164281,0.4816173365825332,2,-6.266411685644387,1.3800749056091015
saffee,t,183,57.5792349726776,26.27247977357473,0.5027322404371585,0.3224043715846995,79.55737704918033,98.29508196721312,-18.737704918032787,1.8633879781420768,0.180327868852459,0.0327868852459016,0.1630434782608695,0.1290322580645161,0.1693989071038251,0.0652173913043478,0.1129032258064516,0.3,0.1038251366120218,0.391304347826087,0.4347826086956521,1.8032786885245904,0.0928961748633879,0.6775956284153005,0.6885245901639344,0.3442622950819672,0.0,2098.260876361692,163.11550444798246,536.8372236763157,120.76361355299184,0.9741911056873932,0.09608917003623,9203.720692237624,1495.5247517085131,412.9289141792739,89.89831790611031,0.3401520607255182,0.09793104662155,0.1450858952783144,0.0449329941528536,0.5645192146701854,0.0406465687463328,15.26627846616734,0.7019987889813006,0.525087366376021,2,-3.4464513832500137,0.059385656809533054
sausoL,t,103,68.69902912621359,32.09125288696001,0.6116504854368932,0.2233009708737864,87.2621359223301,117.747572815534,-30.48543689320388,5.475728155339806,0.1844660194174757,0.0097087378640776,0.238095238095238,0.2375,0.3300970873786408,0.1269841269841269,0.1875,0.3478260869565217,0.145631067961165,0.8253968253968254,0.0,1.7378640776699028,0.2912621359223301,0.5242718446601942,0.4174757281553398,0.4951456310679611,0.0097087378640776,2029.477179173896,145.43346429749363,606.3958840597652,167.402681865595,1.103913859243028,0.157628996535858,8297.052274636186,1118.6588914527872,439.8298096512568,149.3958434216009,0.4648354824109436,0.0747540097929183,0.2336782453825594,0.0505471226437374,0.5949559727693619,0.0561569001533295,16.30912188881302,0.6427092648926443,0.4925180023778221,1,3.8166691819604437,0.1399234876798516
sdy,t,54,71.53703703703704,34.37065029719181,0.5925925925925926,0.1296296296296296,83.16666666666667,112.42592592592592,-29.25925925925926,5.351851851851852,0.2777777777777778,0.1296296296296296,0.34375,0.1914893617021276,0.3703703703703703,0.0625,0.1063829787234042,0.2857142857142857,0.2037037037037037,0.75,0.0,2.1666666666666665,0.2222222222222222,0.8148148148148148,0.7037037037037037,0.4259259259259259,0.0,2074.427893581095,113.82986965599244,562.9348834500094,50.93119481689926,0.9911119608142016,0.0818605929072742,8579.378832177763,1861.6070210877692,437.6814798793485,88.57680138297123,0.3223532535556266,0.1061214236311595,0.1871537926079833,0.0450345408358179,0.5747022398023556,0.0772173553247233,21.868716028627308,0.7476194218986019,0.4338943098618671,0,-1.203726936924018,0.26908075495814493
sh1ro,t,151,68.80794701986756,37.75623741895605,0.7284768211920529,0.4900662251655629,105.317880794702,73.36423841059603,31.95364238410596,1.8344370860927155,0.152317880794702,0.0728476821192053,0.3090909090909091,0.2207792207792207,0.3377483443708609,0.0545454545454545,0.1298701298701298,0.375,0.1788079470198675,0.2818181818181818,0.4909090909090909,2.298013245033113,0.119205298013245,1.0662251655629138,0.7284768211920529,0.3841059602649007,0.0,2093.174844416039,111.94169291912212,545.6807182894947,90.69630229195752,0.906172070336468,0.04315610598411,9056.08429244286,1442.7720547722645,390.9246622812016,79.29263432536526,0.3261889443238944,0.0812248917377412,0.1518473085908998,0.0665446803587253,0.580609067094247,0.056972920786905,12.82481326703755,0.6954274554916293,0.4652519666911031,2,-5.580169979221467,3.3012423861450495
siuhy,t,154,62.175324675324674,18.141850677195976,0.5454545454545454,0.2727272727272727,78.22077922077922,102.93506493506491,-24.714285714285715,5.097402597402597,0.2077922077922078,0.0454545454545454,0.3214285714285714,0.2142857142857142,0.3311688311688311,0.1071428571428571,0.1964285714285714,0.2903225806451613,0.1363636363636363,0.7857142857142857,0.0,2.863636363636364,0.2077922077922078,1.025974025974026,1.0064935064935066,0.6233766233766234,0.0,2060.677480773673,97.3735773238877,509.7562935609725,86.76856614351546,0.9658286125968448,0.0831908306162376,7938.873447489678,1346.7789641658576,375.5701896161248,80.91559510935846,0.3641154355332593,0.0664436538415928,0.1827739455935026,0.03902401786409,0.6007091183204339,0.0532967438049923,13.83693811218906,0.4832118210196685,0.3563904180794394,0,-1.8463860856808543,-0.9099565389306702
sjuush,t,40,67.45,20.69906734345508,0.575,0.2,87.85,112.75,-24.9,2.175,0.05,0.0,0.2608695652173913,0.125,0.25,0.0869565217391304,0.21875,0.2222222222222222,0.1,0.5652173913043478,0.0434782608695652,2.425,0.35,0.7,0.95,0.425,0.0,2117.087110462088,83.18712516480811,624.0305408857981,74.33984552887611,1.060378465120839,0.1061517165790411,6642.8782363794,1090.571171501009,454.4076667742289,126.4316810043774,0.3610450618644078,0.0894014008038385,0.1400580427467794,0.0393339314124783,0.6708840117806742,0.0775180379898594,10.485881160098264,0.7032524884420959,0.4414787656213134,3,0.24934163324919317,-2.40001681010181
sk0R,t,105,71.11428571428571,24.67575989272868,0.638095238095238,0.219047619047619,91.6952380952381,100.88571428571429,-9.19047619047619,4.0285714285714285,0.1142857142857142,0.0,0.2835820895522388,0.1707317073170731,0.3142857142857143,0.1791044776119403,0.1585365853658536,0.48,0.1428571428571428,0.7910447761194029,0.0,1.7428571428571429,0.4571428571428571,0.4571428571428571,0.4857142857142857,0.3428571428571428,0.0,1971.991344585463,128.4432330458751,569.4629330575925,82.1691044014262,1.02378231656996,0.1164367837334735,8204.620759166266,2018.022827675056,437.8189178430168,104.52174243958603,0.4566448466179357,0.1244115184584959,0.2385913609432262,0.0436205549098024,0.6204719657675268,0.0628719345802121,10.717898592156104,0.4837184093772387,0.3691943779941761,4,2.4693859467256147,-0.375672782683191
slaxz-,t,120,52.2,20.44380180938273,0.3833333333333333,0.2333333333333333,68.34166666666667,104.86666666666666,-36.525,3.408333333333333,0.1833333333333333,0.0666666666666666,0.108695652173913,0.1195652173913043,0.1333333333333333,0.217391304347826,0.0760869565217391,0.5882352941176471,0.0583333333333333,0.3478260869565217,0.3043478260869565,2.425,0.0916666666666666,1.1416666666666666,0.825,0.3666666666666666,0.0,2168.2887022885534,120.37719833295534,511.70258712944064,90.91615494182304,0.9445556484527152,0.0891706433920384,8104.581580534216,1322.433397600572,373.0457436281367,62.64202094846723,0.3549467593896276,0.0625916779506326,0.1593015597802747,0.0485948955165722,0.6105796607231304,0.0470661135245732,18.257704353535896,0.398602860769692,0.4085374165111253,2,-4.21327200192154,-2.4249882297575653
snow,t,183,71.8415300546448,30.6248673653184,0.644808743169399,0.2349726775956284,87.21311475409836,107.98907103825135,-20.775956284153004,3.622950819672131,0.1693989071038251,0.0054644808743169,0.2796610169491525,0.1928571428571428,0.3278688524590163,0.1101694915254237,0.2357142857142857,0.2826086956521739,0.174863387978142,0.7288135593220338,0.0169491525423728,1.852459016393443,0.1967213114754098,0.5792349726775956,0.6284153005464481,0.448087431693989,0.0,2046.7105609138148,135.44732009428265,586.34610464615,113.62523389019516,1.0559052794146868,0.1495655721406353,8228.445000158696,1616.7610292617446,427.7817147748633,83.76890706969931,0.3855907032088579,0.0910064338679183,0.2045541791593484,0.0495374409232135,0.6031942389801895,0.0566810919823382,18.34143617349856,0.6523197498615696,0.4969918943022403,4,1.502831011164083,-0.031839625465312084
soulfly,t,104,69.4326923076923,23.831631011530195,0.5865384615384616,0.2596153846153846,82.99038461538461,105.52884615384616,-22.53846153846154,2.25,0.2019230769230769,0.0288461538461538,0.2459016393442623,0.2337662337662337,0.3173076923076923,0.2295081967213114,0.2597402597402597,0.4117647058823529,0.125,0.7049180327868853,0.0,1.4038461538461535,0.125,0.3942307692307692,0.5288461538461539,0.3557692307692308,0.0,2015.600499154517,138.29277690697805,587.3091127571662,142.7770594064481,1.0126873767504816,0.1130724431421739,8448.256060904487,1337.448251919415,412.9983311361783,104.95549228967948,0.433226698018666,0.1085148439879291,0.2452271370737054,0.0421866634978587,0.5972151482308934,0.0591586206709202,18.600366692152672,0.524903129738265,0.4412606660622584,4,2.0314082697173537,-0.8766973522930515
stavn,t,40,67.225,29.11736905277597,0.75,0.275,95.35,100.225,-4.875,3.15,0.05,0.0,0.3,0.1034482758620689,0.3,0.0666666666666666,0.0689655172413793,0.5,0.175,0.2666666666666666,0.4666666666666667,2.025,0.2,0.85,0.6,0.375,0.0,2086.545929538297,114.27385388451496,553.8857630058433,162.49657108050351,0.9715657183525458,0.1875205351453347,8587.32085685719,1290.096148582904,431.94347067410615,124.26833355751722,0.3432370766064742,0.1296529327509535,0.1575153453637545,0.0361014036610002,0.6030262107330246,0.0532861028120406,14.231876063832775,0.6863520719475292,0.4899014767109642,2,-2.004570889168503,1.0628114549950247
stressarN,t,82,69.04878048780488,22.103475449081245,0.6707317073170732,0.2317073170731707,84.98780487804878,111.8170731707317,-26.82926829268293,0.7560975609756098,0.1951219512195122,0.0365853658536585,0.2181818181818181,0.2539682539682539,0.3414634146341463,0.1818181818181818,0.1746031746031746,0.4761904761904761,0.1463414634146341,0.6545454545454545,0.0,1.646341463414634,0.2560975609756097,0.3170731707317073,0.5609756097560976,0.4878048780487805,0.024390243902439,2056.704264763138,153.4560814084496,494.86637721235314,130.90028632829768,0.8999534271434969,0.1288228650933111,8697.802687690584,1492.0697496583143,363.6455618691052,96.93885178006008,0.3802432046661228,0.0507735575667768,0.2111507156315318,0.055566227932441,0.5759302258382281,0.0560508651474645,12.204178542978838,0.445705828098458,0.4426402085183553,4,0.2542252191921759,-0.697556110181838
susp,t,89,68.01123595505618,25.93780327103101,0.4943820224719101,0.1797752808988764,86.47191011235955,121.59550561797752,-35.12359550561798,3.0,0.2134831460674157,0.0,0.3636363636363636,0.3561643835616438,0.4719101123595505,0.1136363636363636,0.1780821917808219,0.2777777777777778,0.1235955056179775,0.7954545454545454,0.0,1.5617977528089888,0.3258426966292135,0.3033707865168539,0.4943820224719101,0.4382022471910112,0.0,2083.9984302977577,107.7255950782648,639.9003660272491,232.5214944170242,1.095706004042709,0.2287409525992284,8876.74536896093,1826.1652097736944,493.808489171729,181.79667171662183,0.3909324328410692,0.0840085172158832,0.2152396555324561,0.0605979262783897,0.5759303350061505,0.067315172527549,12.467946922260865,0.6042649873082349,0.4346232736525398,1,4.072818611337613,1.2574308980048128
tN1R,t,151,63.27814569536424,24.25178276790707,0.5761589403973509,0.3509933774834437,78.75496688741723,92.70198675496688,-13.947019867549669,3.596026490066225,0.1920529801324503,0.0331125827814569,0.2873563218390804,0.3061224489795918,0.3642384105960264,0.1724137931034483,0.1836734693877551,0.4545454545454545,0.1258278145695364,0.8045977011494253,0.0,2.04635761589404,0.2119205298013245,0.7086092715231788,0.5298013245033113,0.5960264900662252,0.0,2036.554719914119,116.37550521826296,633.0960758648688,112.28744819641908,1.0318801648273834,0.0896388728411163,8704.211033851243,1404.7231550787712,466.1416704077117,106.99192307627422,0.3881400079319115,0.0938639315289663,0.2242179714014042,0.0803177112298559,0.5809595329760906,0.0478099181602948,17.93234069382152,0.4760366748466338,0.4048409133928939,4,0.8106527689014211,1.2952907541030745
tenzy,t,220,63.02727272727272,26.51598969272465,0.5681818181818182,0.1954545454545454,82.13636363636364,109.5,-27.363636363636363,3.090909090909091,0.1636363636363636,0.0227272727272727,0.256,0.2429378531073446,0.3409090909090909,0.16,0.2033898305084746,0.3571428571428571,0.1272727272727272,0.808,0.0,1.6090909090909091,0.2363636363636363,0.35,0.5681818181818182,0.4545454545454545,0.0,2040.156286022933,133.3930190129228,686.9205627356785,149.09119968471362,1.0663589602463317,0.185754565473514,8489.608541059115,1392.1348998432109,543.0946119467101,142.32343548277868,0.402292710954805,0.1010136393282137,0.2559166381525786,0.0608875985156961,0.6063096620709856,0.0476838644978611,18.154113273071,0.6402998012689332,0.4746810905521604,1,3.663917318227305,0.40408305371365927
torzsi,t,318,59.40251572327044,20.672852766157845,0.6037735849056604,0.3647798742138364,87.9245283018868,99.50314465408805,-11.57861635220126,1.748427672955975,0.1823899371069182,0.0974842767295597,0.3854166666666667,0.1683168316831683,0.3396226415094339,0.0989583333333333,0.1039603960396039,0.475,0.1415094339622641,0.3802083333333333,0.3854166666666667,2.119496855345912,0.0566037735849056,1.0471698113207548,0.6226415094339622,0.389937106918239,0.0031446540880503,2072.9078039305027,145.7411555963725,498.2058990336785,89.81839111073135,0.9270151364188576,0.1052119913024389,8682.18158315488,1493.133908991305,379.16551112651433,84.96734996375761,0.363975082666687,0.089895475887728,0.1395813281993123,0.0525096169972463,0.5963930652988508,0.0506140335261491,16.16323874245683,0.4624604212191487,0.3678741994789984,2,-4.557863620057991,-0.2978754656840556
try,t,54,50.96296296296296,29.002644355810556,0.5555555555555556,0.1666666666666666,68.72222222222223,107.66666666666669,-38.94444444444444,2.1666666666666665,0.1111111111111111,0.037037037037037,0.4333333333333333,0.1777777777777777,0.3888888888888889,0.1,0.1333333333333333,0.3333333333333333,0.1111111111111111,0.3333333333333333,0.3,1.4814814814814814,0.037037037037037,0.7962962962962963,0.4629629629629629,0.1851851851851851,0.0,2058.456999647672,181.4961574288337,503.47845651871177,67.11427736530993,0.9269418431335432,0.0894183009034703,8221.121918404533,1549.5055958536684,366.757117069,87.24538797499916,0.3422515442613467,0.1154658969194009,0.1610107213945712,0.0429236589893053,0.6069933627336581,0.0499529718400448,14.391998805920936,0.5297025344474009,0.4285270205240433,2,-2.491810924979842,-3.396737244285135
ultimate,t,154,52.98051948051948,20.650604961807563,0.538961038961039,0.3051948051948052,75.18181818181819,99.87662337662336,-24.694805194805195,2.6623376623376624,0.1298701298701298,0.0714285714285714,0.3253012048192771,0.1588785046728972,0.2857142857142857,0.0240963855421686,0.102803738317757,0.1538461538461538,0.1168831168831168,0.3734939759036144,0.2891566265060241,1.974025974025974,0.0714285714285714,0.8571428571428571,0.6688311688311688,0.3766233766233766,0.0,2135.996125979377,115.94491589422292,493.4228842894849,64.0182335939946,0.9284481752854752,0.1078880936176064,8310.38749685984,1700.6746779828277,362.0871328754296,57.32496118233881,0.3182820028571745,0.0625436200367356,0.1486086455931923,0.040774281987271,0.5893346330510751,0.0527246857934961,12.449985286631374,0.4041398796967045,0.2919099493651255,2,-4.788729038948626,-1.8420685335345686
v$m,t,115,51.582608695652176,20.322447846275264,0.4608695652173913,0.1478260869565217,65.38260869565218,115.65217391304348,-50.2695652173913,1.6,0.1652173913043478,0.0,0.2452830188679245,0.2653061224489796,0.3391304347826087,0.1886792452830188,0.173469387755102,0.3703703703703703,0.1304347826086956,0.7735849056603774,0.0,1.617391304347826,0.0782608695652174,0.5478260869565217,0.4260869565217391,0.5565217391304348,0.008695652173913,1942.8776119029533,101.13025484286452,503.1514479439604,126.4387596780936,0.911395932841426,0.0962515789715712,8478.9232885568,1021.1518260896036,361.85496215306665,78.31956138545597,0.4193427364014141,0.1096087373719412,0.2222091633743235,0.0939632124682102,0.5922345468535231,0.0408621067582637,19.48020792089829,0.4262811588938472,0.3424406940227686,4,1.6845374239544642,-3.5655438361864
venomzera,t,105,71.4952380952381,33.05053083708954,0.580952380952381,0.1714285714285714,91.02857142857142,113.54285714285714,-22.51428571428572,3.342857142857143,0.2285714285714285,0.019047619047619,0.3114754098360656,0.2988505747126437,0.4285714285714285,0.1147540983606557,0.1724137931034483,0.3181818181818182,0.1428571428571428,0.7377049180327869,0.0,1.5238095238095235,0.1428571428571428,0.3238095238095238,0.5333333333333333,0.5142857142857142,0.0095238095238095,2057.4995726412058,96.04584319951536,607.9748498908679,125.60998995516094,1.0154140556226952,0.1142578006759082,7709.035428924267,1623.9696291421812,386.082168064462,67.15334961361994,0.4077759684088507,0.072384083386826,0.2225199424951515,0.0667816017524817,0.6001395925841398,0.0708142591168509,21.07307118457314,0.7438900493417302,0.5258029093693924,4,2.184341852870407,-0.5234201971394455
w0nderful,t,154,68.7012987012987,23.73108252435565,0.7467532467532467,0.3571428571428571,108.11688311688312,92.12987012987011,15.987012987012989,1.3636363636363635,0.1818181818181818,0.0649350649350649,0.3652173913043478,0.1919191919191919,0.3961038961038961,0.0956521739130434,0.1212121212121212,0.4782608695652174,0.2077922077922078,0.5739130434782609,0.217391304347826,2.227272727272727,0.0714285714285714,0.974025974025974,0.7857142857142857,0.3961038961038961,0.0,2119.760413168852,122.90409356299476,512.7339020253195,88.81280568490112,0.8905336429841081,0.0945050226035996,9803.85755595322,1662.347319967247,363.95573327794506,63.220461665203125,0.3228865330121204,0.0554803288409516,0.1462865977458327,0.0441429225645188,0.5371526278479344,0.0473564956841921,16.307669921283257,0.5872525483602056,0.5121846259300693,2,-4.863037056001864,2.866464444176507
westmelon,t,64,53.375,21.35179929170448,0.4375,0.21875,63.578125,109.625,-46.046875,2.265625,0.3125,0.09375,0.4285714285714285,0.26,0.390625,0.1785714285714285,0.18,0.3571428571428571,0.09375,0.7142857142857143,0.0,2.5,0.078125,1.015625,0.84375,0.5625,0.0,2030.0849205796765,79.66056806861427,525.631731443938,50.37899612422676,0.9722367733166006,0.0570579517033177,7650.85755141457,872.1454850927831,378.7031910685287,48.35484844512312,0.4220450221995113,0.0668145596741141,0.204784556019826,0.0659533498667119,0.621329909691908,0.0430760100565976,19.319617692725764,0.7384171052766633,0.5537711395732167,0,-1.3782212311024666,-2.9806349376389916
woxic,t,104,60.80769230769231,19.58006184762814,0.5961538461538461,0.2692307692307692,79.79807692307692,104.08653846153848,-24.28846153846154,2.1153846153846154,0.1826923076923076,0.0769230769230769,0.2258064516129032,0.1973684210526315,0.2788461538461538,0.1612903225806451,0.1184210526315789,0.5263157894736842,0.1538461538461538,0.3225806451612903,0.3225806451612903,1.9134615384615383,0.0576923076923076,0.9615384615384616,0.4711538461538461,0.4134615384615384,0.0096153846153846,2076.305844251798,127.29096551828816,518.5667896922002,115.85069268808468,0.9400546162227668,0.0576823924820104,8564.635995773988,1650.562153630781,369.6502224005674,71.08008439289695,0.3419826945151951,0.0844815096614218,0.132228196699762,0.0258889819834742,0.5981919287108245,0.0614440790381869,14.8232359082014,0.5134966034431827,0.3846967761316743,2,-3.8608566987381883,-0.8861805310454802
xKacpersky,t,40,60.1,20.95442585619952,0.4,0.2,73.8,107.175,-33.375,3.625,0.225,0.0,0.0625,0.28125,0.25,0.25,0.25,0.3333333333333333,0.05,0.75,0.0,1.125,0.2,0.1,0.425,0.4,0.0,1957.326143022418,70.51664691210283,610.8862902695591,103.40063826339085,1.016159321045078,0.1055038983632193,7153.134545097072,990.1865631510848,417.572736609353,101.10768739689512,0.4809009924807957,0.1315285522421585,0.2157461583903464,0.0959535137297279,0.6559064399542806,0.041901733463032,15.774745405000758,0.3116622103068214,0.2979872390450079,3,3.9522710390535716,-3.956017486354344
xeedo,t,87,60.98850574712644,12.434011983571857,0.5402298850574713,0.160919540229885,74.80459770114942,117.7471264367816,-42.94252873563219,2.7586206896551726,0.1839080459770115,0.0459770114942528,0.2340425531914893,0.2602739726027397,0.3448275862068966,0.2127659574468085,0.2054794520547945,0.4,0.1264367816091954,0.8297872340425532,0.0,2.126436781609196,0.1954022988505747,0.6551724137931034,0.6896551724137931,0.5862068965517241,0.0,2011.254173865656,127.93620282837728,543.1585471124486,88.09545351586608,0.9591913960106264,0.0914274213327897,8535.54941988602,818.0582514070145,377.8504099176526,70.83862223555805,0.4187417324765811,0.0660544605062857,0.2263019390727777,0.0481465995986563,0.5900154780580851,0.03090333390256,12.326454999333096,0.3477104759262662,0.2209723004623207,4,0.3347190201422215,-2.822619345337468
xelex,t,318,70.24842767295597,39.24541236039263,0.6635220125786163,0.2610062893081761,92.24528301886792,109.25786163522012,-17.0125786163522,3.3742138364779874,0.160377358490566,0.0125786163522012,0.2559241706161137,0.2851063829787234,0.3805031446540881,0.1421800947867298,0.2468085106382978,0.3409090909090909,0.1540880503144654,0.8056872037914692,0.0094786729857819,1.3238993710691824,0.1761006289308176,0.3710691823899371,0.3993710691823899,0.3742138364779874,0.0031446540880503,1987.953021992619,131.16716997369969,512.1101308746455,106.7977593856836,0.9604410148506036,0.1507231238651163,7986.0468606773775,1709.415585740468,367.8161730488212,87.23918208060437,0.4335531142033254,0.0788005239909033,0.2351283398071169,0.0731969346677728,0.6097764773571465,0.0599299243132711,19.655006363149116,0.9487397627279754,0.649410069414729,4,3.0401312309804975,-0.33985023926956165
xerolte,t,105,67.61904761904762,23.44643076264684,0.5904761904761905,0.238095238095238,82.22857142857143,109.8952380952381,-27.666666666666668,5.0,0.1714285714285714,0.0285714285714285,0.3225806451612903,0.1375,0.2952380952380952,0.0806451612903225,0.1,0.3846153846153846,0.1523809523809524,0.6612903225806451,0.0,2.085714285714286,0.238095238095238,0.7047619047619048,0.6857142857142857,0.4476190476190476,0.0095238095238095,1987.8307579683133,81.72015107005065,582.6617179167612,107.00759577158712,1.0242775277604823,0.086744222797968,7828.073600606876,1470.3658826805852,427.54333207153206,75.13255298146454,0.4542894782280611,0.0741185910283846,0.1999964635333977,0.0629711393028136,0.6217026986232866,0.065511085239428,17.63338556135897,0.3829349229109955,0.4213153113283827,4,0.5517695483139048,-1.4835747173986011
xertioN,t,318,72.03144654088051,24.066168221810184,0.5911949685534591,0.2610062893081761,88.75157232704403,105.72327044025155,-16.971698113207548,5.820754716981132,0.2767295597484276,0.0754716981132075,0.2553191489361702,0.2723404255319149,0.3522012578616352,0.1329787234042553,0.1744680851063829,0.3787878787878788,0.1477987421383647,0.723404255319149,0.0,3.050314465408805,0.2610062893081761,0.9528301886792452,1.248427672955975,0.5880503144654088,0.0,2024.830824492131,128.38509178584044,553.8803191622214,131.78794174994908,1.0155985923469333,0.1169543127718546,8258.500418035954,1383.982698230609,429.8944281484088,91.80566553816766,0.4058151617925408,0.0956425871213373,0.1959001719050826,0.0586042032223314,0.6019272580361545,0.0632731068059086,22.572264147885708,0.7715930933771744,0.5689097619884119,0,-0.09977552240889635,1.0890652175138866
xfl0ud,t,89,70.31460674157303,24.963504922402905,0.5730337078651685,0.1910112359550561,86.80898876404494,110.48314606741572,-23.674157303370787,4.235955056179775,0.1235955056179775,0.0,0.3725490196078431,0.2361111111111111,0.4044943820224719,0.1176470588235294,0.2083333333333333,0.2857142857142857,0.1123595505617977,0.8235294117647058,0.0,2.044943820224719,0.3033707865168539,0.6629213483146067,0.4382022471910112,0.6067415730337079,0.0337078651685393,2009.4677540655357,137.9565674300532,497.597572279453,81.35721763110163,0.9180283554630784,0.133448407219936,8371.144307412302,1112.8616207617038,364.3294929526946,104.72386047129017,0.3920344732238351,0.0755423005552593,0.2153537686948032,0.0515249096065731,0.5989314501953382,0.046386527145371,19.637805988355247,0.8001752970244257,0.5710553790846173,4,1.4423685128973387,-1.4055296094158183
xiELO,t,187,58.898395721925134,33.517209621289034,0.5561497326203209,0.1764705882352941,77.9144385026738,113.31016042780747,-35.39572192513369,4.86096256684492,0.0962566844919786,0.0053475935828877,0.2596153846153846,0.2467532467532467,0.3475935828877005,0.1538461538461538,0.3051948051948052,0.2539682539682539,0.106951871657754,0.6634615384615384,0.0,1.497326203208556,0.1871657754010695,0.3636363636363636,0.4545454545454545,0.4919786096256685,0.0,1975.3073439302204,70.89317410679521,567.8552201137719,77.25195947181903,0.9905409288306688,0.0942888429559122,8316.093761669596,1343.521437218062,410.4118033331232,73.73901193852508,0.4342731558287709,0.0574109321673253,0.2905261217073095,0.0515664431411585,0.6205429780655896,0.0547105947770524,18.06795536190909,0.766306846486405,0.5829614504745948,4,3.1653916050225135,-2.2559791797022606
yuurih,t,116,70.79310344827586,22.981566733967547,0.603448275862069,0.3448275862068966,87.15517241379311,96.3103448275862,-9.155172413793103,5.939655172413793,0.2413793103448276,0.0344827586206896,0.3714285714285714,0.3421052631578947,0.4482758620689655,0.1571428571428571,0.1052631578947368,0.5789473684210527,0.0948275862068965,0.8142857142857143,0.0,2.3189655172413794,0.5,0.5258620689655172,0.5431034482758621,0.75,0.0,2028.7094516558643,115.66168408156275,584.6683926448258,166.74728707249437,0.9902251464315006,0.1424398296480762,8744.697701454057,1603.0878007606875,450.7397177159688,98.93038772119904,0.4041760156519494,0.0669049544892581,0.2214290539357597,0.0868210298897691,0.5914743672532509,0.0358233450134781,17.75193669403109,0.7001194486031835,0.4923542699783294,1,1.616519670887483,2.442582130370908
yxngstxr,t,89,55.86516853932584,15.784571755043524,0.4943820224719101,0.2022471910112359,75.71910112359551,107.04494382022472,-31.325842696629213,1.1573033707865168,0.2696629213483146,0.1235955056179775,0.4090909090909091,0.2535211267605634,0.4044943820224719,0.1363636363636363,0.0985915492957746,0.4615384615384615,0.0786516853932584,0.7272727272727273,0.0681818181818181,2.539325842696629,0.0449438202247191,1.2584269662921348,0.9550561797752808,0.2808988764044944,0.0,2069.174947639121,123.83962975643004,483.0695580516213,105.34660446168871,0.9045478532206188,0.0598357088172723,8365.947503339457,775.6978239894186,351.107199053499,68.57496861223942,0.3589369346521352,0.0901492595932748,0.1563636992850617,0.0618800844301447,0.60630834066721,0.0328495103226943,8.983672812446262,0.375776013303186,0.2551441495824726,2,-4.261162669247229,-2.9085140302525985
z4kr,t,64,65.078125,15.22910665874751,0.65625,0.34375,94.453125,99.1875,-4.734375,0.8125,0.203125,0.046875,0.238095238095238,0.2142857142857142,0.296875,0.119047619047619,0.0476190476190476,0.7142857142857143,0.15625,0.3095238095238095,0.4285714285714285,3.0625,0.078125,1.546875,0.96875,0.421875,0.046875,2139.558804816092,130.75975094790667,506.23125148412544,100.4054580916134,0.9514478979241724,0.0953039473507187,8838.235249120646,1030.1300977361557,378.0763228036841,109.29914597229556,0.349985474305837,0.1030052145776754,0.1301900255587098,0.0296135008936575,0.596039790951971,0.0428984206341059,11.42538777314619,0.6075573304593721,0.4181798057483301,2,-5.9379874728238065,0.976122036739517
zont1x,t,151,70.76158940397352,36.80503521453216,0.6490066225165563,0.3509933774834437,88.09933774834437,89.89403973509934,-1.794701986754967,5.708609271523179,0.271523178807947,0.0529801324503311,0.1836734693877551,0.3673469387755102,0.3576158940397351,0.1122448979591836,0.1020408163265306,0.5238095238095238,0.1655629139072847,0.8367346938775511,0.0,2.0264900662251657,0.4105960264900662,0.5298013245033113,0.4701986754966887,0.6158940397350994,0.0,2082.197120083584,103.18627246946178,689.9021837716324,109.30866560659088,1.125089042050378,0.0796730305486237,9072.389654070135,1854.2143775479208,526.462029831447,100.22110791452748,0.3616837328428964,0.0649508100158378,0.2258018327350001,0.0544786431980043,0.5607729574090925,0.067686795882907,19.802758127499725,0.9255670816143002,0.740756887145193,1,1.4741862027391492,5.157459463078531
zorte,t,137,66.98540145985402,28.425531148456407,0.6131386861313869,0.3284671532846715,105.3868613138686,100.5985401459854,4.788321167883212,2.1605839416058394,0.218978102189781,0.0802919708029197,0.2857142857142857,0.1739130434782608,0.291970802919708,0.0833333333333333,0.0978260869565217,0.4375,0.1605839416058394,0.3452380952380952,0.4285714285714285,2.145985401459854,0.0875912408759124,0.9416058394160584,0.7226277372262774,0.3576642335766423,0.0364963503649635,2111.0232484858834,78.78388549802303,518.5693422592348,98.344784966527,0.9600303902271884,0.0627528242217771,8329.636184241595,1683.541347984176,370.2528807894531,81.5700856717679,0.3538058470875345,0.096108285420984,0.1249737179988179,0.0381528896448268,0.5742810311089873,0.0363106399529081,18.2106821320367,0.6295456544450398,0.5045623622947187,2,-4.7430794530392495,0.8178936927164465
zweih,t,187,64.26737967914438,17.085674729625207,0.5454545454545454,0.2994652406417112,80.99465240641712,99.84491978609626,-18.850267379679146,5.294117647058823,0.1925133689839572,0.0427807486631016,0.2549019607843137,0.1984732824427481,0.2780748663101604,0.1078431372549019,0.0839694656488549,0.5,0.1550802139037433,0.7843137254901961,0.0098039215686274,2.5614973262032086,0.2620320855614973,0.8235294117647058,1.0267379679144386,0.4491978609625668,0.0,2106.855326518475,128.3287375543306,602.96319484338,133.04508144489395,1.037359815774212,0.1066700398238055,9461.3325401523,1541.7342416519564,410.4838912361088,97.56998367913408,0.3618966503028357,0.0681450696479775,0.1940820228066675,0.0706286590425917,0.5835832104389237,0.0500765409015918,16.63261828245046,0.5054263206689972,0.3973378953877658,0,-1.3174478896933233,1.3996342029133446
