player_name,side,rounds_played,demo_count,adr,adr_std,kpr,survival_rate,damage_per_round,damage_taken_per_round,damage_diff_per_round,util_damage_per_round,assists_per_round,flash_assists_per_round,trade_kill_rate,death_traded_rate,trade_participation,opening_kill_rate,opening_death_rate,opening_duel_attempt_rate,opening_duel_success,multi_kill_rate,rifle_kill_share,awp_kill_share,grenades_per_round,he_grenades_per_round,flashbangs_per_round,smokes_per_round,fire_nades_per_round,decoys_per_round,avg_distance_to_enemy,avg_distance_to_enemy_std,avg_distance_to_team_centroid,avg_distance_to_team_centroid_std,relative_team_centroid_distance,relative_team_centroid_distance_std,avg_distance_moved_per_round,avg_distance_moved_per_round_std,avg_distance_to_closest_teammate,avg_distance_to_closest_teammate_std,time_near_enemy_rate,time_near_enemy_rate_std,first_contact_rate,first_contact_received_rate,first_contact_participation_rate,time_stationary_rate,time_stationary_rate_std,kast_std,impact_std,rating_std,cluster,pc1,pc2,predicted_cluster
910,t,428,36,71.35747663551402,26.091873172286288,0.6892523364485982,0.3317757009345794,102.03271028037383,94.04205607476636,7.990654205607477,2.441588785046729,0.2383177570093458,0.1074766355140186,0.3084745762711864,0.2307692307692307,0.366822429906542,0.0677570093457943,0.0771028037383177,0.1448598130841121,0.4677419354838709,0.1705607476635514,0.4203389830508474,0.3932203389830508,2.4953271028037385,0.0794392523364486,1.2546728971962615,0.7757009345794392,0.3808411214953271,0.0046728971962616,2100.362734286194,106.8391176817084,499.472113302825,76.95578677377043,0.9112230305569914,0.0752068464606389,9234.6055334516,1594.2172288010647,366.6309191395042,64.28304085619358,0.3262280916649625,0.0717623556858381,0.0747663551401869,0.0771028037383177,0.1518691588785046,0.5712431836312934,0.0491099761097549,14.919184782251458,0.600003921363143,0.4817680454914286,3,4.941758177622197,2.5744234547762668,3
afro,t,321,30,63.4797507788162,23.68021598139648,0.5482866043613707,0.3644859813084112,90.98753894080996,94.63239875389408,-3.644859813084112,2.573208722741433,0.2087227414330218,0.0934579439252336,0.2727272727272727,0.1519607843137254,0.2461059190031152,0.0591900311526479,0.0654205607476635,0.1246105919003115,0.475,0.1214953271028037,0.3465909090909091,0.4943181818181818,2.5981308411214954,0.0841121495327102,1.2866043613707163,0.7476635514018691,0.4797507788161994,0.0,2090.8783630232965,87.61231750882988,495.9545057065755,92.5215428684124,0.891094716937571,0.0840511096288956,8213.348595234893,1250.76641293217,372.0564385681686,74.10234343069835,0.3435489196090379,0.0674018616046585,0.0809968847352024,0.0809968847352024,0.1619937694704049,0.6010848746687836,0.0496397455864662,21.70995551838238,0.6071260518457579,0.5307290914097529,2,4.936029232220769,0.8587839194398774,2
aleksib,t,282,29,53.01418439716312,18.29379511529177,0.4078014184397163,0.3226950354609929,64.30141843971631,93.79078014184395,-29.48936170212766,4.418439716312057,0.226950354609929,0.0531914893617021,0.3304347826086956,0.3193717277486911,0.351063829787234,0.0390070921985815,0.0921985815602836,0.1312056737588652,0.2972972972972973,0.0886524822695035,0.7043478260869566,0.0,3.1382978723404253,0.351063829787234,1.0,1.0886524822695036,0.6808510638297872,0.0177304964539007,2078.031301974012,98.48302658478238,529.7501528502106,89.68961198799134,0.9249428104830392,0.0838343212552009,9594.294000708667,1434.7275091382198,407.88095490399417,70.79604770782944,0.3511909217176204,0.0637315057244772,0.0390070921985815,0.1099290780141844,0.1489361702127659,0.5495719915974115,0.0489539940200317,17.25425136580775,0.4899685735845523,0.3727322947577557,1,2.981961875171132,-2.503040440894553,1
alex,t,138,13,65.89855072463769,18.47006160553141,0.5869565217391305,0.2463768115942029,77.89855072463769,105.34782608695652,-27.44927536231884,4.949275362318841,0.2101449275362318,0.036231884057971,0.382716049382716,0.2596153846153846,0.4202898550724637,0.0579710144927536,0.0797101449275362,0.1376811594202898,0.4210526315789473,0.1231884057971014,0.7777777777777778,0.0123456790123456,2.710144927536232,0.3405797101449275,0.6811594202898551,1.0579710144927537,0.6304347826086957,0.0,2041.6511520647264,138.2805066146407,478.3875463749369,79.69383362008092,0.9263147167362342,0.0610288008858409,9167.323470778552,1302.6083092619606,337.1041372829397,67.34411219915151,0.3929869611810065,0.0891984293755966,0.0797101449275362,0.0797101449275362,0.1594202898550724,0.5589974228098149,0.0504388006899238,16.782633926341052,0.4912738552187414,0.3677303946458692,1,1.5218513435303662,-1.5304934679379836,1
alex666,t,438,40,62.25799086757991,22.46381024532298,0.54337899543379,0.2534246575342466,79.42237442922375,102.95890410958904,-23.53652968036529,2.920091324200913,0.2009132420091324,0.0273972602739726,0.2941176470588235,0.2079510703363914,0.3150684931506849,0.0707762557077625,0.1118721461187214,0.182648401826484,0.3875,0.1278538812785388,0.7857142857142857,0.0042016806722689,2.490867579908676,0.2968036529680365,0.7191780821917808,0.9155251141552512,0.5593607305936074,0.0,2112.36815813152,97.4418125920732,567.5566646144762,81.22529288513459,1.018362261301911,0.0984844931551088,8814.158751077384,1237.8679322868068,429.1573579936618,88.11897432123037,0.3262964825807971,0.0539004656450965,0.0753424657534246,0.1027397260273972,0.1780821917808219,0.5666902409767316,0.0474729450014146,16.313449507042343,0.5032274524408333,0.4148798739509611,1,0.8924306993713143,-0.5606139830791016,1
apex,t,286,27,66.18531468531468,17.860471831973044,0.541958041958042,0.2552447552447552,84.31818181818181,108.87762237762236,-24.55944055944056,4.055944055944056,0.2727272727272727,0.0804195804195804,0.2709677419354839,0.2347417840375587,0.3216783216783216,0.1118881118881118,0.1678321678321678,0.2797202797202797,0.4,0.1363636363636363,0.7483870967741936,0.0129032258064516,2.5524475524475525,0.1678321678321678,1.2482517482517483,0.5979020979020979,0.5314685314685315,0.0069930069930069,2061.7836804771373,153.0759015962414,599.8831940147113,94.215913226283,0.994463031188604,0.1146122310221678,9158.75147193562,1647.4107918678335,454.1331287504378,79.07068706853579,0.3518154585778764,0.082804591022871,0.1223776223776223,0.1433566433566433,0.2657342657342657,0.5837990446745445,0.0509798040131784,15.387718029405663,0.4553884139158952,0.3593901389001371,1,-0.0533262796339776,-0.2385653288683527,0
art,t,436,45,64.02981651376147,24.10215824342988,0.4908256880733945,0.2385321100917431,77.83944954128441,106.76605504587155,-28.926605504587155,4.252293577981652,0.2844036697247706,0.0481651376146789,0.2803738317757009,0.3283132530120481,0.3876146788990826,0.1169724770642201,0.1444954128440367,0.2614678899082568,0.4473684210526316,0.0825688073394495,0.7336448598130841,0.0186915887850467,2.532110091743119,0.2935779816513761,0.9151376146788992,0.7752293577981652,0.5389908256880734,0.0091743119266055,2034.861637094434,114.4256753112399,527.6333821860204,109.06311934067628,0.9826622749798124,0.0845282777745014,8713.014221779864,1447.1323037398672,382.7552734208468,101.33701813167816,0.4165553536701377,0.0687741931663016,0.1238532110091743,0.1490825688073394,0.2729357798165137,0.5894626136752837,0.0481945742680863,12.063246131224266,0.5412881118794504,0.3768737224841053,0,-0.7633070334215025,-1.795586832160017,0
aw,t,220,18,71.41818181818182,21.329743412744595,0.6181818181818182,0.2409090909090909,92.2909090909091,106.38181818181818,-14.090909090909092,3.654545454545455,0.1818181818181818,0.0272727272727272,0.2794117647058823,0.1916167664670658,0.3181818181818182,0.059090909090909,0.1363636363636363,0.1954545454545454,0.3023255813953488,0.1681818181818181,0.7867647058823529,0.0073529411764705,2.713636363636364,0.3090909090909091,0.8318181818181818,0.8181818181818182,0.7545454545454545,0.0,2057.1109447674858,118.09078056531548,579.3564187893535,81.13462022512657,0.9206132409333396,0.1209795402502856,9522.442488832148,1424.7765271046092,436.5417778760518,53.192465921871246,0.3327330945593878,0.0613597011056193,0.0818181818181818,0.0909090909090909,0.1727272727272727,0.5857589359928915,0.055362950134003,16.50715680834576,0.6952779329686796,0.4973323855141884,0,-0.2603893429894742,0.2105473532635247,4
azuwu,t,321,30,65.02803738317758,25.708709391173063,0.5794392523364486,0.2679127725856697,81.69470404984423,102.33333333333331,-20.63862928348909,4.133956386292835,0.1619937694704049,0.0186915887850467,0.2526881720430107,0.2638297872340425,0.3395638629283489,0.1277258566978193,0.1775700934579439,0.3052959501557632,0.4183673469387755,0.1308411214953271,0.7419354838709677,0.021505376344086,1.806853582554517,0.2367601246105919,0.4859813084112149,0.5389408099688473,0.5389408099688473,0.0062305295950155,1972.6326382696795,116.93713253424102,558.6040168391897,102.10984336574155,0.9681315383576062,0.0920093533853271,7938.8074295163315,1304.093167960164,394.05829670261664,89.79361767652719,0.4367641828308804,0.0864200736308493,0.0965732087227414,0.1744548286604361,0.2710280373831775,0.6081562068589379,0.0559286503372933,17.754027980873136,0.5222311785235005,0.4574676771428825,0,-2.7395937744555394,-1.1865351722791748,0
b1t,t,284,30,80.10211267605634,26.02708022462635,0.7007042253521126,0.3345070422535211,101.12676056338027,93.03169014084509,8.095070422535212,3.2007042253521125,0.2147887323943662,0.0352112676056338,0.2964824120603015,0.2857142857142857,0.397887323943662,0.0809859154929577,0.0880281690140845,0.1690140845070422,0.4791666666666667,0.1549295774647887,0.8140703517587939,0.0,1.97887323943662,0.2429577464788732,0.6619718309859155,0.6232394366197183,0.4366197183098591,0.0140845070422535,2137.660188857209,141.37293785248866,671.5210884946662,131.6292404861786,1.118295239568698,0.1403322574864971,9650.297445720858,1698.806897162432,483.02875510720514,122.61750059458714,0.327903971190335,0.0736990095456373,0.0915492957746478,0.102112676056338,0.1936619718309859,0.5299265257316944,0.0711701146217259,13.021847509321274,0.5870590412737322,0.4446426308349979,4,-0.7643548644016958,5.088545532550546,4
bart4k,t,105,9,61.457142857142856,20.187940458850257,0.5047619047619047,0.219047619047619,72.61904761904762,110.18095238095238,-37.56190476190476,3.695238095238096,0.1142857142857142,0.0,0.320754716981132,0.2560975609756097,0.3619047619047619,0.0666666666666666,0.1142857142857142,0.1809523809523809,0.3684210526315789,0.1047619047619047,0.7547169811320755,0.0,1.5333333333333334,0.1714285714285714,0.3809523809523809,0.5428571428571428,0.4285714285714285,0.0095238095238095,2002.524285923696,85.42969065302842,592.8301165853551,113.61617803765787,1.0327006081878594,0.1309173411959645,8159.40128302454,1346.7701862739552,419.0505057028997,100.44745085808172,0.4376836682262564,0.0741852776502399,0.0666666666666666,0.0952380952380952,0.1619047619047619,0.6075505364790871,0.0521493507911167,14.849051164782232,0.5026751543810627,0.4314907122027075,0,-1.768006832735828,-2.305869941213526,4
beastik,t,130,13,66.1923076923077,34.886796538977805,0.5692307692307692,0.2923076923076923,82.62307692307692,104.68461538461538,-22.06153846153846,2.4384615384615387,0.2076923076923077,0.0461538461538461,0.1621621621621621,0.25,0.2692307692307692,0.0615384615384615,0.1384615384615384,0.2,0.3076923076923077,0.1307692307692307,0.6486486486486487,0.0,2.4615384615384617,0.1307692307692307,0.9923076923076924,0.8615384615384616,0.4692307692307692,0.0076923076923076,2102.9824941620964,136.4410109542696,583.1978636171491,115.73374304996054,1.0264007867936995,0.0888805100747814,7707.717843944639,1385.7446517517944,441.23873038776657,104.67496399683417,0.3580515434820688,0.0525519244077312,0.1,0.1384615384615384,0.2384615384615384,0.5952751336769166,0.0395493443671022,18.89440544178505,0.6924612287844766,0.529613858334598,0,-0.3131029718998654,0.186342648726158,0
belchonokk,t,266,25,54.43609022556391,21.65308103310049,0.4774436090225564,0.2518796992481203,68.99248120300751,100.93984962406014,-31.94736842105263,4.556390977443609,0.1541353383458646,0.0526315789473684,0.3937007874015748,0.2261306532663316,0.3571428571428571,0.0488721804511278,0.0676691729323308,0.1165413533834586,0.4193548387096774,0.093984962406015,0.7165354330708661,0.0157480314960629,1.8834586466165413,0.1842105263157894,0.650375939849624,0.5977443609022557,0.4511278195488721,0.0,2123.0783739283297,109.87402802885292,587.828578242717,110.57641780928311,1.0216383649648886,0.1174259015267186,9140.885432992463,1609.5202432018905,393.5784889512826,103.098996053151,0.3660887409399547,0.0649758549613866,0.0526315789473684,0.0676691729323308,0.1203007518796992,0.583846397244877,0.0535052859570426,14.955052285410646,0.4671659831791987,0.3388650514226163,1,1.499135800851358,-0.8933625355522072,1
biguzera,t,270,27,54.71851851851852,24.121756148341383,0.4555555555555555,0.2629629629629629,69.12962962962963,104.87037037037037,-35.74074074074074,3.455555555555556,0.1444444444444444,0.0037037037037037,0.3170731707317073,0.2512562814070351,0.3296296296296296,0.0592592592592592,0.1111111111111111,0.1703703703703703,0.3478260869565217,0.0888888888888888,0.6504065040650406,0.0,2.5407407407407407,0.2925925925925925,0.8185185185185185,0.8851851851851852,0.5370370370370371,0.0074074074074074,2010.11645466638,131.87076852500738,521.1298787522633,94.43182935102595,0.9631977126280474,0.0747111749410814,9095.40589371793,1592.272520859101,365.5407421904432,59.61035121552931,0.4032972667573062,0.1052480115518378,0.0814814814814814,0.0888888888888888,0.1703703703703703,0.5605525247858675,0.0566070344247388,15.968139295925036,0.5589131970176988,0.4237646120945359,1,0.6395693799831376,-1.7699650618606964,1
blamef,t,173,17,70.11560693641619,20.82633998553252,0.6069364161849711,0.2832369942196532,89.04046242774567,99.55491329479769,-10.514450867052023,6.312138728323699,0.2080924855491329,0.0173410404624277,0.3523809523809524,0.1854838709677419,0.3468208092485549,0.0751445086705202,0.0635838150289017,0.1387283236994219,0.5416666666666666,0.1329479768786127,0.7714285714285715,0.0,2.254335260115607,0.4624277456647399,0.5086705202312138,0.7803468208092486,0.5028901734104047,0.0,2151.9852599975547,148.01681486568964,552.1550063204288,78.85512862414586,1.0312979506107496,0.0896053750580668,8795.549353083477,1527.5630131982075,425.80627241425486,80.86710365418594,0.3518870240011055,0.0843490460050272,0.0751445086705202,0.0751445086705202,0.1502890173410404,0.5451183738284614,0.0455569268358518,16.548442327826304,0.4470873370065797,0.4031205296496068,4,0.7884542200158438,1.6299287635482778,4
blitz,t,428,36,71.16822429906541,19.463127766917527,0.5677570093457944,0.2686915887850467,86.15420560747664,101.79439252336448,-15.64018691588785,8.282710280373832,0.2873831775700934,0.0537383177570093,0.3086419753086419,0.2523961661341853,0.3598130841121495,0.0864485981308411,0.1331775700934579,0.219626168224299,0.3936170212765957,0.1331775700934579,0.7407407407407407,0.0246913580246913,2.9509345794392523,0.3995327102803738,1.0537383177570094,0.8504672897196262,0.6308411214953271,0.0163551401869158,2048.783212538579,115.62609937591829,569.4518788377999,103.4035863024713,1.0159078358376616,0.1151635634334851,9295.74228679158,1343.226806250731,423.14064806239423,109.43026587663776,0.3709819927661133,0.0700254843356921,0.0957943925233644,0.116822429906542,0.2126168224299065,0.551751535948454,0.0466525538817454,15.05658298138422,0.4981905459695697,0.3692262105530232,1,-0.178535064599964,-0.1404729335811085,0
boombl4,t,367,36,59.85558583106267,22.74404689304294,0.4768392370572207,0.2425068119891008,70.40054495912807,107.70572207084469,-37.305177111716624,4.291553133514986,0.2125340599455041,0.0245231607629427,0.28,0.3129496402877698,0.3705722070844686,0.0599455040871934,0.1498637602179836,0.2098092643051771,0.2857142857142857,0.108991825613079,0.7371428571428571,0.0171428571428571,2.713896457765668,0.3405994550408719,0.7547683923705722,0.885558583106267,0.7329700272479565,0.0,2018.8807833866624,110.46994738061387,519.000987792484,104.60636554074765,0.9694921611763884,0.0705033597273933,8991.048404344838,1662.7074960321074,398.7611058128674,76.08016719723604,0.4064254422161572,0.0868059082576674,0.0626702997275204,0.1307901907356948,0.1934604904632152,0.5489574517462166,0.0593229727543003,15.29817046939444,0.5326040139377728,0.4335938720683876,1,-0.668857414425279,-2.382930799423012,1
br0,t,151,13,71.45033112582782,15.904127262946762,0.5960264900662252,0.2516556291390728,88.62251655629139,99.27152317880795,-10.649006622516556,6.834437086092716,0.1854304635761589,0.0198675496688741,0.2555555555555555,0.2389380530973451,0.3311258278145695,0.1456953642384106,0.1324503311258278,0.2781456953642384,0.5238095238095238,0.1390728476821192,0.8333333333333334,0.0111111111111111,2.1456953642384105,0.4503311258278146,0.6622516556291391,0.3443708609271523,0.6754966887417219,0.0132450331125827,2025.786322783376,131.9197768454189,553.3120158702047,114.67081705373847,0.9948539485001124,0.1098026079377973,8447.54595728448,1195.388683686825,426.0371014659551,106.07594193565234,0.4135688847213546,0.1057765005424091,0.1059602649006622,0.1059602649006622,0.2119205298013245,0.5924853775694209,0.0376974785557555,12.00364936786433,0.4388424094207739,0.357100243182959,4,-2.339924670342835,0.2991444009778881,0
brnz4n,t,210,22,56.7047619047619,16.657301950592355,0.4714285714285714,0.219047619047619,70.25714285714285,111.05714285714286,-40.8,2.676190476190476,0.1523809523809524,0.0047619047619047,0.4343434343434343,0.2560975609756097,0.4047619047619047,0.0523809523809523,0.1523809523809524,0.2047619047619047,0.2558139534883721,0.1095238095238095,0.7272727272727273,0.0,1.980952380952381,0.3047619047619048,0.580952380952381,0.6761904761904762,0.4142857142857143,0.0047619047619047,2094.925810536962,168.8450972645615,565.4146573203142,126.86527179350992,1.0599732514785565,0.1491195616231398,7110.787467489947,1273.568903562658,363.0424085632874,112.24126683096708,0.4133758921222306,0.0919569132775756,0.1,0.1333333333333333,0.2333333333333333,0.6216812554574418,0.0593872461827892,16.250736680466858,0.4315742316917419,0.3856981229434046,4,-1.7093500014522036,-3.101447381721917,4
brollan,t,112,13,63.375,26.191144336715546,0.4821428571428571,0.1964285714285714,77.16071428571429,112.89285714285714,-35.732142857142854,2.794642857142857,0.1964285714285714,0.0178571428571428,0.2777777777777778,0.3333333333333333,0.4017857142857143,0.0803571428571428,0.2321428571428571,0.3125,0.2571428571428571,0.1428571428571428,0.6851851851851852,0.0,1.5446428571428572,0.1875,0.4375,0.375,0.5446428571428571,0.0,1975.9303990249089,119.39270667011412,491.0790741867245,96.40943845025764,0.967528930541718,0.1016661256729462,7789.73091821636,857.7058068857564,359.3127240988251,85.51700246647836,0.4855251408295354,0.0869548674111431,0.125,0.1428571428571428,0.2678571428571428,0.6179712208771911,0.0431691888228808,14.205503987448552,0.5451954880745411,0.4089660977341904,0,-2.9508127630254912,-3.893825971644144,0
bymas,t,321,30,61.8006230529595,29.059380472802417,0.5233644859813084,0.2585669781931464,75.94080996884735,101.8753894080997,-25.93457943925233,2.177570093457944,0.1931464174454828,0.0155763239875389,0.3154761904761904,0.2521008403361344,0.35202492211838,0.0716510903426791,0.0903426791277258,0.1619937694704049,0.4423076923076923,0.1152647975077881,0.8333333333333334,0.0119047619047619,1.691588785046729,0.1433021806853582,0.5358255451713395,0.6105919003115264,0.4018691588785046,0.0,2046.540560077955,92.96320349449222,563.6284117551355,127.7352568401661,0.9700054512988076,0.084008574833557,7933.088719302103,1256.117695241678,380.3881661798987,101.23917242749371,0.4049391461882121,0.0784865133018679,0.0747663551401869,0.1121495327102803,0.1869158878504672,0.5939578610804576,0.046360512998462,17.683417920103444,0.6655775024225774,0.5017659272709394,0,-0.4291033815720098,-0.6128841398917755,0
c4llm3su3,t,144,14,66.79166666666667,13.365085823880277,0.6111111111111112,0.3055555555555556,84.45138888888889,98.125,-13.67361111111111,2.611111111111111,0.2013888888888889,0.0138888888888888,0.2159090909090909,0.35,0.375,0.0625,0.0972222222222222,0.1597222222222222,0.391304347826087,0.1527777777777778,0.7954545454545454,0.0227272727272727,1.8125,0.1805555555555555,0.5833333333333334,0.6597222222222222,0.3888888888888889,0.0,2118.825669879548,103.71135454221522,580.6165297530359,117.71432739645378,1.0458400370813203,0.1133985434126433,8564.22563690863,1624.1336355103635,394.9044017057584,102.31174358206044,0.3868914658871865,0.1023723284814815,0.0763888888888889,0.1111111111111111,0.1875,0.5813606902342224,0.0704271517966994,14.313276331750384,0.3562316859106121,0.3242509168534376,4,-0.3309092130676107,0.4203789627495678,4
chr1zn,t,155,15,51.81290322580645,24.48632161813439,0.4903225806451612,0.2,65.61290322580645,110.36129032258064,-44.7483870967742,2.070967741935484,0.1548387096774193,0.0258064516129032,0.3947368421052631,0.3467741935483871,0.4709677419354838,0.0516129032258064,0.2709677419354839,0.3225806451612903,0.16,0.1161290322580645,0.5921052631578947,0.0,2.606451612903226,0.1870967741935484,0.7225806451612903,0.967741935483871,0.7225806451612903,0.0064516129032258,2026.1429306802693,107.56855319560646,526.850406091257,120.78687565387264,0.9830920562738152,0.1199515367445703,8294.524476568653,1035.0118531621408,403.6392799288117,107.2987255274874,0.4154459360999571,0.0761686405366268,0.064516129032258,0.2451612903225806,0.3096774193548387,0.6042504597659514,0.0426205087495426,12.579039734669372,0.5824450930433355,0.3877035335322484,1,-1.7277435080067651,-5.142565605061706,1
cmtry,t,265,28,52.943396226415096,18.953462404585107,0.4943396226415094,0.3396226415094339,69.40377358490566,89.9132075471698,-20.50943396226415,2.279245283018868,0.2226415094339622,0.1094339622641509,0.3358778625954198,0.2171428571428571,0.3094339622641509,0.0490566037735849,0.0716981132075471,0.120754716981132,0.40625,0.0943396226415094,0.4122137404580153,0.3282442748091603,2.8566037735849057,0.0490566037735849,1.2867924528301886,1.0226415094339625,0.4981132075471698,0.0,2177.826170906168,117.8050539997458,510.4070389431221,84.37928591752906,0.9387854793844356,0.0808671787152341,8514.549380021977,1268.3548925280336,368.8515323447349,55.67892628124344,0.3274108962937294,0.080502615887356,0.0490566037735849,0.0641509433962264,0.1132075471698113,0.5802439985677388,0.0441427289600449,16.782604830354934,0.5073791054390564,0.3865783377440679,2,6.6079328314642725,-0.8106926669829575,2
cobrazera,t,428,36,66.01869158878505,18.376855616924264,0.5934579439252337,0.2383177570093458,86.14018691588785,109.2196261682243,-23.07943925233645,3.990654205607477,0.161214953271028,0.0023364485981308,0.3110236220472441,0.2668711656441718,0.3878504672897196,0.0700934579439252,0.1495327102803738,0.219626168224299,0.3191489361702128,0.1448598130841121,0.7401574803149606,0.0314960629921259,1.6565420560747663,0.2827102803738318,0.3551401869158878,0.5654205607476636,0.4532710280373832,0.0,1992.64939916006,97.01282343455084,497.03742721490187,109.14935375592933,0.9168265694704276,0.1257925100414387,8504.886790071987,1138.9970651760866,379.3465055882565,90.8095920714422,0.4097709975439746,0.0883113882514338,0.0817757009345794,0.1425233644859813,0.2242990654205607,0.5861221497016239,0.0445609411488124,11.522223700839422,0.418831820952102,0.3239782521202308,0,-1.2619039786597892,-2.0951423324986123,0
controlez,t,105,9,53.05714285714286,19.01520244107504,0.4095238095238095,0.1523809523809524,64.35238095238095,116.54285714285714,-52.19047619047619,2.095238095238096,0.1714285714285714,0.0,0.1627906976744186,0.2359550561797752,0.2666666666666666,0.0857142857142857,0.2,0.2857142857142857,0.3,0.0857142857142857,0.813953488372093,0.0,1.2476190476190476,0.1238095238095238,0.3523809523809524,0.419047619047619,0.3523809523809524,0.0,1969.8499322979828,96.27358162834408,549.1633225623794,110.5696304797176,0.9741681240191672,0.0866375216283567,7115.640281594355,1116.011582418947,419.0049349099864,74.00265512382528,0.4527875709620031,0.1233496276080762,0.1142857142857142,0.1809523809523809,0.2952380952380952,0.664024413217595,0.0409713208901671,11.829018673703487,0.3692271666401717,0.3131515979487854,0,-2.911126973922006,-5.68307605617261,0
d1ledez,t,230,23,73.33478260869565,27.46243837422613,0.6826086956521739,0.2608695652173913,97.68695652173912,103.2695652173913,-5.582608695652174,2.152173913043478,0.1478260869565217,0.008695652173913,0.2993630573248407,0.2176470588235294,0.3652173913043478,0.0652173913043478,0.117391304347826,0.1826086956521739,0.3571428571428571,0.1608695652173913,0.7707006369426752,0.0063694267515923,2.0608695652173914,0.2217391304347826,0.5869565217391305,0.8260869565217391,0.4260869565217391,0.0,2016.9876163926576,99.82881571817651,487.6361050228626,110.77501923844704,0.923161686784099,0.1083542007226699,7861.821718897383,978.7390563057852,338.57435860763275,82.39770254315691,0.4126743307585888,0.0778840387616746,0.0521739130434782,0.1043478260869565,0.1565217391304348,0.5850991010490422,0.0504001934650191,15.56423359915038,0.6987131788963126,0.4869754757965912,0,-0.3853300568172593,-0.159017483781355,0
dav1g,t,138,13,63.95652173913044,26.624400007615712,0.4710144927536231,0.2536231884057971,73.8768115942029,108.57246376811594,-34.69565217391305,2.2971014492753623,0.2246376811594203,0.0072463768115942,0.3076923076923077,0.203883495145631,0.2971014492753623,0.1304347826086956,0.1739130434782608,0.3043478260869565,0.4285714285714285,0.0869565217391304,0.7230769230769231,0.0,1.934782608695652,0.1884057971014492,0.5579710144927537,0.7463768115942029,0.4347826086956521,0.0072463768115942,2037.125229849221,122.34627513530567,540.072329740654,92.33119898301231,1.007185878829107,0.1277736340542377,8592.787715961224,1646.3778282078304,411.19837698438766,118.55124780444469,0.4331942644715448,0.078911035030177,0.108695652173913,0.2028985507246377,0.3115942028985507,0.5928315867822516,0.0649243144017918,9.301413776223775,0.5741067570883398,0.3880098824955181,0,-2.1049929318568257,-1.4222780331443037,0
dem0n,t,265,28,77.95094339622642,21.92518942579517,0.7169811320754716,0.3018867924528302,102.58867924528302,99.20754716981132,3.3811320754716983,3.7735849056603774,0.1698113207547169,0.0188679245283018,0.3526315789473684,0.2324324324324324,0.4150943396226415,0.0981132075471698,0.1132075471698113,0.2113207547169811,0.4642857142857143,0.2075471698113207,0.8157894736842105,0.0,1.818867924528302,0.3169811320754717,0.4075471698113208,0.5735849056603773,0.5132075471698113,0.0075471698113207,2061.3226522714813,99.37929735683193,519.1696668967243,108.8753460722674,0.9441334371696034,0.0990342166370324,8315.829737177704,1339.1044600835169,353.98350393413443,84.79052989590781,0.4142734382098463,0.0755956633770642,0.0830188679245283,0.1358490566037735,0.2188679245283019,0.5679553871759488,0.0522795225267328,16.958659928930455,0.6212653420093901,0.5031175853480586,0,-1.232319490157627,1.6670607829930224,0
dgt,t,346,33,78.67630057803468,27.86311590730745,0.684971098265896,0.338150289017341,97.24277456647398,95.06647398843933,2.1763005780346822,2.878612716763006,0.1878612716763005,0.0086705202312138,0.2573839662447257,0.1965065502183406,0.3063583815028902,0.0953757225433526,0.0751445086705202,0.1705202312138728,0.559322033898305,0.176300578034682,0.7890295358649789,0.0,1.569364161849711,0.3786127167630058,0.2861271676300578,0.407514450867052,0.4971098265895953,0.0,2090.363831537389,160.17415520874502,654.0061622821073,125.51374484888704,1.15965798058299,0.1070437763459561,8887.490362905139,1703.8408015762036,521.455232026315,114.02878223437273,0.3830381683905194,0.087166746417674,0.1184971098265895,0.0722543352601156,0.1907514450867052,0.5403659284295194,0.06549996623059,17.889708233072657,0.6234161825030469,0.4536634722139657,4,-2.4733925754964337,5.651869512466286,4
donk,t,367,33,93.04904632152588,26.058607394985064,0.8692098092643051,0.2888283378746594,120.59128065395096,105.55858310626704,15.032697547683924,4.160762942779291,0.2615803814713896,0.0136239782016348,0.2852664576802508,0.3256704980842911,0.4795640326975476,0.1852861035422343,0.1335149863760218,0.3188010899182561,0.5811965811965812,0.2397820163487738,0.8432601880877743,0.006269592476489,2.002724795640327,0.3732970027247956,0.5068119891008175,0.5122615803814714,0.6103542234332425,0.0,1990.037208186771,131.95477052850637,543.1284160630887,76.03677145561905,0.8996501729305049,0.0755751863692264,9581.429360320948,1643.69890958395,349.7223096989018,51.24040203780672,0.380607159276403,0.0633271473739343,0.1471389645776566,0.1444141689373297,0.2915531335149863,0.563240514407188,0.0624540259175623,14.414712531597935,0.6362295653263349,0.4721743815152296,0,-2.8504267562427783,4.091632586702178,0
dumau,t,436,45,77.51834862385321,23.6127262437238,0.7385321100917431,0.268348623853211,98.98394495412845,105.34174311926606,-6.357798165137615,4.912844036697248,0.2087155963302752,0.018348623853211,0.2888198757763975,0.2884012539184953,0.4243119266055046,0.1330275229357798,0.1559633027522936,0.2889908256880734,0.4603174603174603,0.1903669724770642,0.8416149068322981,0.0,2.3577981651376145,0.3646788990825688,0.7706422018348624,0.5825688073394495,0.6284403669724771,0.0114678899082568,2015.9336572721108,111.01785190934775,529.7707591847097,94.79558071781462,0.9833768733628327,0.0909701270306341,8263.090693650447,1225.7096601977896,369.2562165071132,77.27323366213172,0.42178092662944,0.0743202855904151,0.1261467889908256,0.1605504587155963,0.286697247706422,0.6150139323470099,0.0497315738905853,15.162151845744416,0.6171696627938719,0.447460164603081,0,-2.7930503088241894,0.3534636395409185,0
dziugss,t,265,28,75.83018867924528,31.25014955744876,0.7094339622641509,0.3094339622641509,96.06415094339624,99.92075471698114,-3.8566037735849057,3.3245283018867924,0.1849056603773584,0.0264150943396226,0.3085106382978723,0.3005464480874317,0.4264150943396226,0.1094339622641509,0.0830188679245283,0.1924528301886792,0.5686274509803921,0.1849056603773584,0.7712765957446809,0.0053191489361702,1.913207547169812,0.4037735849056604,0.350943396226415,0.569811320754717,0.5886792452830188,0.0,2096.1788478680846,133.82205958319005,610.9726604300624,130.13307769533614,1.0681507089783229,0.1394465960955661,8178.745465452994,1096.3888811449442,452.93845779987896,114.3612772067113,0.3946224728285573,0.0813697739290974,0.1245283018867924,0.0867924528301886,0.2113207547169811,0.5724587943824299,0.0388129109420417,14.66432944295733,0.6213110416811398,0.4419169972472703,4,-2.3489797086319872,3.692771482976952,4
elige,t,231,21,67.77056277056278,25.934466772636416,0.5757575757575758,0.2034632034632034,86.18614718614718,114.51948051948052,-28.33333333333333,4.268398268398268,0.2077922077922078,0.0043290043290043,0.3609022556390977,0.3260869565217391,0.4675324675324675,0.0995670995670995,0.1515151515151515,0.2510822510822511,0.396551724137931,0.1038961038961039,0.7142857142857143,0.0075187969924812,1.9134199134199128,0.3679653679653679,0.4632034632034632,0.5627705627705628,0.5194805194805194,0.0,2016.4979359891088,108.00330909832624,522.6355258853109,88.79247922058552,0.9717565877275052,0.0870353797920607,8294.561878652416,1631.0826530606464,378.80118562318654,98.31473564134686,0.4048678971578097,0.0691712462306454,0.0909090909090909,0.1515151515151515,0.2424242424242424,0.5836519402158057,0.0520668234402923,15.022279180362997,0.670516584343929,0.4693557001561934,0,-2.3695866832616783,-1.556610399616391,0
emiliaqaq,t,144,14,56.93055555555556,22.979291536210862,0.5416666666666666,0.2083333333333333,74.77083333333333,107.11111111111111,-32.34027777777778,6.125,0.1736111111111111,0.0208333333333333,0.3461538461538461,0.219298245614035,0.3611111111111111,0.1041666666666666,0.1597222222222222,0.2638888888888889,0.3947368421052631,0.1319444444444444,0.6025641025641025,0.0,1.8125,0.3263888888888889,0.4930555555555556,0.4375,0.5555555555555556,0.0,2113.0580618487334,106.53273781732422,574.4586153037917,102.73256661185754,1.044809611366784,0.1172344356052306,7953.8842428308835,1119.4290000591654,416.3628382159572,101.68609158343978,0.3762124888302861,0.064391846242897,0.0972222222222222,0.1388888888888889,0.2361111111111111,0.6115185026734531,0.0375947331868387,16.554494152810694,0.5934670690861004,0.4111124946883468,0,-1.6978149131788196,-1.51315106230398,0
esenthial,t,438,40,56.853881278538815,18.2552356254338,0.5205479452054794,0.2648401826484018,74.53196347031964,101.69634703196348,-27.164383561643834,3.2077625570776256,0.1484018264840182,0.0114155251141552,0.3596491228070175,0.2298136645962732,0.3561643835616438,0.0502283105022831,0.0821917808219178,0.1324200913242009,0.3793103448275862,0.1004566210045662,0.7894736842105263,0.0087719298245614,1.82648401826484,0.3538812785388128,0.3584474885844749,0.6050228310502284,0.5091324200913242,0.0,2100.8521716314226,93.22191528835158,612.8214485440451,109.53555147881303,1.0584376918273253,0.0867767414924966,8466.647672868736,1139.2296662828587,445.9008802545279,107.59515844739948,0.3693491968074525,0.0787225767097099,0.0593607305936073,0.0730593607305936,0.1324200913242009,0.5712749521305018,0.0453946074489971,15.418449928867323,0.4496756369757922,0.3443116352887663,4,0.2805845791558754,-0.9285277534551992,4
fallen,t,296,29,54.12162162162162,20.99409965036405,0.4864864864864865,0.2905405405405405,69.01013513513513,98.3141891891892,-29.304054054054053,4.1891891891891895,0.2635135135135135,0.0878378378378378,0.3472222222222222,0.3095238095238095,0.3885135135135135,0.0439189189189189,0.1182432432432432,0.1621621621621621,0.2708333333333333,0.1013513513513513,0.6875,0.0277777777777777,3.655405405405405,0.1621621621621621,1.5202702702702702,1.3310810810810811,0.6317567567567568,0.0101351351351351,2101.529708279819,137.50402451877184,504.7475779893608,97.07380936863512,0.8918493591578025,0.0540018829536737,10177.258206146464,2063.018658793126,372.1548905668803,76.563437655272,0.3557793226563636,0.080769547389227,0.0506756756756756,0.1114864864864864,0.1621621621621621,0.5453486188297156,0.0621184263589952,16.606369196783373,0.5288158975400382,0.4022028950557207,1,3.773813076881103,-1.6579378911147489,1
faven,t,173,17,62.75722543352601,21.012090597893994,0.5549132947976878,0.1965317919075144,81.57803468208093,108.14450867052022,-26.566473988439306,2.578034682080925,0.1734104046242774,0.0057803468208092,0.40625,0.2733812949640288,0.4450867052023121,0.0809248554913294,0.1098265895953757,0.1907514450867052,0.4242424242424242,0.1213872832369942,0.7291666666666666,0.0,1.832369942196532,0.3410404624277456,0.3236994219653179,0.5606936416184971,0.6069364161849711,0.0,2100.689243405702,146.59489186387964,557.1654656557706,112.4651661299491,1.0389213888544715,0.1384729515695279,8031.923717016655,1325.2517085787638,403.2403965312521,97.1045641276316,0.4108139011474172,0.0860265919260326,0.0751445086705202,0.0982658959537572,0.1734104046242774,0.5793660217705087,0.0556561703424746,16.456823388939352,0.5967686563351668,0.4348971040550081,4,-1.7616388308387645,-0.5604754353449446,0
fl4mus,t,367,36,63.31607629427793,21.27813003938224,0.5967302452316077,0.2670299727520436,81.87738419618529,104.95095367847412,-23.07356948228883,2.5040871934604905,0.1580381471389645,0.0136239782016348,0.3287671232876712,0.2527881040892193,0.3814713896457766,0.0817438692098092,0.1226158038147139,0.2043596730245231,0.4,0.1471389645776566,0.7853881278538812,0.0091324200913242,1.779291553133515,0.3160762942779291,0.4277929155313351,0.5831062670299727,0.4523160762942779,0.0,2024.5930866745807,108.67840915814377,565.3322344691422,134.680227239333,1.0251345652172013,0.1000724391367821,7694.2042015596335,1232.298751950547,413.11154000703664,99.90426895653448,0.4498893234823692,0.0881150506341457,0.0899182561307901,0.1253405994550408,0.215258855585831,0.5954509879398611,0.0518497655297713,13.904526675142067,0.4965766510997081,0.3901254282671714,0,-1.9576425940616533,-0.6973477135590038,0
flamez,t,286,27,70.03496503496504,24.580806235528296,0.6223776223776224,0.2447552447552447,88.52797202797203,106.22377622377624,-17.695804195804197,2.611888111888112,0.2097902097902098,0.0174825174825174,0.196629213483146,0.2824074074074074,0.3356643356643357,0.1398601398601398,0.1398601398601398,0.2797202797202797,0.5,0.1573426573426573,0.6404494382022472,0.0056179775280898,2.167832167832168,0.1713286713286713,0.8636363636363636,0.5104895104895105,0.6188811188811189,0.0034965034965034,1962.8830322109,116.23246703655248,536.0350219454779,92.10148181841896,0.9120119187111648,0.0770895652340398,8953.673504312203,1565.9074573688713,359.3988725968195,69.05826877705192,0.4122301636242125,0.0775921510421225,0.0944055944055944,0.1608391608391608,0.2552447552447552,0.572967028270745,0.0584019413010811,16.013484930317873,0.643436648127826,0.457101115301979,0,-1.524341341974622,0.253215320860214,0
gizmy,t,321,30,61.23364485981308,18.38121538451136,0.5514018691588785,0.2741433021806853,76.85981308411215,97.98130841121495,-21.121495327102803,4.454828660436137,0.1962616822429906,0.0467289719626168,0.2259887005649717,0.2103004291845493,0.2772585669781931,0.0809968847352024,0.1557632398753894,0.2367601246105919,0.3421052631578947,0.1214953271028037,0.7231638418079096,0.0169491525423728,2.7383177570093458,0.1993769470404984,1.043613707165109,0.9190031152647976,0.5763239875389408,0.0,2046.881722389808,90.8917626640246,564.1022591787764,85.91795186277149,0.999729015560434,0.1158831352042637,8657.983683074937,1522.197290070936,432.2805125170795,80.23654402093398,0.3867173930569363,0.0786943112978265,0.0965732087227414,0.1370716510903426,0.2336448598130841,0.568420349062319,0.0610249381132125,17.433223160558,0.5041530644096092,0.4026105722106123,1,0.0223123481942562,-1.001428517976968,1
gr1ks,t,173,17,55.31791907514451,24.04738567003653,0.5433526011560693,0.2312138728323699,72.38150289017341,103.90751445086704,-31.526011560693643,2.7630057803468207,0.1271676300578034,0.0404624277456647,0.3936170212765957,0.1954887218045112,0.3641618497109826,0.0404624277456647,0.0751445086705202,0.1156069364161849,0.35,0.1098265895953757,0.3829787234042553,0.4042553191489361,2.161849710982659,0.0635838150289017,1.0289017341040465,0.6994219653179191,0.3699421965317919,0.0,2157.6503944717742,154.5533638584898,451.3974719998801,55.27387227176148,0.8959077176968266,0.0502744546073825,7804.937866261826,983.1621758944684,316.7066915076448,37.8809174227405,0.325659041367597,0.1053105407153613,0.0346820809248554,0.0867052023121387,0.1213872832369942,0.606505503139421,0.0429123097539088,16.928032483674745,0.7231749649509406,0.4856086336474587,2,5.1052938926473965,-1.9105077908396564,2
grim,t,182,16,76.57692307692308,27.178225676397897,0.6813186813186813,0.2472527472527472,95.48351648351648,99.82967032967034,-4.346153846153846,2.1373626373626373,0.1373626373626373,0.0054945054945054,0.3064516129032258,0.218978102189781,0.3736263736263736,0.0824175824175824,0.1373626373626373,0.2197802197802197,0.375,0.1593406593406593,0.7096774193548387,0.0,1.9065934065934067,0.3571428571428571,0.4285714285714285,0.5714285714285714,0.5494505494505495,0.0,2051.435913115819,145.22391406814617,642.4678773940102,120.0747209873304,1.13197046776264,0.1257220364520834,7880.813103023148,1090.5594260735595,445.0337646799354,130.82607931564013,0.4412756735996594,0.0710232303670445,0.0769230769230769,0.1483516483516483,0.2252747252747252,0.5998190540172172,0.0324474414871883,14.693425081376208,0.7042258717744387,0.4818902490296027,4,-3.04883183447708,1.3327921209695537,0
heavygod,t,429,38,77.4079254079254,25.05721196404141,0.6783216783216783,0.3006993006993007,98.7972027972028,100.988344988345,-2.191142191142191,2.55011655011655,0.2121212121212121,0.0349650349650349,0.2783505154639175,0.23,0.3496503496503496,0.0862470862470862,0.0792540792540792,0.1655011655011655,0.5211267605633803,0.1608391608391608,0.6769759450171822,0.0,2.2097902097902096,0.1445221445221445,0.8554778554778555,0.6317016317016317,0.5757575757575758,0.0023310023310023,2158.34426013821,98.09815612787298,704.1102575863051,135.03097163333825,1.1524917915539783,0.1555663412334409,8858.182431667698,1354.0650876587358,544.2179088669355,138.93416051529448,0.3576926205431451,0.0631628589944827,0.1002331002331002,0.0885780885780885,0.1888111888111888,0.5865984705083439,0.0537950631393143,14.080563645073688,0.5913853663502322,0.3970918399344805,4,-1.0683138108621546,3.7990589342375647,4
hooxi,t,117,13,54.00854700854701,17.664582438772506,0.4273504273504273,0.188034188034188,66.88034188034187,106.85470085470084,-39.97435897435897,1.811965811965812,0.2051282051282051,0.0683760683760683,0.32,0.2,0.2991452991452991,0.0512820512820512,0.1538461538461538,0.2051282051282051,0.25,0.1025641025641025,0.8,0.0,2.9743589743589745,0.0769230769230769,1.2136752136752136,1.1282051282051282,0.5555555555555556,0.0,2139.167088932966,131.6734357401524,578.2230978903419,134.71675976732718,1.0949637763709104,0.1338743156878641,7783.077268788951,1051.5330973077434,445.635444512583,112.46991554200056,0.3464541900392571,0.0837733293935346,0.0683760683760683,0.1367521367521367,0.2051282051282051,0.5806934965648972,0.0408342363763996,14.116986742004462,0.4194516249026956,0.3403128535123388,1,1.181676233000609,-3.07991195343657,4
huasopeek,t,346,33,60.0635838150289,25.46870457550293,0.5289017341040463,0.2601156069364161,78.28901734104046,102.17630057803468,-23.88728323699421,3.060693641618497,0.2023121387283237,0.0231213872832369,0.3224043715846995,0.28515625,0.3815028901734104,0.0895953757225433,0.1791907514450867,0.26878612716763,0.3333333333333333,0.1098265895953757,0.7377049180327869,0.0163934426229508,1.7052023121387283,0.1878612716763005,0.638728323699422,0.4682080924855491,0.4104046242774566,0.0,2089.519362604395,143.7086080827726,544.0590727251688,108.08035275252546,0.9887242753925062,0.0904717713806612,8182.898788535544,1636.6396440987437,373.5100447462556,75.6006533815129,0.3865769333390499,0.0877714560363572,0.0924855491329479,0.1502890173410404,0.2427745664739884,0.595973587153785,0.0550374871373289,19.548235825832915,0.584889313771349,0.5220851558292053,0,-1.0155530481934778,-1.0013371779463454,0
hunter-,t,429,38,59.46620046620047,20.32487879598983,0.5501165501165501,0.3076923076923077,73.95104895104895,98.89277389277387,-24.941724941724942,4.475524475524476,0.1841491841491841,0.0699300699300699,0.4025423728813559,0.2592592592592592,0.4009324009324009,0.0536130536130536,0.1072261072261072,0.1608391608391608,0.3333333333333333,0.1258741258741259,0.7838983050847458,0.0042372881355932,2.6946386946386944,0.2937062937062937,0.9906759906759908,0.8461538461538461,0.5547785547785548,0.0093240093240093,2058.4342652850955,133.71144147712334,518.9164027402808,99.64625391153412,0.903870754945434,0.0909724665133653,9427.430426727364,1333.0690130610997,370.10848566741134,78.40389507848262,0.3824135724242392,0.065515821765148,0.0792540792540792,0.0955710955710955,0.1748251748251748,0.5572042473895198,0.0527871952790528,14.976814149451144,0.5061381137120198,0.3874901592356692,1,1.96801708920499,-1.0404579850832454,1
hypex,t,327,32,63.17431192660551,19.551896510445133,0.6758409785932722,0.3761467889908257,86.68195718654434,89.41284403669725,-2.7308868501529053,1.8318042813455653,0.1773700305810397,0.0764525993883792,0.4027149321266968,0.2794117647058823,0.4464831804281345,0.0581039755351682,0.0458715596330275,0.1039755351681957,0.5588235294117647,0.146788990825688,0.5294117647058824,0.2217194570135746,2.6452599388379205,0.055045871559633,1.217125382262997,1.0214067278287462,0.3516819571865443,0.0,2106.2747535563926,110.58571082103816,473.5501940448452,91.76820512967636,0.905818589796266,0.076679322870126,9081.045402292702,1189.739797168694,332.3591838726596,70.5853489409077,0.3471133328332804,0.0774119063317941,0.0519877675840978,0.0489296636085626,0.1009174311926605,0.5539309938992483,0.0520406302278754,14.830965588961046,0.5998281947798645,0.444424474293915,3,5.74418054281745,1.8943411030925323,3
im,t,284,30,71.28169014084507,22.770382960527893,0.6514084507042254,0.3204225352112676,89.56338028169014,94.32394366197182,-4.76056338028169,2.73943661971831,0.2218309859154929,0.0528169014084507,0.3027027027027027,0.2953367875647668,0.397887323943662,0.0880281690140845,0.1091549295774647,0.1971830985915492,0.4464285714285714,0.1725352112676056,0.7621621621621621,0.0054054054054054,1.7816901408450705,0.3133802816901408,0.5352112676056338,0.4647887323943662,0.4683098591549295,0.0,2083.1816066155548,149.06545790158552,639.3705527677228,146.68427787640232,1.0880790174828432,0.1409286679367782,9059.005625394317,1408.4137293155502,465.57605719894366,112.14259269161442,0.3674277805170074,0.0818185689543098,0.0633802816901408,0.1161971830985915,0.1795774647887324,0.5452182388587457,0.0567574872638813,12.572574951470626,0.5778541862453793,0.4059190619380206,4,-1.0854870218055637,3.34648048865654,4
ins,t,108,11,66.36111111111111,29.44712001851726,0.6203703703703703,0.2314814814814814,79.23148148148148,109.0925925925926,-29.86111111111111,1.3888888888888888,0.2037037037037037,0.0833333333333333,0.2537313432835821,0.2771084337349397,0.3703703703703703,0.0555555555555555,0.1296296296296296,0.1851851851851851,0.3,0.1666666666666666,0.5671641791044776,0.0149253731343283,2.6481481481481484,0.1666666666666666,1.1111111111111112,0.7407407407407407,0.6203703703703703,0.0092592592592592,1985.8353941315324,80.42922131498005,517.6999486362321,93.91849858417616,0.9657045224320416,0.0988309329771462,8086.271389304677,936.4028750961788,372.8708922866302,101.21365769692184,0.397968693028053,0.0597016223408837,0.0833333333333333,0.1203703703703703,0.2037037037037037,0.6010094875839506,0.0371511636960809,16.290173321706224,0.6700026294192671,0.4788118058047537,0,0.3494894947853779,-1.7857053941881718,0
insani,t,210,22,72.72857142857143,36.04397583529015,0.6714285714285714,0.1809523809523809,92.54761904761904,109.5904761904762,-17.042857142857144,3.8333333333333335,0.1428571428571428,0.0047619047619047,0.2482269503546099,0.2383720930232558,0.3619047619047619,0.1047619047619047,0.1571428571428571,0.2619047619047619,0.4,0.1666666666666666,0.7446808510638298,0.0,2.142857142857143,0.3095238095238095,0.6857142857142857,0.5095238095238095,0.6238095238095238,0.0142857142857142,2026.5051958854376,129.8646411841058,554.5894138181255,86.1184427263292,1.0318541469456393,0.1280700952571999,7868.627552926819,1550.483247776202,440.8943589103108,89.74870358043374,0.3918186243935009,0.0812379600579216,0.0904761904761904,0.1666666666666666,0.2571428571428571,0.591609295328958,0.0635065944074008,18.80792548052332,0.7803673021815828,0.5884995006594446,0,-4.055793161185997,0.840434928394042,0
jabbi,t,117,13,69.13675213675214,27.18067561389136,0.5811965811965812,0.188034188034188,86.12820512820512,113.3076923076923,-27.17948717948718,2.7777777777777777,0.1794871794871795,0.0256410256410256,0.2352941176470588,0.2421052631578947,0.3333333333333333,0.0769230769230769,0.0854700854700854,0.1623931623931624,0.4736842105263157,0.1367521367521367,0.6764705882352942,0.0,2.1623931623931623,0.358974358974359,0.5470085470085471,0.6410256410256411,0.6068376068376068,0.0085470085470085,2078.4628151163165,190.22053452369937,561.3365953867232,144.83411625162736,1.0530223411687545,0.175598707013931,7208.178895589397,1396.8468646034623,446.2254595466426,133.53347427290927,0.4516127923010308,0.0827099606450277,0.0683760683760683,0.1025641025641025,0.1709401709401709,0.608077258634235,0.0543564994955883,18.64303338291652,0.6701251332297241,0.5411897440612662,4,-3.51018741657348,0.6323487865798103,4
jame,t,264,24,67.28787878787878,20.018900568016186,0.5568181818181818,0.3522727272727273,85.6969696969697,91.8409090909091,-6.143939393939394,3.1893939393939394,0.2045454545454545,0.0719696969696969,0.272108843537415,0.1871345029239766,0.2727272727272727,0.1098484848484848,0.0643939393939393,0.1742424242424242,0.6304347826086957,0.1212121212121212,0.3197278911564626,0.4625850340136054,2.871212121212121,0.1666666666666666,1.2159090909090908,0.9734848484848484,0.5151515151515151,0.0,2132.717281419293,101.84821317613584,564.7397606602049,116.66056563487108,1.0059332267829175,0.0874338114625043,9716.723703373213,1404.1174136421218,439.1258358228282,110.13430019853156,0.3059070791416227,0.0710592842842564,0.1098484848484848,0.0871212121212121,0.1969696969696969,0.5713562131726618,0.0457319816741799,13.794477751041526,0.4362055262534713,0.3381416294049921,2,4.531497262649872,2.7738808224596734,2
jamyoung,t,260,23,73.80384615384615,18.58635028941353,0.6884615384615385,0.2692307692307692,95.23076923076924,101.01153846153846,-5.780769230769231,3.830769230769231,0.1846153846153846,0.0307692307692307,0.3128491620111732,0.2736842105263158,0.4153846153846154,0.1346153846153846,0.173076923076923,0.3076923076923077,0.4375,0.1769230769230769,0.8268156424581006,0.0055865921787709,1.9615384615384608,0.2576923076923076,0.4423076923076923,0.5615384615384615,0.6961538461538461,0.0038461538461538,2081.219883137769,136.53434335503505,499.5427161168189,88.50229714110262,0.9946794220905402,0.1067345463152242,8760.10781233461,1423.368613726881,379.9636499322006,65.16193153122856,0.37522112870563,0.0938697918486272,0.0884615384615384,0.1846153846153846,0.273076923076923,0.5782743919896208,0.05123455590238,15.83382035568238,0.487574283059711,0.3582726290850447,0,-1.548041538380591,0.2474191376517618,0
jba,t,247,24,60.16194331983806,18.414631952157595,0.5141700404858299,0.2388663967611336,76.38461538461539,105.7004048582996,-29.31578947368421,3.02834008097166,0.1700404858299595,0.0040485829959514,0.3228346456692913,0.2074468085106383,0.3238866396761133,0.068825910931174,0.1214574898785425,0.1902834008097166,0.3617021276595745,0.1052631578947368,0.6456692913385826,0.0157480314960629,1.437246963562753,0.1619433198380566,0.3643724696356275,0.4251012145748988,0.48582995951417,0.0,2199.5291302134947,93.26731588718091,659.4616977184908,116.81778481582006,1.160961435862331,0.1480746388377619,8623.859502650062,1161.6195829507913,488.18073448869495,118.0848560116562,0.3883823143171613,0.0739198709345127,0.0769230769230769,0.1417004048582996,0.2186234817813765,0.5860338153710123,0.0410894431862033,15.04743093296558,0.4527619053158408,0.3394220560138716,4,-0.9440761972521292,-0.613639565550547,4
jdc,t,173,17,66.23121387283237,28.09625408566469,0.5606936416184971,0.1965317919075144,82.49132947976878,110.96531791907516,-28.47398843930636,4.011560693641618,0.1676300578034682,0.0173410404624277,0.1855670103092783,0.2086330935251798,0.2716763005780346,0.1040462427745664,0.1965317919075144,0.3005780346820809,0.3461538461538461,0.1387283236994219,0.8247422680412371,0.0103092783505154,1.9884393063583807,0.2658959537572254,0.6416184971098265,0.4971098265895953,0.5838150289017341,0.0,2114.966921854544,150.84985402511174,572.3645905224223,62.71315215585972,1.0812656278933424,0.0866587703647005,7727.878071687541,1192.247103560362,435.4403107272376,78.39914733894547,0.348388426946993,0.0797181568681803,0.1040462427745664,0.1849710982658959,0.2890173410404624,0.5915934561343767,0.05612168211385,14.2746410579913,0.6061756287450764,0.4357702282702679,0,-2.6110073610253277,-0.9488587555193796,0
jee,t,260,23,63.25769230769231,22.520235931479213,0.5769230769230769,0.3115384615384615,80.23076923076923,92.43461538461538,-12.203846153846154,1.815384615384616,0.3,0.1769230769230769,0.36,0.3128491620111732,0.4230769230769231,0.0384615384615384,0.0461538461538461,0.0846153846153846,0.4545454545454545,0.1192307692307692,0.62,0.2133333333333333,3.076923076923077,0.0461538461538461,1.4307692307692308,1.1115384615384616,0.4884615384615384,0.0,2149.7725958937503,130.84387271856758,443.770749948351,77.46164066506908,0.906187551112238,0.0633353716104827,8472.641561185805,1249.2136195946314,327.7256111592753,57.02920493141469,0.349412843042476,0.081329030196189,0.0307692307692307,0.0538461538461538,0.0846153846153846,0.6082107916420015,0.0429330827824288,13.259460368915022,0.577686698626978,0.4097034165458409,2,6.818294105312119,-0.8911337242846573,2
jks,t,108,11,73.1574074074074,16.4008037021838,0.6388888888888888,0.2407407407407407,94.60185185185183,103.27777777777776,-8.675925925925926,4.805555555555555,0.2222222222222222,0.0185185185185185,0.2608695652173913,0.2560975609756097,0.3611111111111111,0.0648148148148148,0.1111111111111111,0.1759259259259259,0.3684210526315789,0.1666666666666666,0.7246376811594203,0.0434782608695652,2.351851851851852,0.3888888888888889,0.6388888888888888,0.6388888888888888,0.6759259259259259,0.0092592592592592,2044.7289273405668,166.56037268440062,666.9748111697182,90.66250459268144,1.1882123184028028,0.0903615363539131,8708.754893253645,1118.882891964853,511.6972497925162,96.21080672020084,0.3914088628767672,0.0843516671860052,0.037037037037037,0.1203703703703703,0.1574074074074074,0.5610282978665091,0.0546544634765729,8.329591378347427,0.3754385828459,0.2012436639692952,4,-1.284394435135381,0.5074043183121351,4
jl,t,342,33,70.10818713450293,27.02177428501737,0.6345029239766082,0.2894736842105263,91.2309941520468,101.71637426900584,-10.485380116959064,6.608187134502924,0.219298245614035,0.0087719298245614,0.3502304147465437,0.2757201646090535,0.4181286549707602,0.0789473684210526,0.1286549707602339,0.2076023391812865,0.380281690140845,0.1637426900584795,0.6912442396313364,0.0230414746543778,1.631578947368421,0.3596491228070175,0.347953216374269,0.3333333333333333,0.5730994152046783,0.0175438596491228,1994.9786923420388,132.48284973439985,531.2491546034062,112.07155400729758,0.9713501626070976,0.0894566356671272,8694.90757795321,1546.064838810442,375.692967796021,92.96816834155754,0.4325306437959986,0.0939486104549352,0.0760233918128654,0.1169590643274853,0.1929824561403508,0.5897125417290721,0.0489532823315925,13.331521130805964,0.5839108585030442,0.4648483651802519,0,-2.01396345400188,0.3452791721189762,0
karrigan,t,569,50,43.804920913884,18.765215410923545,0.3462214411247803,0.2161687170474516,53.23550087873462,106.20562390158172,-52.9701230228471,3.140597539543058,0.2478031634446397,0.0579964850615114,0.2741116751269035,0.2914798206278027,0.3233743409490334,0.0456942003514938,0.1704745166959578,0.2161687170474516,0.2113821138211382,0.070298769771529,0.6852791878172588,0.0101522842639593,2.952548330404218,0.2618629173989455,1.0439367311072056,1.015817223198594,0.6098418277680141,0.0210896309314587,2042.7140872694283,95.29425639049572,601.3824071310307,101.48888203184796,1.015803699428765,0.0902603674103175,8473.957354648204,1216.056868319838,478.380910860032,100.33730505362482,0.3631973922770922,0.0604167486219696,0.0738137082601054,0.1423550087873462,0.2161687170474516,0.6067532547390813,0.0476503602222508,17.370293188346167,0.4371011534191832,0.3741389784093743,1,0.6472184134481946,-5.021736328736181,1
kensizor,t,438,40,65.74657534246575,24.61218853504232,0.5593607305936074,0.2123287671232876,83.55936073059361,108.2420091324201,-24.682648401826484,4.78310502283105,0.2123287671232876,0.0182648401826484,0.3061224489795918,0.2898550724637681,0.3995433789954338,0.0753424657534246,0.1712328767123287,0.2465753424657534,0.3055555555555556,0.1255707762557077,0.746938775510204,0.0081632653061224,1.682648401826484,0.3584474885844749,0.410958904109589,0.4634703196347032,0.4497716894977169,0.0,2044.607620082236,143.16471149325452,549.6442215601196,97.04473373652137,0.991751910902882,0.1269457404475876,8234.108063749512,1556.4069820768157,388.2608333130004,86.13445897305905,0.3985090922620541,0.0624658685572689,0.093607305936073,0.1529680365296803,0.2465753424657534,0.5839309451776358,0.0646949570368559,14.088705016015313,0.4978983709078975,0.3708127711426099,0,-2.4334513643885822,-1.460884288006586,0
kisserek,t,130,13,76.43846153846154,36.74353890929928,0.5846153846153846,0.2769230769230769,94.66153846153846,105.26923076923076,-10.607692307692307,4.023076923076923,0.2538461538461538,0.0461538461538461,0.1973684210526315,0.2446808510638297,0.2923076923076923,0.1307692307692307,0.1615384615384615,0.2923076923076923,0.4473684210526316,0.1384615384615384,0.7236842105263158,0.0131578947368421,1.7923076923076924,0.3615384615384615,0.4,0.4076923076923077,0.6,0.023076923076923,2109.5456393391573,121.30385660936588,624.6357362636218,93.7975124168353,1.0817481583506832,0.0918037747422168,8036.335252356179,1473.2650284380888,452.3115016327728,70.16276464872259,0.376820272867601,0.0893023208232634,0.1384615384615384,0.1461538461538461,0.2846153846153846,0.5782366028286505,0.0548026308985111,17.910250868195604,0.7581383163489104,0.5616818941192883,0,-3.009299033377279,2.022426986547711,0
kl1m,t,210,22,74.14761904761905,28.669622569843128,0.7047619047619048,0.2619047619047619,101.33809523809524,100.3,1.0380952380952382,2.7904761904761903,0.1952380952380952,0.0666666666666666,0.4054054054054054,0.2258064516129032,0.4523809523809524,0.0619047619047619,0.0380952380952381,0.1,0.6190476190476191,0.1523809523809524,0.5405405405405406,0.1351351351351351,1.9095238095238096,0.0857142857142857,0.8380952380952381,0.6714285714285714,0.3142857142857143,0.0,2070.544276297131,113.37728953018348,454.64678938142185,77.9233428356643,0.8697360698427973,0.0562708315120599,7863.503773467169,1209.27738477959,302.86113606678134,62.87008282332975,0.3864668888647705,0.0732740671685441,0.0714285714285714,0.0428571428571428,0.1142857142857142,0.5844242861006668,0.0537795641117608,16.079109382604443,0.741165704255606,0.5067428575404092,3,3.319595811962818,1.473444998349605,3
krabeni,t,261,27,65.38314176245211,28.627616122801445,0.5517241379310345,0.2605363984674329,84.06896551724138,101.04214559386972,-16.973180076628353,4.206896551724138,0.2068965517241379,0.0459770114942528,0.2361111111111111,0.2642487046632124,0.3256704980842911,0.0766283524904214,0.1226053639846743,0.1992337164750957,0.3846153846153846,0.1302681992337164,0.75,0.0138888888888888,3.022988505747126,0.4099616858237548,0.9348659003831418,0.9770114942528736,0.7011494252873564,0.0,2130.3561018414616,122.71836319059712,605.0574369547753,126.45563882372628,1.0899797021966742,0.1065289334570953,8521.457753245651,1425.2619405396613,488.4994805446848,128.8069452696293,0.3401849141642153,0.0856780444191587,0.0804597701149425,0.1187739463601532,0.1992337164750957,0.561281095099132,0.0636156491230044,18.12223164411277,0.6747227266732393,0.5047955372463505,4,-1.3894405590248349,1.4656108081258823,4
kscerato,t,296,29,70.23310810810811,23.767215355685835,0.6554054054054054,0.3547297297297297,90.41891891891892,91.76351351351352,-1.3445945945945943,3.891891891891892,0.1756756756756756,0.0135135135135135,0.3247422680412371,0.2670157068062827,0.3851351351351351,0.0743243243243243,0.1047297297297297,0.179054054054054,0.4150943396226415,0.152027027027027,0.7835051546391752,0.0051546391752577,2.381756756756757,0.4831081081081081,0.6722972972972973,0.5878378378378378,0.6385135135135135,0.0,2073.136487833574,147.0138970272155,660.4744655298189,138.8788311639962,1.0980030028257464,0.1302556541733438,9740.812791171566,1439.4877618371909,492.9722314962086,100.81079387936326,0.3736249401499278,0.0799050007130177,0.0844594594594594,0.0878378378378378,0.1722972972972972,0.5405462152520983,0.0512918733744907,11.608132398852083,0.5958929797673567,0.4022022402645879,4,-1.2527606627377268,3.6644958371478102,4
kyousuke,t,571,51,82.215411558669,22.57839582253772,0.7390542907180385,0.2609457092819615,104.40980735551663,104.46059544658492,-0.0507880910683012,2.7530647985989494,0.2381786339754816,0.0035026269702276,0.2914691943127962,0.3056872037914692,0.4413309982486865,0.1190893169877408,0.1523642732049036,0.2714535901926445,0.4387096774193548,0.1943957968476357,0.7796208530805687,0.0071090047393364,1.5253940455341506,0.1996497373029772,0.425569176882662,0.457092819614711,0.4413309982486865,0.0017513134851138,1970.5104458537523,104.87236769326228,534.7308176454768,82.34204156202404,0.9202598484593708,0.0871243719308524,8535.405598104466,1440.5871109930144,347.4222262013931,65.17762541502863,0.4166320493848603,0.0739742969287382,0.0805604203152364,0.1628721541155867,0.2434325744308231,0.5907387357054936,0.0532244795371541,13.95734503881974,0.5278038671178673,0.3718829853946567,0,-1.7540015754180591,0.2189703840686059,0
lake,t,247,24,70.91497975708502,26.62484967394156,0.6396761133603239,0.2064777327935222,89.70040485829959,114.02429149797572,-24.323886639676115,5.9271255060728745,0.1740890688259109,0.0121457489878542,0.3037974683544304,0.2857142857142857,0.4210526315789473,0.1012145748987854,0.1983805668016194,0.2995951417004048,0.3378378378378378,0.1619433198380566,0.7278481012658228,0.0063291139240506,1.9109311740890689,0.3927125506072874,0.5060728744939271,0.4655870445344129,0.5384615384615384,0.0080971659919028,2076.6444259002114,123.4384450706537,501.0507913032039,98.92532922152652,0.91583548672058,0.0952336495217805,8524.975122164933,1304.2696206154153,342.51730407102525,102.57910788035396,0.3900550601688234,0.0564620384733997,0.0809716599190283,0.1740890688259109,0.2550607287449393,0.6063822258643763,0.0507943636137995,15.4063043077652,0.6610577550776066,0.4614432187583416,0,-2.737910684007371,-1.4510420062455378,0
latto,t,435,44,80.3632183908046,31.93400677385452,0.7632183908045977,0.3402298850574712,106.88735632183908,97.8367816091954,9.050574712643678,4.597701149425287,0.1862068965517241,0.0160919540229885,0.2981927710843373,0.2752613240418118,0.4091954022988506,0.0850574712643678,0.1057471264367816,0.1908045977011494,0.4457831325301205,0.2022988505747126,0.7981927710843374,0.0180722891566265,2.2413793103448274,0.3425287356321839,0.6597701149425287,0.6275862068965518,0.6114942528735632,0.0,2067.068413316599,103.25067840469134,516.7306650720702,114.20010486604352,0.9467845276075167,0.0971279865131746,8351.735691674256,1278.7012416159228,363.1240338563405,106.4428212474583,0.416911027084465,0.0804855254397888,0.0850574712643678,0.1126436781609195,0.1977011494252873,0.5988412566469034,0.0466696921638485,13.850551344892544,0.8577215395135311,0.5386509343411748,0,-1.6947024410805214,2.782391399438014,0
launx,t,265,28,60.1811320754717,23.75921328151908,0.4943396226415094,0.2377358490566037,76.01509433962264,106.00377358490566,-29.98867924528302,3.59245283018868,0.2415094339622641,0.0075471698113207,0.3129770992366412,0.3465346534653465,0.4188679245283019,0.1018867924528302,0.1698113207547169,0.2716981132075471,0.375,0.1018867924528302,0.6946564885496184,0.0,1.5509433962264152,0.3132075471698113,0.3849056603773585,0.4037735849056604,0.4415094339622641,0.0075471698113207,2076.3404121715807,134.73506616121483,523.3713836826919,86.71245717970478,0.9559341349690932,0.0805016373087988,7809.679580205661,1682.3019937355004,340.52098049444663,83.94157774992316,0.3947201929356182,0.0683884281814183,0.0792452830188679,0.1735849056603773,0.2528301886792453,0.5988112966017536,0.0752667825630588,16.420531686230426,0.6010978611218506,0.4624208328686233,0,-1.9180080202797425,-2.099601178369254,0
lnz,t,210,22,60.195238095238096,25.735179345675803,0.5047619047619047,0.2238095238095238,76.62857142857143,105.37619047619047,-28.747619047619047,5.252380952380952,0.238095238095238,0.0809523809523809,0.330188679245283,0.263803680981595,0.3714285714285714,0.0761904761904762,0.0952380952380952,0.1714285714285714,0.4444444444444444,0.1047619047619047,0.6981132075471698,0.0094339622641509,2.842857142857143,0.3095238095238095,0.9809523809523808,0.9809523809523808,0.5666666666666667,0.0047619047619047,2038.0934690111872,130.6760520601561,567.126351393204,133.43340047626708,1.0444464477345203,0.102124483614101,7840.118441110052,1030.6612319743615,439.4599393059619,101.77996416700589,0.4043390517472786,0.0712397457698709,0.0571428571428571,0.119047619047619,0.1761904761904762,0.5983687770059838,0.0377060570068848,17.754781173474615,0.7574306612194608,0.5155900109986886,1,-0.1744243647126706,-1.173555693835726,0
luchov,t,346,33,75.88728323699422,29.95488376157708,0.7109826589595376,0.2543352601156069,99.20809248554912,103.9364161849711,-4.728323699421965,4.300578034682081,0.1907514450867052,0.0317919075144508,0.2804878048780488,0.3062015503875969,0.4277456647398844,0.1184971098265895,0.1416184971098266,0.2601156069364161,0.4555555555555555,0.2167630057803468,0.7357723577235772,0.0121951219512195,1.9826589595375723,0.2572254335260115,0.6473988439306358,0.5404624277456648,0.5375722543352601,0.0,2017.0785826409813,115.89244047681628,524.397142293037,82.3528949839874,0.9729406884096986,0.0956486934348794,8421.031085096623,1723.4285659087775,391.31074883763455,96.1587636022176,0.389033575844229,0.0771112647079175,0.0982658959537572,0.1531791907514451,0.2514450867052023,0.5828415539017614,0.0644480276559689,15.437904669337756,0.7486784589036486,0.5131606301224855,0,-2.5856687716421267,1.9956437386350845,0
m0nesy,t,569,50,74.89279437609842,22.50992068453081,0.7258347978910369,0.3444639718804921,112.14411247803164,90.12302284710016,22.02108963093146,1.4885764499121266,0.1616871704745167,0.0562390158172231,0.3147699757869249,0.2117962466487935,0.367311072056239,0.0931458699472759,0.070298769771529,0.1634446397188049,0.5698924731182796,0.1862917398945518,0.3438256658595641,0.4697336561743341,2.216168717047452,0.0685413005272407,1.1107205623901582,0.6010544815465729,0.4112478031634446,0.0246045694200351,2064.8700353986005,97.59448264203168,519.5797147609663,84.0429805619533,0.897633152148579,0.0550083995883267,9507.85946511728,1163.367723868398,370.72242367382427,71.13131245158702,0.3255011110134589,0.0736447312906127,0.1142355008787346,0.0949033391915641,0.2091388400702987,0.5713489681382461,0.0396537231108376,13.230998465868035,0.5479103188671751,0.3922755008752278,3,4.767056972216961,3.396903039388641,3
magixx,t,367,33,59.56948228882834,16.592008314634427,0.5258855585831063,0.3106267029972752,74.95912806539509,97.69209809264304,-22.732970027247955,3.8174386920980927,0.217983651226158,0.0653950953678474,0.2746113989637305,0.3280632411067193,0.3705722070844686,0.0517711171662125,0.1362397820163488,0.1880108991825613,0.2753623188405797,0.1117166212534059,0.694300518134715,0.0207253886010362,3.754768392370573,0.2125340599455041,1.5313351498637602,1.32425068119891,0.6839237057220708,0.0027247956403269,2056.835219667313,141.8643785719045,624.1452162938754,84.97253166623136,1.0256694158739432,0.0865776160336208,9714.21405453486,1181.5001659785937,461.2449584366024,88.64975146880946,0.3394425572853332,0.0685288630532759,0.0817438692098092,0.1471389645776566,0.2288828337874659,0.5690325155397931,0.0432514035387002,14.81700453967872,0.408344956799557,0.3146851671074009,1,2.2689450478605213,-1.540246788051181,1
magnojez,t,367,36,74.90190735694823,28.91239185432316,0.6457765667574932,0.2615803814713896,93.04632152588556,106.5558583106267,-13.509536784741144,3.8256130790190737,0.2615803814713896,0.0544959128065395,0.2953586497890295,0.2693726937269373,0.3896457765667575,0.1008174386920981,0.1798365122615803,0.2806539509536784,0.3592233009708738,0.1553133514986376,0.6877637130801688,0.0,2.335149863760218,0.2098092643051771,0.8283378746594006,0.6811989100817438,0.6130790190735694,0.0027247956403269,2003.577403918292,110.80952271835768,598.1243798558729,94.49811232382224,1.0922977509840113,0.1157030187561241,7991.741746443385,1633.481598728641,454.5990236136918,84.93888423039851,0.414920454828815,0.0736573206036045,0.0735694822888283,0.1989100817438692,0.2724795640326976,0.5983892974282355,0.060479600910512,17.359464282562314,0.7280298002944321,0.5249567469580871,0,-2.747287173358312,0.0729637373924057,0
maj3r,t,228,25,52.96052631578947,23.54743281833369,0.3947368421052631,0.3245614035087719,64.3640350877193,94.65789473684212,-30.29385964912281,4.521929824561403,0.3026315789473684,0.0921052631578947,0.2666666666666666,0.2142857142857142,0.25,0.0350877192982456,0.087719298245614,0.1228070175438596,0.2857142857142857,0.0526315789473684,0.7,0.0,3.3026315789473686,0.2543859649122807,1.2982456140350878,1.1842105263157894,0.5657894736842105,0.0,2096.2698287999983,114.10377932133684,630.6860499891104,105.46590838872277,1.1039408872167282,0.1118242946384908,8811.45653372674,1510.5980926498423,499.9614747932229,90.28861478907312,0.3580626761393772,0.0918997877111685,0.0745614035087719,0.0701754385964912,0.1447368421052631,0.569269316615159,0.0555827593530821,16.338314697520296,0.5639279020804066,0.4245289610010637,1,2.309185074481538,-0.842332213143684,1
makazze,t,284,30,67.3556338028169,17.82698471595165,0.5774647887323944,0.2429577464788732,85.38380281690141,106.60211267605634,-21.218309859154928,3.933098591549296,0.1901408450704225,0.0070422535211267,0.1829268292682926,0.3069767441860465,0.3380281690140845,0.1514084507042253,0.1866197183098591,0.3380281690140845,0.4479166666666667,0.1338028169014084,0.7865853658536586,0.0,1.845070422535212,0.3908450704225352,0.4295774647887324,0.4929577464788732,0.5246478873239436,0.0070422535211267,1993.5671583989888,122.33643377797324,551.8253837759864,65.33706468804154,0.9736404787200676,0.0968056143834893,8549.278278922298,1403.9989818470349,371.86861836895343,70.39493837256299,0.4093651509263673,0.0674938581741295,0.1408450704225352,0.1901408450704225,0.3309859154929577,0.5966923141106633,0.0583421445686019,14.926571505269436,0.4367406441301699,0.3230821954510824,0,-3.058423731322117,-1.4390966991082128,0
malbsmd,t,221,20,70.91402714932127,23.76278764425221,0.6289592760180995,0.1990950226244343,90.4524886877828,110.72398190045249,-20.27149321266968,4.895927601809955,0.1764705882352941,0.0226244343891402,0.3093525179856115,0.2994350282485876,0.4343891402714932,0.1176470588235294,0.1628959276018099,0.2805429864253393,0.4193548387096774,0.1357466063348416,0.7769784172661871,0.0,1.7330316742081449,0.2760180995475113,0.4389140271493212,0.4524886877828054,0.5565610859728507,0.0090497737556561,2034.4263859782104,120.4542483509106,533.9066715309082,116.94150432343706,0.9892882177504092,0.0975914101474259,7622.55446499868,1108.8401163726746,352.4266538254997,89.55377263179425,0.4139890925284959,0.0744147451220077,0.0950226244343891,0.1764705882352941,0.2714932126696832,0.605526442524752,0.0489584445683546,14.869132090925929,0.5843361681467498,0.456675247076576,0,-2.913712352196576,-1.511460342933298,0
martinezsa,t,138,13,54.18840579710145,21.08452060873801,0.5434782608695652,0.3405797101449275,81.3768115942029,92.68840579710144,-11.31159420289855,1.710144927536232,0.1666666666666666,0.072463768115942,0.4,0.2747252747252747,0.3985507246376811,0.0434782608695652,0.0507246376811594,0.0942028985507246,0.4615384615384615,0.1304347826086956,0.52,0.24,2.536231884057971,0.0072463768115942,1.181159420289855,0.927536231884058,0.4130434782608695,0.0072463768115942,2098.97393181446,131.75843616569696,476.9863495121273,90.25060308129508,0.929738862172033,0.0875068688656158,9044.80283675037,1520.356383354824,351.2533211725783,81.72748485815266,0.3893781523095852,0.0622618946297828,0.0652173913043478,0.0434782608695652,0.108695652173913,0.5911752202132856,0.0419934215080924,16.219557330940244,0.5210004787454269,0.4123832424146396,2,5.054398322929077,0.0882261349674698,2
masval,t,220,18,65.36818181818182,19.502181017597263,0.55,0.2409090909090909,79.62272727272727,103.96818181818182,-24.345454545454544,3.977272727272727,0.2045454545454545,0.0272727272727272,0.3305785123966942,0.2335329341317365,0.359090909090909,0.0772727272727272,0.1136363636363636,0.1909090909090909,0.4047619047619047,0.1136363636363636,0.7272727272727273,0.0,2.363636363636364,0.2272727272727272,0.8727272727272727,0.7090909090909091,0.55,0.0045454545454545,2126.0652769973262,91.83690974139924,744.7578428178531,178.37124612407777,1.1207663963435324,0.1720063336093315,9429.417500898617,1527.1706819565206,562.5805558140337,177.93212299035892,0.3561336825813295,0.0614769130819908,0.0863636363636363,0.0863636363636363,0.1727272727272727,0.5587119278242604,0.046419532964191,13.901286608876624,0.4046840015199348,0.3350209169664589,4,-1.4055026065575682,1.556050295527681,4
matys,t,429,38,69.94638694638695,23.268317615349464,0.6107226107226107,0.2517482517482518,89.21911421911422,106.5944055944056,-17.375291375291376,3.0815850815850814,0.2517482517482518,0.0372960372960372,0.2633587786259542,0.292834890965732,0.3799533799533799,0.1025641025641025,0.1538461538461538,0.2564102564102564,0.4,0.1282051282051282,0.7786259541984732,0.0,1.9090909090909087,0.1748251748251748,0.5337995337995338,0.6083916083916084,0.5897435897435898,0.0023310023310023,2018.094376003798,90.1805063945951,539.3938329457761,106.7737535499197,0.9433402116934184,0.1363007201256013,8059.481974827402,1060.4001332270263,430.6956365181535,99.44775083510928,0.3928068870473011,0.0689389771225139,0.0909090909090909,0.1561771561771562,0.247086247086247,0.6110810512650301,0.0424334546463083,13.67191677947192,0.5885481286072896,0.4206754286851221,0,-1.636352661636732,-1.2156808785165911,0
max,t,346,33,58.19653179190752,20.09942576442175,0.4624277456647399,0.2630057803468208,71.92774566473989,102.39595375722544,-30.46820809248555,4.2601156069364166,0.2341040462427745,0.0462427745664739,0.3375,0.2823529411764706,0.3641618497109826,0.0520231213872832,0.1502890173410404,0.2023121387283237,0.2571428571428571,0.0924855491329479,0.73125,0.00625,2.739884393063584,0.2080924855491329,0.8641618497109826,1.03757225433526,0.6242774566473989,0.0057803468208092,2049.797890791393,115.90906989488782,526.1077605371747,97.16572863565662,0.9804754703309382,0.0719644997691217,8688.893778017286,1582.684719752053,380.4437536281691,81.6789822510465,0.3832058088970946,0.0745618800650241,0.0693641618497109,0.1358381502890173,0.2052023121387283,0.5826278655019409,0.04830175488449,13.52572291126012,0.402297451297218,0.3522192902192262,1,1.181370654516947,-3.378780841461501,1
mercury,t,260,23,60.70384615384615,20.72756035894899,0.5038461538461538,0.2846153846153846,76.46153846153847,96.93461538461538,-20.473076923076924,4.292307692307692,0.2384615384615384,0.0807692307692307,0.366412213740458,0.2956989247311828,0.3961538461538461,0.0538461538461538,0.1192307692307692,0.173076923076923,0.3111111111111111,0.1076923076923077,0.7786259541984732,0.0076335877862595,2.6192307692307693,0.15,0.926923076923077,0.946153846153846,0.5961538461538461,0.0,2098.70414134214,121.93769056315628,491.3417907584467,58.443682527983945,0.9927787089975486,0.0747238752642343,8915.021083156438,1183.9540064844873,385.5627292980719,62.6216501449693,0.375780141107378,0.0849605103649863,0.0692307692307692,0.1153846153846153,0.1846153846153846,0.5850188219691106,0.0449440837875018,9.19220865088016,0.4113466039101023,0.3202594467266851,1,2.7628944736619383,-2.517389284823683,1
meyern,t,346,33,50.79768786127168,26.128716660713533,0.4913294797687861,0.3468208092485549,73.08959537572254,89.378612716763,-16.289017341040463,1.5780346820809248,0.1618497109826589,0.0809248554913294,0.3647058823529411,0.2212389380530973,0.3236994219653179,0.0549132947976878,0.0433526011560693,0.0982658959537572,0.5588235294117647,0.0982658959537572,0.4,0.3529411764705882,2.066473988439306,0.0433526011560693,1.060693641618497,0.6560693641618497,0.3063583815028902,0.0,2131.523738951217,155.65897550816595,473.4759862366604,86.69470757888867,0.8982133472553663,0.0766295788189926,9034.063611993352,1537.7150125652124,338.4224034316892,64.92493569095414,0.3320259987349691,0.0952741123270713,0.0520231213872832,0.0578034682080924,0.1098265895953757,0.5589761364124738,0.0492917929561179,17.514633018178515,0.6233446923528306,0.4785585734844343,2,6.006254629129259,1.4910018670579823,2
mezii,t,286,27,61.78321678321678,26.52526207666844,0.5314685314685315,0.3391608391608391,76.81818181818181,93.006993006993,-16.18881118881119,2.8566433566433567,0.2027972027972027,0.0314685314685314,0.3618421052631579,0.2751322751322751,0.3741258741258741,0.0209790209790209,0.1013986013986013,0.1223776223776223,0.1714285714285714,0.1328671328671328,0.7631578947368421,0.0,2.4825174825174825,0.2517482517482518,0.7902097902097902,0.8741258741258742,0.5664335664335665,0.0,2072.2506904753773,88.27684810930907,604.6462266087377,119.49879409282154,0.983441487215704,0.1423143864787401,9151.937227767728,1093.621021790577,419.0414272955985,104.25018321298718,0.3494835596452509,0.059971262331531,0.0524475524475524,0.0839160839160839,0.1363636363636363,0.5558777170995788,0.0429973171036642,14.275309572820072,0.6450018426551708,0.4338477047577489,1,1.31650185591827,-0.1584822810884994,1
mo0n,t,220,18,60.93181818181818,25.107981939690514,0.5363636363636364,0.2818181818181818,88.19545454545455,99.0909090909091,-10.895454545454545,3.3,0.2363636363636363,0.0909090909090909,0.2966101694915254,0.2721518987341772,0.3545454545454545,0.059090909090909,0.059090909090909,0.1181818181818181,0.5,0.1181818181818181,0.3728813559322034,0.3983050847457627,2.8181818181818183,0.1045454545454545,1.3545454545454545,0.9045454545454544,0.4545454545454545,0.0,2178.429491528298,125.17357564477498,575.7587440255672,87.54955859127824,0.8946881868716638,0.0702926828451583,9742.97510240396,1497.110420005136,431.2414907648567,66.49790639769473,0.2824231500417452,0.0557512566816123,0.0818181818181818,0.0818181818181818,0.1636363636363636,0.5736191377971562,0.0421032845911283,15.838588369633818,0.41690805673973,0.3673517030303009,2,5.612030671360171,1.0572475927966982,2
modo,t,130,13,58.823076923076925,23.578416276286827,0.5461538461538461,0.4,79.03076923076924,84.48461538461538,-5.453846153846154,0.9076923076923076,0.2,0.0538461538461538,0.3661971830985915,0.2179487179487179,0.3307692307692307,0.023076923076923,0.0538461538461538,0.0769230769230769,0.3,0.1384615384615384,0.5211267605633803,0.323943661971831,2.246153846153846,0.0461538461538461,1.1307692307692307,0.6923076923076923,0.3769230769230769,0.0,2145.554280788807,136.69098182924645,494.5512495892816,76.7861873432968,0.898166732139073,0.0528018979794293,9001.765541819848,1009.3136578555952,347.25843471100325,50.27727933475074,0.2956196649817733,0.0630311164812398,0.0384615384615384,0.0461538461538461,0.0846153846153846,0.5591569605877791,0.0401864185828446,14.503665411071442,0.6057323451022077,0.3745703235813726,2,7.032862375842322,0.698518701976604,2
molodoy,t,296,29,80.67567567567568,22.06603090189041,0.7466216216216216,0.3479729729729729,108.74324324324324,97.55743243243244,11.18581081081081,2.064189189189189,0.2128378378378378,0.0472972972972973,0.3257918552036199,0.2590673575129533,0.4121621621621621,0.0777027027027027,0.1013513513513513,0.179054054054054,0.4339622641509434,0.1891891891891892,0.4072398190045249,0.3846153846153846,1.8952702702702704,0.1148648648648648,0.8074324324324325,0.5067567567567568,0.4662162162162162,0.0,2108.610678442875,130.4797555427397,549.2717930179848,117.32520134897202,0.9410284307554012,0.0913031085881238,8695.076537705612,1333.2147994684983,405.0605873906405,115.9794893711446,0.3386797181822968,0.0874804694795077,0.1216216216216216,0.0844594594594594,0.206081081081081,0.6078499195687188,0.0439349546966043,15.43521990720738,0.5622475701766992,0.4298885231614996,3,1.9865821305490168,3.244870953993366,2
mopoz,t,138,13,61.20289855072464,28.52596881701113,0.5434782608695652,0.181159420289855,77.10144927536231,108.68115942028986,-31.57971014492753,5.695652173913044,0.1884057971014492,0.0144927536231884,0.28,0.3185840707964602,0.4130434782608695,0.0942028985507246,0.1739130434782608,0.2681159420289855,0.3513513513513513,0.144927536231884,0.6,0.0,2.4130434782608696,0.5362318840579711,0.5144927536231884,0.6666666666666666,0.6956521739130435,0.0,1995.1993744217305,138.29802330701318,555.2473613109263,129.69864180712733,1.0299262754345804,0.1356213653870683,7880.459282008343,1493.479336215976,444.6791031655264,125.27168896717812,0.4623220478686998,0.0898192837629201,0.0797101449275362,0.1521739130434782,0.2318840579710145,0.6183564139833315,0.066288444964585,13.49960409729609,0.7314401961905639,0.5390086901794359,0,-4.982167306623718,-1.0316475953962363,0
moseyuh,t,260,23,66.41153846153846,20.416397157053986,0.5884615384615385,0.2692307692307692,83.58846153846154,102.26538461538462,-18.67692307692308,1.807692307692308,0.173076923076923,0.0076923076923076,0.3202614379084967,0.2421052631578947,0.3653846153846153,0.1076923076923077,0.1346153846153846,0.2423076923076923,0.4444444444444444,0.1346153846153846,0.7777777777777778,0.0130718954248366,1.626923076923077,0.2653846153846154,0.2769230769230769,0.4346153846153846,0.65,0.0,2073.728050740845,149.67392621342896,570.040907249121,97.60323098128794,1.1304455921903334,0.0849975867296331,8383.34943578607,1741.8058190065356,430.36398543278784,92.2973758999816,0.4285692484352099,0.0735629241437295,0.0807692307692307,0.1423076923076923,0.2230769230769231,0.5840698195368957,0.0673484906054017,14.75770292675699,0.4711766311744753,0.3584399349558909,4,-2.258342592931505,0.2350479151860948,0
mzinho,t,428,36,67.40186915887851,27.97884555672248,0.6355140186915887,0.2429906542056074,87.79205607476635,106.97429906542057,-19.182242990654206,3.121495327102804,0.1355140186915887,0.0116822429906542,0.2426470588235294,0.228395061728395,0.3271028037383177,0.0677570093457943,0.1331775700934579,0.2009345794392523,0.3372093023255814,0.1401869158878504,0.7757352941176471,0.0,1.7897196261682242,0.2593457943925233,0.4322429906542056,0.602803738317757,0.4953271028037383,0.0,2092.911201924221,135.44113412274658,642.3750039785174,107.07679571746604,1.125400522049267,0.1372237971733767,8621.654443178448,1515.0244196849076,488.0689366954723,111.37624071757342,0.3874615361207845,0.085426063092588,0.072429906542056,0.1285046728971962,0.2009345794392523,0.5702137875822569,0.0511486445043818,16.77423389284439,0.6423951845960401,0.4833527417344739,4,-2.6249445780835394,1.430022947106326,4
n1ssim,t,436,45,58.0,20.61074728730776,0.5114678899082569,0.3371559633027522,71.94954128440367,94.60321100917432,-22.65366972477064,2.270642201834862,0.1926605504587156,0.0206422018348623,0.2690582959641255,0.2179930795847751,0.2821100917431192,0.055045871559633,0.0825688073394495,0.1376146788990825,0.4,0.0986238532110091,0.7713004484304933,0.0,2.243119266055046,0.4105504587155963,0.6857798165137615,0.6467889908256881,0.5,0.0,2126.5137489959507,124.7330856067474,651.969491231849,123.91882577257256,1.1579102944667925,0.1241860801321909,8018.046571385077,1320.3164671174495,507.6517765097244,115.00185358811326,0.3695796101240096,0.0933117801999873,0.0527522935779816,0.0802752293577981,0.1330275229357798,0.6052019031129704,0.04903909027394,18.510503251049148,0.508161531688722,0.3841910521166506,4,-0.3127260670715206,0.5634479560886196,4
naf,t,231,21,73.35064935064935,23.83178237083956,0.6277056277056277,0.2813852813852814,89.16450216450217,101.45887445887446,-12.294372294372296,3.346320346320346,0.1948051948051948,0.0259740259740259,0.2137931034482758,0.2108433734939759,0.2857142857142857,0.0909090909090909,0.0606060606060606,0.1515151515151515,0.6,0.1341991341991342,0.7103448275862069,0.0206896551724137,2.1991341991342,0.4242424242424242,0.6103896103896104,0.6406926406926406,0.5108225108225108,0.0129870129870129,2162.3877288255853,164.48550353384604,649.2126321370657,125.20135578715474,1.1703317983336106,0.1376954921435311,8921.735515357435,1653.3547161070994,500.924572795001,109.68730479428989,0.3554134901772238,0.0812515664082289,0.1082251082251082,0.0562770562770562,0.1645021645021645,0.5393827715155347,0.0523308866770322,15.590527100528924,0.595422827689859,0.4466606639057066,4,-1.0693435321708675,4.3835889550042015,4
nertz,t,429,38,69.68997668997669,30.656867105171795,0.6060606060606061,0.2540792540792541,87.6993006993007,103.8951048951049,-16.195804195804197,3.706293706293706,0.1748251748251748,0.0186480186480186,0.25,0.26875,0.351981351981352,0.1072261072261072,0.1655011655011655,0.2727272727272727,0.3931623931623931,0.1445221445221445,0.7461538461538462,0.0115384615384615,2.009324009324009,0.3053613053613053,0.6013986013986014,0.5431235431235432,0.5524475524475524,0.0069930069930069,2033.4687133543475,147.1974018941617,628.3365517416485,116.16849075957128,1.070037055381478,0.0903445606733592,8555.834757927576,1266.5285552943471,448.6379229714844,104.5731060894546,0.4016305187297688,0.0779741136911949,0.0909090909090909,0.1468531468531468,0.2377622377622377,0.5943252513873837,0.0573910718473175,13.47789623414734,0.7273415108261854,0.5082803994589715,0,-3.0030319244638872,1.0718226125812842,0
nettik,t,108,11,81.62962962962963,31.305748527772806,0.6851851851851852,0.2685185185185185,99.71296296296296,105.95370370370372,-6.2407407407407405,6.398148148148148,0.3518518518518518,0.037037037037037,0.3648648648648648,0.3291139240506329,0.4907407407407407,0.1203703703703703,0.0925925925925925,0.2129629629629629,0.5652173913043478,0.1851851851851851,0.6891891891891891,0.0135135135135135,2.111111111111111,0.3425925925925926,0.5925925925925926,0.6296296296296297,0.5462962962962963,0.0,2001.9193367286348,97.25682024085364,487.8160215993965,99.65490140587814,0.8962173915247137,0.0658281677735315,8844.973378059085,914.3019310218516,295.57313745740896,57.03146200181437,0.4183193344567662,0.0589077892942956,0.0925925925925925,0.1018518518518518,0.1944444444444444,0.5742459270485045,0.0390953209526443,13.020854377087376,0.6903416362754987,0.3992466351416225,0,-0.0931698169631895,0.5788109402889707,0
niko,t,571,51,70.01576182136603,22.48006364248173,0.6427320490367776,0.3012259194395796,92.21190893169876,97.29422066549913,-5.08231173380035,5.175131348511384,0.1891418563922942,0.021015761821366,0.2915531335149863,0.238095238095238,0.3537653239929947,0.0893169877408056,0.0980735551663747,0.1873905429071803,0.4766355140186916,0.1628721541155867,0.7901907356948229,0.0054495912806539,2.259194395796848,0.3502626970227671,0.6672504378283712,0.6094570928196147,0.6304728546409807,0.0017513134851138,2055.9163623119,106.07038515145192,665.8571196766009,144.10313309400868,1.0902563710507265,0.1198448541993901,8865.775031972606,1338.2994942528292,484.06200622198793,115.4248133179368,0.3734270795063958,0.0746608936858133,0.0788091068301225,0.0928196147110332,0.1716287215411558,0.578442735963387,0.0524505804536261,13.738387324060728,0.5316671891739616,0.38726806576559,4,-1.722557910575773,2.3567745128743334,4
nilo,t,155,15,76.71612903225807,24.190182291552283,0.7225806451612903,0.2709677419354839,99.79354838709678,100.93548387096774,-1.1419354838709677,2.0387096774193547,0.1741935483870967,0.0129032258064516,0.4642857142857143,0.3008849557522124,0.5548387096774193,0.0451612903225806,0.0709677419354838,0.1161290322580645,0.3888888888888889,0.2,0.8482142857142857,0.0089285714285714,1.3612903225806452,0.1290322580645161,0.4129032258064516,0.3741935483870968,0.4451612903225806,0.0,2076.5029032791217,178.19162802666276,592.2356430273107,171.60049097515213,1.0842271156284042,0.2400414728524131,9071.848249638448,1335.4355894232208,458.811005655162,181.3562541153308,0.4088050102780743,0.0942000922945387,0.0516129032258064,0.0774193548387096,0.1290322580645161,0.5293624471007335,0.0391586000002241,11.791953048076252,0.6000604733175141,0.4059788987854467,4,-1.9873836128704887,4.140941275261781,4
nin9,t,105,9,55.12380952380953,14.888863779530242,0.5238095238095238,0.2571428571428571,73.99047619047619,103.85714285714286,-29.866666666666667,3.0285714285714285,0.1714285714285714,0.1142857142857142,0.2363636363636363,0.1538461538461538,0.238095238095238,0.0761904761904762,0.0952380952380952,0.1714285714285714,0.4444444444444444,0.1428571428571428,0.509090909090909,0.2727272727272727,3.009523809523809,0.1333333333333333,1.1523809523809525,1.1333333333333333,0.5428571428571428,0.0476190476190476,2067.2429751923264,89.22781733747115,534.1198010584,80.37359951556417,0.9450714234625062,0.0504143554240537,8276.620808309572,976.6324389181992,390.6769978777864,69.65388050014133,0.3680995370477297,0.093991980765017,0.0666666666666666,0.1047619047619047,0.1714285714285714,0.6086847422753959,0.0306835980149599,13.134609176989027,0.3801068718816626,0.2999706126169448,2,4.523629922612176,-2.72665793622205,1
nitr0,t,182,16,54.26923076923077,21.49849826965916,0.445054945054945,0.2527472527472527,68.03296703296704,102.94505494505496,-34.91208791208791,4.615384615384615,0.2252747252747252,0.0714285714285714,0.4074074074074074,0.25,0.3681318681318681,0.0164835164835164,0.1153846153846153,0.1318681318681318,0.125,0.1098901098901098,0.6419753086419753,0.0123456790123456,2.9450549450549453,0.2527472527472527,0.8516483516483516,1.21978021978022,0.6208791208791209,0.0,2050.316032510054,85.02786881172713,473.9883370353842,60.71454560093108,0.9040053560384632,0.0775214088389487,8656.843843242948,1399.506797287068,333.79491326460004,59.48597468385256,0.4190141958532004,0.0647504773559645,0.0329670329670329,0.0934065934065934,0.1263736263736263,0.5715000040753521,0.0397161364544532,15.233818065030285,0.4466147185568674,0.3399363933080314,1,3.163291132639958,-4.9962886163637386,1
nota,t,266,25,64.01503759398496,23.71433662026916,0.5601503759398496,0.2368421052631578,85.5187969924812,107.68045112781957,-22.161654135338345,4.146616541353383,0.1578947368421052,0.018796992481203,0.3422818791946309,0.2610837438423645,0.3909774436090225,0.0827067669172932,0.1428571428571428,0.225563909774436,0.3666666666666666,0.1090225563909774,0.8120805369127517,0.0134228187919463,2.1766917293233083,0.2819548872180451,0.5375939849624061,0.575187969924812,0.7744360902255639,0.0075187969924812,2016.30928290324,113.4267088677471,530.7007219435138,87.69217432601923,0.9372721937301668,0.0974021345332622,8491.44097736845,1645.4483054502743,379.51118773307024,76.95380131140747,0.3780506077018722,0.0795066189418916,0.0714285714285714,0.1353383458646616,0.206766917293233,0.6149909560834548,0.0581696700063424,18.620600939668986,0.5726625017689021,0.4127051308299339,0,-1.55942634690448,-2.0358791618074354,0
npl,t,438,40,72.00456621004567,24.225006647694244,0.6598173515981736,0.2374429223744292,91.44292237442924,103.1986301369863,-11.755707762557078,1.9452054794520548,0.1803652968036529,0.0251141552511415,0.2768166089965398,0.2455089820359281,0.3698630136986301,0.1141552511415525,0.1598173515981735,0.273972602739726,0.4166666666666667,0.182648401826484,0.7785467128027682,0.0103806228373702,1.7465753424657535,0.1552511415525114,0.5228310502283106,0.541095890410959,0.5273972602739726,0.0,1979.8974851373748,111.04594882713188,559.5807526553535,89.71034573118983,1.0033455145240238,0.0701877082427779,8357.35927672847,1298.968037114246,402.75390830549486,76.01302780697144,0.4441521909123061,0.0716934602951705,0.1073059360730593,0.1598173515981735,0.2671232876712329,0.5865193445660991,0.0524568679030294,14.426199398503805,0.5935997098801685,0.4233529168798143,0,-2.0225047398978817,-0.0418440755595025,0
osee,t,182,16,50.7967032967033,17.183848908845366,0.412087912087912,0.2912087912087912,67.32967032967034,97.57142857142856,-30.24175824175824,1.5054945054945057,0.2362637362637362,0.0934065934065934,0.4933333333333333,0.2170542635658914,0.3571428571428571,0.0329670329670329,0.0494505494505494,0.0824175824175824,0.4,0.0769230769230769,0.52,0.2266666666666666,2.3461538461538463,0.0439560439560439,1.1153846153846154,0.8516483516483516,0.3351648351648351,0.0,2122.499267573347,125.509398461773,512.1976764547376,77.28455271888133,0.9399791774274608,0.0569960275007446,7732.3641830830675,980.514273819056,364.9113085866669,65.26721222397045,0.3380107527443177,0.0837459707241063,0.0714285714285714,0.0604395604395604,0.1318681318681318,0.6191844556416958,0.0323735031181035,13.779518974617634,0.4129794086109315,0.3205892787754089,2,6.42260872983906,-3.088536529316774,2
phzy,t,117,13,51.40170940170941,23.94700681909434,0.4102564102564102,0.2307692307692307,67.91452991452991,101.2991452991453,-33.38461538461539,2.5982905982905984,0.2222222222222222,0.1367521367521367,0.4583333333333333,0.2,0.3418803418803419,0.0256410256410256,0.0683760683760683,0.094017094017094,0.2727272727272727,0.0683760683760683,0.4166666666666667,0.3125,2.3675213675213675,0.0341880341880341,1.1452991452991452,0.7692307692307693,0.4102564102564102,0.0085470085470085,2130.208369862231,120.67656418184158,445.6517008457925,74.98123556035861,0.8970069804527631,0.0507079571024847,7630.776529815331,1375.1445482886052,334.1304585439378,51.25159394503942,0.3662124710047971,0.0882524413703628,0.0427350427350427,0.0598290598290598,0.1025641025641025,0.603895309375823,0.0476533617904015,17.862605219466506,0.5343140998498469,0.4932832884656771,2,6.100732291536259,-3.651703583218263,2
piriajr,t,270,27,80.32592592592593,31.676594813233184,0.7222222222222222,0.2962962962962963,107.55185185185184,98.94074074074074,8.61111111111111,3.074074074074074,0.1666666666666666,0.0111111111111111,0.2461538461538461,0.231578947368421,0.3407407407407407,0.1185185185185185,0.1296296296296296,0.2481481481481481,0.4776119402985074,0.2037037037037037,0.7794871794871795,0.0256410256410256,2.033333333333333,0.4962962962962963,0.4333333333333333,0.5666666666666667,0.5370370370370371,0.0,2029.152751326572,132.83971936371356,620.1586614617893,149.74394521744867,1.085936305295803,0.1192961793561467,8586.134980595196,2037.1241762620189,474.4094716041736,104.22429033272132,0.407673737504401,0.1069972120882174,0.1296296296296296,0.1444444444444444,0.2740740740740741,0.5931248222381191,0.0735681971049863,15.638920321911227,0.7868025453379828,0.5511211978930516,0,-4.794215897636405,4.850928597333724,4
pr,t,327,32,68.08562691131499,23.305610214549382,0.6116207951070336,0.3149847094801223,85.21712538226299,96.76758409785931,-11.55045871559633,4.302752293577981,0.1926605504587156,0.0244648318042813,0.325,0.2589285714285714,0.3761467889908257,0.073394495412844,0.1376146788990825,0.2110091743119266,0.3478260869565217,0.1498470948012232,0.83,0.01,1.926605504587156,0.437308868501529,0.4036697247706422,0.5107033639143731,0.5749235474006116,0.0,2092.1433970543235,136.03174713870365,622.0049453505557,116.0753186722838,1.1285526835762771,0.1209044988336739,8836.437240574065,1194.78841093322,470.83396426576326,95.49514805649504,0.4061125188877434,0.0661256767181524,0.091743119266055,0.1070336391437308,0.1987767584097859,0.5578459336691804,0.0462912132095378,15.146248027688046,0.5425294867281489,0.41381789806551,4,-1.79928317468446,1.3897675185213176,4
rainwaker,t,321,30,69.42990654205607,22.81273472697548,0.6105919003115264,0.292834890965732,86.7165109034268,96.87227414330218,-10.15576323987539,3.411214953271028,0.1682242990654205,0.0093457943925233,0.2602040816326531,0.1938325991189427,0.2959501557632398,0.0747663551401869,0.0965732087227414,0.1713395638629283,0.4363636363636363,0.1246105919003115,0.8112244897959183,0.0,1.722741433021807,0.3862928348909657,0.3831775700934579,0.5171339563862928,0.4299065420560747,0.0062305295950155,2113.336695922697,115.22984388057644,704.7763765735756,184.07547399732977,1.171039277845578,0.1631826270158734,7721.861782199732,1088.437282448614,558.9013326604686,176.19527525050734,0.4052989680263624,0.07226461412472,0.0685358255451713,0.0778816199376947,0.146417445482866,0.6089738848310959,0.04203999748517,19.21104515573729,0.5833826332326195,0.4698462853495627,4,-3.105121974968848,2.3957964079198413,4
rez,t,327,32,79.1743119266055,26.35445270343521,0.672782874617737,0.2966360856269113,99.5137614678899,100.4862385321101,-0.9724770642201837,4.6422018348623855,0.2813455657492354,0.0091743119266055,0.2590909090909091,0.3608695652173913,0.4281345565749235,0.0886850152905198,0.1376146788990825,0.2262996941896024,0.3918918918918919,0.1498470948012232,0.7636363636363637,0.0181818181818181,1.9357798165137607,0.2660550458715596,0.6055045871559633,0.5535168195718655,0.5107033639143731,0.0,2047.4137565000217,140.9669700736104,535.6195714772704,141.51203004215412,0.9872781245021122,0.1366310481171795,8250.302005912541,1430.1233263969757,404.7974434916271,131.29282953571558,0.4152474682693397,0.0872898347113083,0.0856269113149847,0.1345565749235474,0.2201834862385321,0.5889982669064421,0.0479586280647971,15.272487613076793,0.6650434076922115,0.4613459259255104,0,-2.537032146876655,1.4608492349575708,0
ropz,t,286,27,69.13286713286713,23.54640226235672,0.6678321678321678,0.3356643356643357,88.99300699300699,96.32867132867132,-7.335664335664336,4.293706293706293,0.1573426573426573,0.0104895104895104,0.256544502617801,0.2,0.3041958041958042,0.0769230769230769,0.0594405594405594,0.1363636363636363,0.5641025641025641,0.1643356643356643,0.7539267015706806,0.0,1.7552447552447552,0.3811188811188811,0.3846153846153846,0.4965034965034965,0.493006993006993,0.0,2066.303717120883,157.80983096781034,752.4708472104866,161.76170252110643,1.200115698902295,0.1528002266478945,8301.62625699894,1202.6276425951792,604.294630637001,127.67761499066611,0.360394184879464,0.108562939857801,0.0699300699300699,0.0699300699300699,0.1398601398601398,0.5855027093835358,0.0474092874189811,13.400280546628816,0.535709416312118,0.3841748098208751,4,-2.509873437366118,4.646168851544442,4
ryu,t,117,13,72.06837606837607,25.805086079500235,0.6666666666666666,0.2051282051282051,88.58119658119658,113.56410256410255,-24.982905982905983,2.9914529914529915,0.1196581196581196,0.017094017094017,0.3717948717948718,0.1720430107526881,0.3846153846153846,0.0683760683760683,0.1452991452991453,0.2136752136752136,0.32,0.1709401709401709,0.6794871794871795,0.0,1.264957264957265,0.2307692307692307,0.2307692307692307,0.3931623931623931,0.4102564102564102,0.0,2062.278983467457,129.44935134605183,472.7047072953191,122.25117612496824,0.9450190839225462,0.1051861352981259,7063.9272971085775,1367.951831476137,342.0516430479512,97.9477921413713,0.4336214379361515,0.0919758004083159,0.0427350427350427,0.1367521367521367,0.1794871794871795,0.6165151110757366,0.0563969483398322,17.046484585875252,0.5812570233151497,0.3703989674512407,0,-1.9310046033874448,-1.687502323931281,0
s1n,t,247,24,50.08502024291498,20.598930439144688,0.437246963562753,0.3076923076923077,65.34412955465586,96.1497975708502,-30.80566801619433,3.7530364372469633,0.2186234817813765,0.0850202429149797,0.3981481481481481,0.2573099415204678,0.3522267206477733,0.0445344129554655,0.0728744939271255,0.117408906882591,0.3793103448275862,0.068825910931174,0.75,0.0092592592592592,3.3441295546558703,0.2672064777327935,1.3643724696356276,1.0850202429149798,0.6194331983805668,0.0080971659919028,2155.264482428156,78.87820376711407,510.0827707621374,99.8001453446746,0.93992927985988,0.0902093085509866,9636.428817822103,1290.3008031438785,367.8657014962968,101.66540990006432,0.3386605523689067,0.0582067249009125,0.0566801619433198,0.0728744939271255,0.1295546558704453,0.5621973383127081,0.0425507216438709,17.00705891634192,0.6083003623042575,0.4355231084949269,1,4.200832487865467,-1.7118558364802148,1
s1ren,t,137,13,63.7956204379562,18.29312857579689,0.5547445255474452,0.2992700729927007,77.91970802919708,96.51824817518248,-18.598540145985403,3.2846715328467155,0.1751824817518248,0.0145985401459854,0.3421052631578947,0.2708333333333333,0.3795620437956204,0.0656934306569343,0.1094890510948905,0.1751824817518248,0.375,0.1240875912408759,0.7105263157894737,0.0,1.897810218978102,0.4963503649635036,0.3503649635036496,0.5401459854014599,0.5109489051094891,0.0,2031.8004774252656,117.04477351560618,600.9268829605671,143.57520993916532,1.0578177182497597,0.073306063512433,7845.400869506139,1715.3790569913865,443.7244432470736,75.89053944707527,0.4275332069522972,0.0986523670160865,0.072992700729927,0.0802919708029197,0.1532846715328467,0.5885832735630203,0.0625519542379858,13.320723115067995,0.4270014494309776,0.3558344270838464,4,-1.3394401183039686,-0.2784393586406425,4
s1zzi,t,438,40,64.46575342465754,20.498557149216904,0.6118721461187214,0.2648401826484018,90.44977168949772,100.95890410958904,-10.509132420091325,1.643835616438356,0.1598173515981735,0.0662100456621004,0.2873134328358209,0.2111801242236025,0.3310502283105023,0.0844748858447488,0.0799086757990867,0.1643835616438356,0.5138888888888888,0.136986301369863,0.2611940298507462,0.5298507462686567,1.6712328767123288,0.0296803652968036,0.7853881278538812,0.589041095890411,0.2671232876712329,0.0,2092.727961353373,114.85430047171928,508.9722276309829,64.69353203392961,0.9281026214438494,0.0845935660005581,8345.462872385711,1145.0249349142205,365.5797921735255,65.34512907675621,0.3334536940996209,0.0647723426295301,0.1027397260273972,0.0730593607305936,0.1757990867579908,0.5903166661054022,0.0426128190833686,14.994761017844969,0.5246303936094131,0.3859375776874262,2,4.484031882516459,0.7224765458154158,2
saadzin,t,436,45,60.309633027522935,22.55132222298914,0.6009174311926605,0.4105504587155963,87.35779816513761,89.25688073394495,-1.89908256880734,3.809633027522936,0.231651376146789,0.110091743119266,0.2938931297709923,0.2762645914396887,0.3394495412844037,0.0573394495412844,0.0642201834862385,0.1215596330275229,0.4716981132075472,0.1261467889908256,0.3931297709923664,0.4045801526717557,2.736238532110092,0.1123853211009174,1.213302752293578,0.9243119266055044,0.4839449541284403,0.0022935779816513,2122.508780380449,107.39380288853124,498.0065641375938,93.52260475793484,0.9301338109369494,0.0882825172174107,9455.106110876255,1506.833006706849,364.1300402889759,85.39729150220109,0.3368382388330195,0.0708288108362583,0.0481651376146789,0.0619266055045871,0.110091743119266,0.5689542390825968,0.043826897051493,12.025341420328193,0.5906419539155686,0.4094162489424423,2,5.768238351818552,1.841146784580416,2
saffee,t,270,27,59.096296296296295,21.05877764842537,0.5,0.3185185185185185,78.71851851851852,97.04444444444444,-18.32592592592593,2.011111111111111,0.1888888888888888,0.0444444444444444,0.2592592592592592,0.25,0.3,0.0444444444444444,0.0814814814814814,0.1259259259259259,0.3529411764705882,0.0925925925925925,0.3851851851851852,0.4518518518518518,2.0037037037037035,0.0888888888888888,0.8,0.762962962962963,0.3518518518518518,0.0,2105.266882033219,158.72946475920904,541.1076588487184,111.52186477305804,0.9840560564319216,0.0944557142556023,9160.353496472046,1149.2240172220793,420.1822198331684,92.05744534646584,0.3358497616233475,0.1032853391985756,0.0629629629629629,0.0666666666666666,0.1296296296296296,0.561267004731123,0.0358507719068012,13.40713302172868,0.5462524532712197,0.4197387864414342,2,4.205126735057422,0.746821750767307,2
sausol,t,138,13,67.98550724637681,24.410766040741148,0.6086956521739131,0.2318840579710145,87.8768115942029,116.04347826086956,-28.166666666666668,4.666666666666667,0.1666666666666666,0.0072463768115942,0.2976190476190476,0.2169811320754717,0.3478260869565217,0.072463768115942,0.1231884057971014,0.1956521739130435,0.3703703703703703,0.144927536231884,0.7976190476190477,0.0238095238095238,1.7681159420289856,0.2971014492753623,0.5144927536231884,0.4420289855072464,0.5072463768115942,0.0072463768115942,2033.1169492317456,137.6237025299428,594.1044705612002,143.2709061772512,1.1068342668280209,0.1582021606280831,8509.33733346605,1323.2529737220195,446.015418686916,121.55587957461844,0.4599282212236783,0.0705316067191307,0.0869565217391304,0.1014492753623188,0.1884057971014492,0.5852128486724588,0.0608867254732985,15.858441309060613,0.4932805892520572,0.3861672275886998,4,-3.5666447895600144,0.1326506763606576,4
sfade8,t,220,18,64.10454545454546,18.98647462053796,0.5772727272727273,0.1954545454545454,83.10909090909091,112.78636363636365,-29.67727272727273,3.713636363636364,0.1772727272727272,0.0181818181818181,0.2913385826771653,0.192090395480226,0.3227272727272727,0.0818181818181818,0.1590909090909091,0.2409090909090909,0.3396226415094339,0.1363636363636363,0.7480314960629921,0.0472440944881889,2.6,0.3909090909090909,0.740909090909091,0.740909090909091,0.7181818181818181,0.009090909090909,2003.363265993493,93.55518557984108,649.5414413303769,116.65930915137206,0.9975721389235576,0.1200078047727585,9232.50170931315,1740.69004174541,509.7607429912012,118.09037451102358,0.3984506822051764,0.0682993110897879,0.1,0.1863636363636363,0.2863636363636364,0.5976027153132444,0.0538875326401461,17.997031763661568,0.6365264633986928,0.4846187170196679,0,-3.168780063483174,-0.7873562994996305,0
sh1ro,t,367,33,72.20435967302453,27.197981708551183,0.7111716621253406,0.4632152588555858,106.26702997275204,77.94277929155314,28.32425068119891,1.915531335149864,0.1961852861035422,0.0735694822888283,0.3524904214559387,0.2436548223350254,0.3814713896457766,0.0408719346049046,0.0490463215258855,0.0899182561307901,0.4545454545454545,0.1689373297002724,0.3371647509578544,0.4904214559386973,2.495912806539509,0.0871934604904632,1.1907356948228882,0.7656675749318801,0.4523160762942779,0.0,2104.3216559832,137.4221052241911,557.9718448810147,89.7021415789369,0.9126543824063904,0.0721419833668951,9555.799966615432,1181.8685657067608,399.2137500017562,82.744315949592,0.3154786197351125,0.0908662442906815,0.0790190735694822,0.0572207084468664,0.1362397820163488,0.5628544073789129,0.0379935984129393,12.815224042251318,0.6011618540826182,0.4458452303199001,3,6.180151987984628,4.76178781158395,3
shock,t,130,13,59.292307692307695,23.43066590313996,0.5923076923076923,0.3153846153846154,76.64615384615385,97.65384615384616,-21.00769230769231,3.9,0.1538461538461538,0.023076923076923,0.3116883116883117,0.2134831460674157,0.3307692307692307,0.0769230769230769,0.1076923076923077,0.1846153846153846,0.4166666666666667,0.1153846153846153,0.6883116883116883,0.0259740259740259,2.223076923076923,0.3769230769230769,0.6,0.6615384615384615,0.5769230769230769,0.0076923076923076,2095.4906436320216,164.13242240273476,608.0886907794712,120.6835893270126,1.074864332682275,0.1143121490780658,7909.842019824613,1343.83480414801,462.0917941991145,91.53130714551357,0.3955520848083036,0.0704173793791451,0.0692307692307692,0.1153846153846153,0.1846153846153846,0.5811302943918999,0.0464806353225751,16.99663123977393,0.6071941989222188,0.4753963502343947,4,-0.8635889977816674,0.7919700058793617,4
siuhy,t,231,21,57.891774891774894,21.63774109878555,0.4805194805194805,0.2727272727272727,72.08225108225108,100.34199134199136,-28.25974025974026,3.991341991341992,0.1991341991341991,0.0303030303030303,0.3513513513513513,0.2559523809523809,0.354978354978355,0.0432900432900432,0.1601731601731601,0.2034632034632034,0.2127659574468085,0.1082251082251082,0.8018018018018018,0.0,2.757575757575758,0.2337662337662337,0.9523809523809524,0.9913419913419912,0.5800865800865801,0.0,2051.7861134281884,107.49713996668288,491.2894485742197,73.04197157331477,0.9418317566782244,0.0783421523315456,7933.60725680119,1360.9535007411523,359.4181846106064,73.06458403184891,0.3713916910260895,0.0759126222967835,0.0606060606060606,0.1428571428571428,0.2034632034632034,0.6000397482397389,0.0518340584014342,16.625152096742987,0.5668324820895697,0.4430286279351888,1,0.9815529907905342,-3.6474824417440312,1
sk0r,t,105,9,71.11428571428571,22.30374806609304,0.638095238095238,0.238095238095238,91.6952380952381,98.55238095238096,-6.857142857142857,4.0285714285714285,0.1142857142857142,0.0,0.2835820895522388,0.175,0.3142857142857143,0.1142857142857142,0.1238095238095238,0.238095238095238,0.48,0.1428571428571428,0.7910447761194029,0.0,1.7428571428571429,0.4571428571428571,0.4571428571428571,0.4857142857142857,0.3428571428571428,0.0,1971.991344585464,122.9819460193154,569.4629330575983,78.63186937405118,1.0237823165699569,0.1072243085170614,8204.620759166266,1897.875229498518,437.8189178430156,99.27014994292192,0.4566448466179357,0.1180553161721933,0.1333333333333333,0.1428571428571428,0.2761904761904762,0.6204719657675268,0.0592632837527173,10.152571254352436,0.4331731558185945,0.333659717120212,0,-3.188352468361324,0.618354521546493,0
slaxz-,t,247,24,52.497975708502025,22.6381123210118,0.437246963562753,0.2955465587044534,74.49797570850203,96.9838056680162,-22.48582995951417,3.582995951417004,0.1781376518218623,0.0809716599190283,0.2407407407407407,0.2356321839080459,0.2712550607287449,0.0890688259109311,0.068825910931174,0.1578947368421052,0.5641025641025641,0.0850202429149797,0.2962962962962963,0.5,2.57085020242915,0.1295546558704453,1.1821862348178138,0.8825910931174089,0.3724696356275304,0.0040485829959514,2179.0172613061663,101.40522744202956,516.3481714489008,90.3877565431948,0.9358131467410457,0.0959959901411606,8439.38434877259,1214.802261453454,375.6428530891176,67.11245472151606,0.3307723544651297,0.0604354202342758,0.0809716599190283,0.0850202429149797,0.1659919028340081,0.6068949601671242,0.0405043482228361,14.118644779286612,0.5772776428709933,0.419846368477524,2,5.134539431673845,-0.3138839012829991,2
snax,t,327,32,65.89602446483181,24.569331301983485,0.5259938837920489,0.2446483180428134,82.77064220183486,110.15902140672785,-27.388379204892967,5.853211009174312,0.2538226299694189,0.0305810397553516,0.2325581395348837,0.2712550607287449,0.327217125382263,0.0978593272171253,0.1804281345565749,0.2782874617737003,0.3516483516483517,0.1039755351681957,0.7790697674418605,0.0174418604651162,2.688073394495413,0.4342507645259938,0.764525993883792,0.8287461773700305,0.6574923547400612,0.0030581039755351,2051.5609710433164,102.38964989903292,554.0274077466368,85.32275411275228,1.033380506648794,0.1270728940562749,8181.022427041718,1650.2058161191849,423.3649712234128,100.74278957247762,0.4103845947632543,0.0715174747662448,0.091743119266055,0.1926605504587156,0.2844036697247706,0.5961295294019107,0.0593660934805072,16.064255996571898,0.585531473990007,0.4532693574795878,0,-2.922650351585333,-1.8385743677030828,0
snow,t,270,27,71.97407407407407,23.959958252843965,0.6296296296296297,0.2703703703703703,86.47407407407407,101.3925925925926,-14.91851851851852,3.403703703703704,0.1703703703703703,0.0037037037037037,0.3058823529411765,0.2081218274111675,0.3444444444444444,0.074074074074074,0.1666666666666666,0.2407407407407407,0.3076923076923077,0.1666666666666666,0.7352941176470589,0.0117647058823529,1.9222222222222225,0.1814814814814815,0.5962962962962963,0.6888888888888889,0.4555555555555555,0.0,2042.248500836856,123.6115195413792,574.5443656022061,93.53960983849156,1.0430537359827006,0.1472690872634873,8377.522832344788,1427.2099770844534,417.635108267719,74.80439982583206,0.3871436115759079,0.0875678403548938,0.0962962962962963,0.1296296296296296,0.2259259259259259,0.5898729366826557,0.0577878485791446,15.253340170863892,0.5151888799368459,0.3974803635012685,0,-1.413242002832025,0.0349892309304427,0
sonic,t,182,16,61.72527472527472,22.133766340440754,0.5659340659340659,0.2197802197802197,78.48351648351648,108.43956043956044,-29.95604395604396,4.12087912087912,0.1373626373626373,0.0054945054945054,0.2135922330097087,0.2394366197183098,0.3076923076923077,0.1043956043956044,0.1923076923076923,0.2967032967032967,0.3518518518518518,0.1263736263736263,0.7669902912621359,0.0097087378640776,2.17032967032967,0.3626373626373626,0.7692307692307693,0.467032967032967,0.5659340659340659,0.0054945054945054,2018.6061344392167,88.94410559365643,551.4905101308648,98.59196242639167,0.9991930351088606,0.1356001444431336,8052.034807776935,1375.3147249369306,410.1603094727041,96.49668796689014,0.4228225819999703,0.0511926464221901,0.1098901098901098,0.1978021978021978,0.3076923076923077,0.608374755744421,0.0456932683574725,13.867834750547395,0.5380768670979763,0.3897734949274041,0,-3.2223650917552265,-2.2444489096712115,0
soulfly,t,228,25,70.35087719298245,27.66163373488443,0.6403508771929824,0.3114035087719298,87.2280701754386,97.49122807017544,-10.263157894736842,2.3157894736842106,0.219298245614035,0.0263157894736842,0.1986301369863013,0.2611464968152866,0.3070175438596491,0.1359649122807017,0.1622807017543859,0.2982456140350877,0.4558823529411764,0.1447368421052631,0.7191780821917808,0.0,1.5614035087719298,0.175438596491228,0.3947368421052631,0.5614035087719298,0.4298245614035088,0.0,2042.5523541823345,130.3910558841061,590.3589803534555,125.60242887039549,1.0128110502114978,0.0957722503084462,8421.472074142288,1711.115061847694,410.4612026464033,103.09959000909856,0.4103136304760815,0.0924074079729394,0.1228070175438596,0.131578947368421,0.2543859649122807,0.588927735255031,0.0767232234648089,19.525346113394946,0.6808931532038508,0.5403919017292415,0,-2.738766310850331,2.3256892421998723,0
spinx,t,454,46,65.84361233480176,25.85135238041915,0.566079295154185,0.3281938325991189,82.5330396475771,96.58810572687224,-14.055066079295154,2.9273127753303965,0.1696035242290749,0.0154185022026431,0.2217898832684824,0.2918032786885245,0.3215859030837004,0.0837004405286343,0.0947136563876652,0.1784140969162995,0.4691358024691358,0.1387665198237885,0.8326848249027238,0.0,1.7951541850220265,0.473568281938326,0.3105726872246696,0.5022026431718062,0.5044052863436124,0.0044052863436123,2060.944867795924,160.65373632898047,628.5406611778983,140.23612661624009,1.1296175898931038,0.1462135527941816,8236.211592829482,1514.6103099015734,485.1449380419708,122.4348275907182,0.4049869167079881,0.1029190299352294,0.0726872246696035,0.0837004405286343,0.1563876651982378,0.5905108569994183,0.0590443414317458,17.211200936028774,0.5214572470309754,0.4253905973953877,4,-2.939389182160811,2.36574615734803,4
staehr,t,117,13,70.34188034188034,26.71731583849101,0.5811965811965812,0.2136752136752136,89.34188034188034,111.94017094017094,-22.5982905982906,5.6923076923076925,0.1794871794871795,0.0256410256410256,0.1911764705882352,0.2391304347826087,0.2991452991452991,0.1367521367521367,0.188034188034188,0.3247863247863248,0.4210526315789473,0.1282051282051282,0.6176470588235294,0.0,1.7435897435897436,0.1794871794871795,0.5384615384615384,0.5213675213675214,0.4957264957264957,0.0085470085470085,2077.185138378444,140.8206064361813,519.5738710305744,104.7390962588229,1.0099719873329636,0.1290240798067398,7302.80899393097,1291.3389242452045,386.7369950936931,108.24193280832014,0.431525434363222,0.0728986820554263,0.1794871794871795,0.1623931623931624,0.3418803418803419,0.604146063459198,0.0482666707870363,22.09329085795084,0.6055310627839017,0.4861313566095492,0,-3.636431110590967,-0.6152581380150248,0
starry,t,144,14,83.77083333333333,22.471669504290205,0.7222222222222222,0.3333333333333333,109.02777777777776,93.78472222222224,15.243055555555555,5.208333333333333,0.2152777777777778,0.0347222222222222,0.3076923076923077,0.2291666666666666,0.375,0.0972222222222222,0.125,0.2222222222222222,0.4375,0.2013888888888889,0.7019230769230769,0.0096153846153846,2.263888888888889,0.3680555555555556,0.6319444444444444,0.5902777777777778,0.6736111111111112,0.0,2102.288409193656,146.80629067094725,541.3657720344829,82.17999524247651,1.0121340970586874,0.154081769315597,8344.809440038016,1618.1552566098558,356.35035014774326,78.99976353229242,0.3768675085941373,0.0945046663776038,0.1041666666666666,0.1041666666666666,0.2083333333333333,0.5967795000062189,0.0620323680894968,14.867658804900826,0.4747312088371051,0.3094338626160346,4,-1.0697356833816547,2.387398166496734,0
story,t,108,11,51.77777777777778,20.590502302589705,0.6111111111111112,0.3518518518518518,77.19444444444444,89.37037037037037,-12.175925925925926,0.7407407407407407,0.2037037037037037,0.1388888888888889,0.3181818181818182,0.1428571428571428,0.287037037037037,0.0833333333333333,0.0925925925925925,0.1759259259259259,0.4736842105263157,0.1111111111111111,0.6060606060606061,0.1969696969696969,2.703703703703704,0.0277777777777777,1.3148148148148149,0.8981481481481481,0.4629629629629629,0.0,2080.79269975378,139.29944027006098,554.6237154945405,112.86587081985547,1.008622682323162,0.0918677324321305,8776.149248547435,1135.5663944558137,421.2678299236129,84.36195889875486,0.3402349486656287,0.0933644739138228,0.1111111111111111,0.1018518518518518,0.2129629629629629,0.5779601738555928,0.0569972695172843,15.27841545450146,0.5990484077344691,0.4379700293050305,2,4.02642331642187,1.7139791610549693,2
stressarn,t,130,13,61.5,19.85160309700819,0.5846153846153846,0.2615384615384615,77.66923076923077,104.57692307692308,-26.907692307692308,1.0846153846153843,0.2,0.0307692307692307,0.25,0.25,0.3307692307692307,0.1076923076923077,0.123076923076923,0.2307692307692307,0.4666666666666667,0.1307692307692307,0.7105263157894737,0.0,1.7923076923076924,0.2923076923076923,0.4230769230769231,0.5153846153846153,0.5307692307692308,0.0307692307692307,2065.9743526936454,151.1573762932891,509.9313012377069,116.36850623214632,0.9188199900342424,0.1033049845846893,8188.551515392852,1506.2961067202205,360.9705587402012,91.71921065614318,0.3953206160189002,0.0595798192762568,0.0384615384615384,0.1615384615384615,0.2,0.5809936800624689,0.0453024421286414,16.10657551456511,0.4596866014320582,0.3946109236404629,0,-0.2934364605952927,-1.1288281834443807,0
sunpayus,t,429,38,59.92074592074592,22.3345488513228,0.5594405594405595,0.3473193473193473,85.96969696969697,91.17016317016316,-5.200466200466201,1.979020979020979,0.1818181818181818,0.0606060606060606,0.325,0.275,0.3613053613053613,0.0629370629370629,0.0815850815850815,0.1445221445221445,0.4354838709677419,0.1095571095571095,0.3666666666666666,0.3541666666666667,2.827505827505828,0.0745920745920745,1.3426573426573427,0.9324009324009324,0.4545454545454545,0.0233100233100233,2145.7983969843594,114.20434470110244,529.7305852146324,72.72206303109071,0.9302601864256728,0.072310326342129,9016.353154409,971.6256812545262,396.044021147421,75.11135866472043,0.3055652626941328,0.0599290249317166,0.0675990675990676,0.0839160839160839,0.1515151515151515,0.591764776952364,0.036300024268674,14.098991694038258,0.5752989919345997,0.4093866272376432,2,5.828683863167554,0.2094334646300573,2
susp,t,155,15,66.29032258064517,22.76862008676879,0.4903225806451612,0.2129032258064516,82.06451612903226,112.01935483870967,-29.95483870967741,4.148387096774194,0.2193548387096774,0.0,0.3026315789473684,0.3360655737704918,0.4129032258064516,0.064516129032258,0.1548387096774193,0.2193548387096774,0.2941176470588235,0.1354838709677419,0.8157894736842105,0.0,1.7096774193548387,0.3870967741935484,0.3096774193548387,0.5612903225806452,0.4516129032258064,0.0,2063.7748961542634,114.73502075347564,602.3417787842975,205.4852045407676,1.0732956336015265,0.1813715593562532,8384.458931332165,1505.4739375100291,463.1955654120421,154.64269622775538,0.4031552910018222,0.0827433880505488,0.0774193548387096,0.1354838709677419,0.2129032258064516,0.5929697307618225,0.0500226240038266,11.10793560369464,0.4733676658427586,0.3472945866333151,4,-4.0221768058131895,-0.694767247769907,4
swisher,t,247,24,70.25101214574899,20.82809671286768,0.5910931174089069,0.2226720647773279,86.61943319838056,109.52631578947368,-22.90688259109312,8.991902834008098,0.2267206477732793,0.020242914979757,0.3561643835616438,0.2708333333333333,0.4210526315789473,0.1093117408906882,0.1255060728744939,0.2348178137651821,0.4655172413793103,0.1376518218623481,0.7465753424657534,0.0068493150684931,2.54251012145749,0.4615384615384615,0.6639676113360324,0.6153846153846154,0.7894736842105263,0.0121457489878542,2095.22374970842,93.58645808573849,585.0042722983721,99.4773940300502,1.047460650816154,0.1088275239082073,9036.40016977055,1228.8914690293511,406.11611074263845,111.22330688358046,0.3881094504600746,0.0688261292153841,0.097165991902834,0.1336032388663967,0.2307692307692307,0.5834780840475012,0.0469470971992914,17.950066470341906,0.5351208534063537,0.3665681335767486,0,-2.217161446724447,-0.7153888297274555,4
tabsen,t,173,17,60.4393063583815,18.944738997906573,0.4624277456647399,0.1734104046242774,72.76878612716763,113.79190751445088,-41.02312138728324,3.630057803468208,0.2601156069364161,0.0231213872832369,0.275,0.2937062937062937,0.3699421965317919,0.0635838150289017,0.1907514450867052,0.2543352601156069,0.25,0.0982658959537572,0.7625,0.0,2.184971098265896,0.2080924855491329,0.6705202312138728,0.8208092485549133,0.4797687861271676,0.0057803468208092,2113.9004959779086,129.35848671521424,484.055445826,91.44846732753672,0.9526073149445972,0.0832005835732152,7467.748591560236,1309.694804583056,355.904980951069,72.69579793861631,0.3866091157228795,0.0821944930936438,0.0924855491329479,0.1734104046242774,0.2658959537572254,0.6151182084464495,0.0563078287266945,14.789919893668548,0.4745665197432179,0.3908506111366407,1,-0.6321461385169173,-4.726850211006519,0
tauson,t,327,32,69.52905198776759,24.84889600321237,0.6513761467889908,0.2996941896024465,89.25688073394495,100.74923547400611,-11.49235474006116,6.770642201834862,0.2232415902140672,0.0244648318042813,0.3004694835680751,0.3100436681222707,0.4128440366972477,0.0581039755351682,0.1192660550458715,0.1773700305810397,0.3275862068965517,0.1559633027522936,0.7276995305164319,0.0140845070422535,1.8318042813455653,0.3302752293577982,0.363914373088685,0.5168195718654435,0.6146788990825688,0.0061162079510703,2041.2580039901068,112.51145814809676,513.1071755453677,120.24976470487614,0.9449700954765377,0.1007662830901351,8269.859439079692,1325.9910699181378,342.8415358462366,94.49737857530027,0.4183392170108164,0.0744637518800817,0.0489296636085626,0.1437308868501529,0.1926605504587156,0.5953021785447022,0.0489361840978957,15.963914706271348,0.5720847871773799,0.430864057232609,0,-1.4162123302558522,-0.766330363899535,0
techno4k,t,428,36,57.4696261682243,17.059761461612634,0.4742990654205608,0.264018691588785,69.6144859813084,101.196261682243,-31.58177570093458,3.22196261682243,0.2009345794392523,0.0350467289719626,0.334975369458128,0.2698412698412698,0.3574766355140187,0.058411214953271,0.1565420560747663,0.2149532710280373,0.2717391304347826,0.1098130841121495,0.6995073891625616,0.0049261083743842,2.088785046728972,0.322429906542056,0.6191588785046729,0.5981308411214953,0.5350467289719626,0.014018691588785,2065.285243817738,139.8583793455302,591.2545050502052,90.98788281570371,1.030642042085635,0.0886104982794323,8964.059703543664,1398.4551754233228,423.638496390011,75.79982389017586,0.3963024851774674,0.0906693780938684,0.0490654205607476,0.161214953271028,0.2102803738317757,0.5639421890080549,0.0552862659244863,14.620298215038908,0.4263261452646236,0.3560646869734019,1,0.0857644248990344,-2.2542681962631304,1
tenzy,t,220,18,63.02727272727272,20.98207459357382,0.5636363636363636,0.2,81.70454545454545,108.2,-26.495454545454542,2.827272727272727,0.1636363636363636,0.0227272727272727,0.2580645161290322,0.2443181818181818,0.3409090909090909,0.0909090909090909,0.1636363636363636,0.2545454545454545,0.3571428571428571,0.1272727272727272,0.8145161290322581,0.0,1.6090909090909091,0.2363636363636363,0.35,0.5681818181818182,0.4545454545454545,0.0,2040.156286022932,122.58822959368564,686.9205627356773,144.1640393756546,1.066358960246331,0.1750779393234363,8489.608541059115,1368.144469147104,543.0946119467117,131.12454037903092,0.402292710954805,0.0879780889335281,0.0727272727272727,0.1318181818181818,0.2045454545454545,0.6063096620709856,0.0471245265713041,16.33926756923141,0.53216862981653,0.4003890722743528,4,-3.506174616176152,-0.0764545115091994,0
teses,t,571,51,63.64798598949212,23.290787361921367,0.5709281961471103,0.3257443082311734,83.87565674255691,96.94220665499124,-13.066549912434326,2.924693520140105,0.1838879159369527,0.0245183887915936,0.3435582822085889,0.2597402597402597,0.3712784588441331,0.0665499124343257,0.0928196147110332,0.159369527145359,0.4175824175824176,0.1225919439579684,0.754601226993865,0.0061349693251533,2.330998248686515,0.2469352014010508,0.8038528896672504,0.7740805604203153,0.5061295971978984,0.0,2074.1573151214884,110.5155865349705,652.7724004801946,112.26533678953736,1.07291558298611,0.1017261306005117,8818.076141699272,1502.7371172618907,468.4664090707643,95.14091400327972,0.3950672050160014,0.0753264148177492,0.073555166374781,0.0840630472854641,0.1576182136602451,0.580434323186445,0.0572349582812491,14.91996293819567,0.5309579878211909,0.3842318791778064,4,0.0740100398789098,0.9811367069467288,4
tn1r,t,367,33,65.6267029972752,25.483892119360327,0.5967302452316077,0.3433242506811989,83.26158038147139,92.42234332425068,-9.160762942779291,4.26158038147139,0.1880108991825613,0.0245231607629427,0.273972602739726,0.2904564315352697,0.3542234332425068,0.0899182561307901,0.1362397820163488,0.2261580381471389,0.3975903614457831,0.1362397820163488,0.8264840182648402,0.0,2.1716621253406,0.3133514986376022,0.7084468664850136,0.5340599455040872,0.6130790190735694,0.0027247956403269,2035.0944405132625,113.1915763385336,632.3325970115595,105.4631157492716,1.0215040108684998,0.1013262225676924,9133.13850880873,1112.2216759896269,460.9097615352264,85.08084114539231,0.3928585247038135,0.0828788545614654,0.0926430517711171,0.0980926430517711,0.1907356948228883,0.5660052859444488,0.0461392080956268,15.183235729227416,0.5820512548270592,0.4361896586432882,4,-0.938456353448654,1.3059550461501814,0
torzsi,t,454,46,57.16079295154185,18.87604199758692,0.5638766519823789,0.3788546255506608,83.15418502202643,91.82819383259913,-8.674008810572687,1.722466960352423,0.198237885462555,0.105726872246696,0.37890625,0.226950354609929,0.3546255506607929,0.0462555066079295,0.0572687224669603,0.1035242290748898,0.4468085106382978,0.1277533039647577,0.359375,0.40234375,2.092511013215859,0.0550660792951541,1.0220264317180616,0.6057268722466961,0.4074889867841409,0.0022026431718061,2072.102711876713,142.00193095385106,483.35972754972727,86.63860819500549,0.9184104217856368,0.0830437144447954,8646.528934220498,1196.6034667863314,363.4076261319266,82.23351815617588,0.3642400209458482,0.0913980644337129,0.092511013215859,0.0506607929515418,0.1431718061674008,0.5938233624552969,0.0425775498431273,13.953033552141427,0.4507745689266599,0.3277528301814944,2,5.631721936362592,0.5570440625267306,2
ultimate,t,231,21,54.94805194805195,18.89207758816599,0.5281385281385281,0.2987012987012987,83.74458874458874,99.23376623376625,-15.48917748917749,2.324675324675325,0.1688311688311688,0.0779220779220779,0.3360655737704918,0.1358024691358024,0.2727272727272727,0.0259740259740259,0.0822510822510822,0.1082251082251082,0.24,0.1125541125541125,0.4098360655737705,0.3360655737704918,1.9653679653679648,0.0606060606060606,0.8874458874458875,0.6536796536796536,0.3636363636363636,0.0,2111.292585477461,120.22392399124416,483.0118668336559,57.72115105784467,0.9273010334904024,0.0926635178996233,8070.099224804944,1503.1987530009562,359.85062199253207,51.88059546803978,0.32453806488729,0.0595492730386703,0.0389610389610389,0.0822510822510822,0.1212121212121212,0.5993873379567869,0.0469306969539753,12.864683607895442,0.4072099214980078,0.2893843733546941,2,5.299247014169449,-1.9763009148362096,2
v$m,t,270,27,57.17407407407408,19.60890176825761,0.5074074074074074,0.2259259259259259,71.33333333333333,103.41851851851852,-32.08518518518518,2.1222222222222222,0.1481481481481481,0.0111111111111111,0.291970802919708,0.2440191387559808,0.337037037037037,0.0777777777777777,0.137037037037037,0.2148148148148148,0.3620689655172414,0.1259259259259259,0.7445255474452555,0.0,1.7444444444444445,0.1296296296296296,0.5814814814814815,0.4481481481481481,0.5814814814814815,0.0037037037037037,1956.5070406013604,101.66031544904676,505.3487949805251,123.49298043429744,0.9237561896615288,0.0958761985556891,8624.631980417735,865.6946426214608,379.9032572144852,94.34425096781275,0.4252112470501792,0.101755853349263,0.0777777777777777,0.1222222222222222,0.2,0.5865054503458513,0.0336284629023598,17.358342732622052,0.4537975852255955,0.3762482379480499,0,-0.4729039893864397,-2.64349505852048,0
venomzera,t,210,22,62.06666666666667,26.42544788361501,0.4952380952380952,0.1666666666666666,77.94285714285714,112.86190476190475,-34.91904761904762,2.6904761904761907,0.2095238095238095,0.0142857142857142,0.375,0.3314285714285714,0.4619047619047619,0.0809523809523809,0.1809523809523809,0.2619047619047619,0.3090909090909091,0.1095238095238095,0.6826923076923077,0.0,1.3952380952380952,0.1428571428571428,0.3380952380952381,0.4476190476190476,0.4571428571428571,0.0095238095238095,2051.5238767134265,128.10234824343368,547.805850994184,141.28683239853964,0.993990083998483,0.1123125629665046,7667.993062610615,1372.9930244556078,350.60051321623183,77.8505891223086,0.4309120440598737,0.0884228582563238,0.0666666666666666,0.1523809523809524,0.219047619047619,0.598099704945955,0.0573475903601347,18.945568978908582,0.5709305687535481,0.4170449095849412,0,-2.239255981792335,-3.0416992713651347,0
vexite,t,108,11,74.27777777777777,33.96136840664152,0.6574074074074074,0.2592592592592592,92.98148148148148,112.3148148148148,-19.33333333333333,6.074074074074074,0.2314814814814814,0.0185185185185185,0.2253521126760563,0.275,0.3518518518518518,0.0925925925925925,0.1574074074074074,0.25,0.3703703703703703,0.1851851851851851,0.676056338028169,0.0,2.203703703703704,0.4259259259259259,0.5185185185185185,0.6111111111111112,0.6481481481481481,0.0,1957.419837227583,111.9402882994984,525.6579516912556,80.96953879799847,0.9412430853172586,0.0749203261249434,7565.293170176881,1186.4086902763345,329.69138080501733,51.94876759066607,0.4179394544011102,0.0705207670709751,0.0833333333333333,0.1481481481481481,0.2314814814814814,0.6327206053738237,0.047691354432753,17.78251199590199,0.7091321516243566,0.5408342990435886,0,-2.966062494457511,-1.2247742956197083,0
w0nderful,t,284,30,69.78169014084507,24.0692841640714,0.7147887323943662,0.3626760563380282,105.5,88.88732394366197,16.612676056338028,1.8591549295774648,0.1830985915492957,0.0598591549295774,0.3743842364532019,0.1988950276243093,0.3943661971830985,0.0809859154929577,0.0739436619718309,0.1549295774647887,0.5227272727272727,0.1901408450704225,0.4433497536945813,0.354679802955665,2.341549295774648,0.0633802816901408,1.1091549295774648,0.7605633802816901,0.4084507042253521,0.0,2114.0021982395388,120.08210860995958,505.2129341637453,78.54196198681609,0.8944597750195787,0.0914396959922089,9690.138407212686,1276.157429747917,356.2556231125211,59.67447814462854,0.3142343818115934,0.0581750660875308,0.0880281690140845,0.056338028169014,0.1443661971830986,0.545175287054974,0.0446110484259368,15.339368047169687,0.63730913134669,0.4653293816156623,3,5.122856139464698,3.9255040652962063,3
westmelon,t,144,14,48.53472222222222,16.623009451266377,0.4027777777777778,0.2291666666666666,57.80555555555556,105.70138888888889,-47.895833333333336,3.2916666666666665,0.2361111111111111,0.0555555555555555,0.3448275862068966,0.2702702702702703,0.3472222222222222,0.0486111111111111,0.1875,0.2361111111111111,0.2058823529411764,0.0833333333333333,0.5862068965517241,0.0,2.5,0.2083333333333333,0.9513888888888888,0.7430555555555556,0.5902777777777778,0.0069444444444444,2064.02382128185,122.10724525385191,500.87999594615735,65.53836046450769,0.9387158266057825,0.0649966703628768,8368.45722091141,1649.7852880512153,343.3394343777666,72.30534142015237,0.381415898245907,0.0656171441395625,0.0625,0.1527777777777778,0.2152777777777778,0.5980598853766942,0.0607146363713527,18.384484427820315,0.4851491695326627,0.4023026209521185,1,1.373726921899173,-5.131174565771451,1
wicadia,t,228,25,74.46929824561404,22.178559143376383,0.6842105263157895,0.3464912280701754,92.30263157894736,96.6798245614035,-4.37719298245614,2.807017543859649,0.175438596491228,0.0131578947368421,0.2692307692307692,0.1879194630872483,0.3070175438596491,0.0657894736842105,0.0745614035087719,0.1403508771929824,0.46875,0.175438596491228,0.7948717948717948,0.0,1.8596491228070176,0.3815789473684211,0.4078947368421052,0.5745614035087719,0.4956140350877193,0.0,2007.9473960495136,84.87294362733397,588.5121576099543,118.4168097833534,1.0247704741471155,0.1110963967257597,9070.53120413016,1546.7605945350483,456.8408758991416,102.69197652229482,0.3994710693862777,0.0852233356541395,0.087719298245614,0.0833333333333333,0.1710526315789473,0.5522977613214635,0.0619852164664972,18.08016290122824,0.4800653004206028,0.4217884365594706,4,-1.111332967940995,2.756719714050804,0
woxic,t,228,25,58.91666666666666,24.650368278165924,0.5789473684210527,0.3903508771929824,80.82894736842105,88.77631578947368,-7.947368421052632,2.219298245614035,0.1578947368421052,0.0701754385964912,0.2803030303030303,0.2302158273381295,0.3026315789473684,0.0745614035087719,0.0657894736842105,0.1403508771929824,0.53125,0.1403508771929824,0.303030303030303,0.4393939393939394,2.004385964912281,0.0614035087719298,0.9473684210526316,0.5570175438596491,0.4342105263157895,0.0043859649122807,2074.765483179289,126.32722664415152,513.2360066605289,101.19087010794898,0.9146617872634554,0.0675865782910301,8803.305534781608,1082.7502908093438,365.87332385022125,68.55652554543433,0.3455665659894312,0.0872664643467508,0.0745614035087719,0.0701754385964912,0.1447368421052631,0.580899419251211,0.0494101829816741,15.669585906302055,0.6873845769269812,0.4997902875521867,3,4.597462821410191,2.2250564561422745,2
xantares,t,228,25,78.77631578947368,25.93100931719924,0.7192982456140351,0.293859649122807,98.68859649122808,100.25877192982456,-1.5701754385964912,2.776315789473684,0.1798245614035087,0.0131578947368421,0.2682926829268293,0.2795031055900621,0.3903508771929824,0.1710526315789473,0.1271929824561403,0.2982456140350877,0.5735294117647058,0.1798245614035087,0.8109756097560976,0.0,1.5833333333333333,0.219298245614035,0.5131578947368421,0.3684210526315789,0.4824561403508772,0.0,1977.651115047449,84.36552728622418,537.0107164399174,83.66031383760291,0.943815801161202,0.1056530804671341,8786.158942321543,1328.072564075809,371.984961532484,66.86398316356724,0.4006243177413188,0.0639816583858479,0.1491228070175438,0.1359649122807017,0.2850877192982456,0.5682882034800616,0.0534939309575382,11.021954232435196,0.7164617169952571,0.4539698082093985,0,-2.14506709387359,2.4467660128465054,0
xelex,t,454,46,67.6762114537445,32.74988882615108,0.6475770925110133,0.2863436123348017,88.25550660792952,102.6497797356828,-14.394273127753303,2.394273127753304,0.1409691629955947,0.0110132158590308,0.2653061224489796,0.2685185185185185,0.3634361233480176,0.0947136563876652,0.1806167400881057,0.2753303964757709,0.344,0.1475770925110132,0.7993197278911565,0.0068027210884353,1.422907488986784,0.1696035242290749,0.4361233480176211,0.4185022026431718,0.3964757709251101,0.0022026431718061,1997.283324242616,128.3984030960657,505.0019332229737,90.0067435031693,0.9570931183161993,0.1329649275898494,8104.667035244078,1433.079386638572,360.767294368532,80.31892937109025,0.4297751735476082,0.0813176865570506,0.0903083700440528,0.1894273127753304,0.2797356828193832,0.6019290989474408,0.0555228598889484,18.72867973531676,0.7744147415246456,0.5431326860851217,0,-2.84322726811958,-0.0098485288293164,0
xerolte,t,105,9,67.61904761904762,22.0540016370626,0.5904761904761905,0.238095238095238,81.79047619047618,109.11428571428571,-27.323809523809523,4.857142857142857,0.1714285714285714,0.0285714285714285,0.3225806451612903,0.1375,0.2952380952380952,0.0476190476190476,0.0761904761904762,0.1238095238095238,0.3846153846153846,0.1523809523809524,0.6612903225806451,0.0,2.085714285714286,0.238095238095238,0.7047619047619048,0.6857142857142857,0.4476190476190476,0.0095238095238095,1987.830757968312,78.42204265522288,582.6617179167632,99.2773699035886,1.0242775277604823,0.0829948907176149,7828.073600606876,1382.167833753586,427.5433320715311,68.50056401201789,0.4542894782280611,0.0705251107551128,0.0476190476190476,0.0476190476190476,0.0952380952380952,0.6217026986232866,0.0603301819083397,16.468799932641467,0.3627091057449813,0.3961917757509068,0,-0.147461356405576,-1.8664168724636343,0
xertion,t,454,46,74.81277533039648,23.359520392158306,0.6343612334801763,0.2841409691629956,92.07929515418502,101.36784140969164,-9.288546255506608,5.138766519823789,0.2488986784140969,0.0572687224669603,0.2604166666666667,0.2676923076923077,0.3568281938325991,0.0881057268722467,0.118942731277533,0.2070484581497797,0.425531914893617,0.158590308370044,0.7361111111111112,0.0,3.0220264317180616,0.2488986784140969,0.9118942731277532,1.2621145374449338,0.5969162995594713,0.0022026431718061,2031.7161751216247,119.3617521035053,547.3975270980724,109.57287823535036,1.024471390198215,0.0876778096388936,8462.382264470862,1269.6329880497383,421.9713529624298,78.25559670198177,0.403349491016107,0.0786919708647484,0.0969162995594713,0.1123348017621145,0.2092511013215859,0.590300288923988,0.0557407767604341,17.447868954194806,0.5918946153298058,0.4468386900151741,0,-0.2432459107392854,0.2293871512106693,0
xfl0ud,t,155,15,61.774193548387096,22.33634107276493,0.4967741935483871,0.2193548387096774,74.58064516129032,106.96774193548389,-32.38709677419355,3.961290322580645,0.1741935483870967,0.0129032258064516,0.4025974025974026,0.2479338842975206,0.3935483870967742,0.0516129032258064,0.1677419354838709,0.2193548387096774,0.2352941176470588,0.0903225806451612,0.7272727272727273,0.0,2.1870967741935483,0.2838709677419355,0.7096774193548387,0.5225806451612903,0.6451612903225806,0.0258064516129032,2018.8177561941925,98.4867732852238,506.9720277626757,71.61944875631958,0.9625691642389907,0.142533901551643,8396.190217632198,1138.82418867015,362.8525834333245,88.75408184032995,0.4093468468073009,0.0597508536161838,0.064516129032258,0.1677419354838709,0.232258064516129,0.5925807236070451,0.0417146418619148,18.14558410033548,0.6229366082782094,0.4153316125657311,1,-0.7704620422444053,-4.061188959149486,0
xielo,t,262,23,59.46183206106871,27.80647507856017,0.5572519083969466,0.2137404580152671,77.81297709923665,109.087786259542,-31.27480916030534,2.8091603053435112,0.1068702290076335,0.0038167938931297,0.2808219178082192,0.2766990291262136,0.3740458015267175,0.099236641221374,0.2519083969465648,0.3511450381679389,0.2826086956521739,0.1068702290076335,0.7328767123287672,0.0068493150684931,1.5648854961832062,0.1946564885496183,0.3778625954198473,0.4885496183206106,0.5038167938931297,0.0,1999.097454654273,102.10228500248814,574.7701637478829,91.35236563706046,1.0015588838816345,0.1213935297361508,8573.953752559873,1331.999328968922,424.021206633846,110.02004689592218,0.4198001766849965,0.0558440333979373,0.0916030534351145,0.232824427480916,0.3244274809160305,0.6094024748740993,0.0496579017752319,15.794904988284166,0.6441386381258107,0.4769328847308512,0,-3.730678537151047,-2.507661285628273,0
yekindar,t,296,29,73.86824324324324,24.771286323908058,0.6452702702702703,0.2398648648648648,92.57770270270272,103.32432432432432,-10.74662162162162,4.6858108108108105,0.25,0.0405405405405405,0.1727748691099476,0.2888888888888888,0.3310810810810811,0.1587837837837837,0.1858108108108108,0.3445945945945945,0.4607843137254901,0.179054054054054,0.7486910994764397,0.0052356020942408,2.1722972972972974,0.2297297297297297,0.8445945945945946,0.5337837837837838,0.5641891891891891,0.0,2060.9613438871124,133.49030762694736,646.073841181826,105.90652354409744,1.0904996213012166,0.1088614784639978,9048.082689750778,1522.7186882172443,481.407737111724,105.96462650325178,0.3991720895143833,0.0819492636312147,0.0979729729729729,0.2162162162162162,0.3141891891891892,0.581565727286279,0.0595268454193972,17.669863776292495,0.5902001375324782,0.4598522404707303,0,-3.592966319492734,1.7586566403391717,0
yuurih,t,296,29,71.48986486486487,20.44218987894007,0.6351351351351351,0.3479729729729729,88.63175675675676,96.55743243243244,-7.925675675675675,4.256756756756757,0.2331081081081081,0.0236486486486486,0.324468085106383,0.3056994818652849,0.4054054054054054,0.0608108108108108,0.0709459459459459,0.1317567567567567,0.4615384615384615,0.1148648648648648,0.7553191489361702,0.0053191489361702,2.189189189189189,0.375,0.5506756756756757,0.5574324324324325,0.7027027027027027,0.0033783783783783,2065.485967849785,120.03984660263154,569.927170211339,159.4484428021026,0.9785931488004106,0.1311472356525621,8695.622157569085,1317.3126595761628,433.2198725011864,109.13354868483424,0.3918340550330759,0.0734371443655996,0.0709459459459459,0.0743243243243243,0.1452702702702702,0.5968291643521398,0.0425578887647599,14.559598103935151,0.4929536263856788,0.3642294872990452,4,-0.4584285504937986,0.9679763914936228,4
yxngstxr,t,155,15,59.27741935483871,17.739487750351845,0.5290322580645161,0.2774193548387096,78.63870967741936,97.34193548387096,-18.703225806451613,1.767741935483871,0.2709677419354839,0.1354838709677419,0.4024390243902439,0.2232142857142857,0.3741935483870968,0.064516129032258,0.0516129032258064,0.1161290322580645,0.5555555555555556,0.0903225806451612,0.6951219512195121,0.1219512195121951,2.587096774193548,0.0580645161290322,1.2258064516129032,0.9548387096774194,0.3483870967741935,0.0,2071.1980242121954,110.22893680234046,461.9008168481255,105.1970024680729,0.8968160302572603,0.0576994870775886,8701.941025358861,921.6529727296194,342.5944808716874,71.17088767396909,0.3707167695353681,0.0902256326474159,0.0580645161290322,0.0580645161290322,0.1161290322580645,0.583449071922623,0.0373145733919772,11.200619838522297,0.5284366743423007,0.393565771986343,2,5.742199113783185,-1.1384894939054548,1
z4kr,t,144,14,59.86805555555556,15.624929040242908,0.5486111111111112,0.3541666666666667,87.92361111111111,94.34722222222224,-6.423611111111111,2.680555555555556,0.2222222222222222,0.0833333333333333,0.3164556962025316,0.2150537634408602,0.3125,0.0694444444444444,0.0486111111111111,0.1180555555555555,0.5882352941176471,0.1041666666666666,0.3164556962025316,0.4050632911392405,3.118055555555556,0.1041666666666666,1.6666666666666667,0.9375,0.3680555555555556,0.0416666666666666,2202.161820183617,125.67223817995784,514.4714105015183,98.02940678243272,0.95850042788739,0.0938515468615453,9294.679014119884,1361.95754649764,378.19094072483904,94.06205718954804,0.2997178861372672,0.0965319281828329,0.0972222222222222,0.0555555555555555,0.1527777777777778,0.5769212671233964,0.0469518005907909,14.388123492766406,0.5425797454247644,0.4235434984052997,2,6.624269706343898,1.9072577374837836,2
zero,t,260,23,70.72692307692307,32.02927232320757,0.6230769230769231,0.2653846153846154,85.62307692307692,100.18076923076924,-14.557692307692308,2.8653846153846154,0.1923076923076923,0.0115384615384615,0.3086419753086419,0.3193717277486911,0.4269230769230769,0.0423076923076923,0.15,0.1923076923076923,0.22,0.1538461538461538,0.8148148148148148,0.0,1.4884615384615385,0.2192307692307692,0.2538461538461538,0.5076923076923077,0.5076923076923077,0.0,2070.4575431437506,112.28860947524628,493.64081639876775,129.05452650938014,0.9759087256093204,0.112678052670181,8158.585614682926,1023.8665671709846,348.60434076113154,109.78050257061088,0.4164115439714336,0.0551186620866825,0.0615384615384615,0.173076923076923,0.2346153846153846,0.5917680957740942,0.0420830121283632,16.466140432692917,0.6749714300800777,0.5180966567341577,0,-1.8172697714208976,-1.06352820628431,0
zont1x,t,367,33,70.22615803814713,26.3258062835679,0.6212534059945504,0.329700272479564,87.22888283378747,92.15803814713895,-4.929155313351498,6.512261580381471,0.2479564032697547,0.0381471389645776,0.2456140350877192,0.3211382113821138,0.3678474114441417,0.0762942779291553,0.1008174386920981,0.1771117166212534,0.4307692307692308,0.1444141689373297,0.7719298245614035,0.0,2.220708446866485,0.444141689373297,0.5694822888283378,0.553133514986376,0.6539509536784741,0.0,2083.003508143784,121.57717855010274,714.1852993926576,93.16374843350508,1.1405220179206623,0.0997834948065631,9428.04481076557,1334.958238396886,536.3007369684209,91.83181884915732,0.3604185199546176,0.0729320294550173,0.0626702997275204,0.0899182561307901,0.1525885558583106,0.559437431841094,0.0430239808448337,15.341290853540878,0.6115584026014428,0.4797635775304724,4,-1.2926979732888195,2.8031377630795977,4
zorte,t,367,36,65.94822888283379,22.69762952518725,0.6130790190735694,0.3188010899182561,96.27792915531334,94.8991825613079,1.3787465940054495,1.852861035422344,0.215258855585831,0.1008174386920981,0.3155555555555555,0.196,0.326975476839237,0.0626702997275204,0.0599455040871934,0.1226158038147139,0.5111111111111111,0.1389645776566757,0.3466666666666667,0.4444444444444444,2.119891008174387,0.0790190735694822,0.989100817438692,0.6158038147138964,0.4059945504087193,0.0299727520435967,2089.7147716387394,117.15881144052176,490.02937860015135,90.40114932651228,0.939647142893351,0.0807117370018703,8479.479182569841,1337.149217650864,349.95120819678,77.78952412843036,0.350229934742539,0.0981621079072895,0.0980926430517711,0.0626702997275204,0.1607629427792915,0.5724407514426586,0.0414267585688634,14.66274703310948,0.5509428156350424,0.4165703709294178,2,4.981175037544588,1.6329003483003328,2
zweih,t,266,25,63.69924812030075,18.61998946480768,0.5300751879699248,0.2969924812030075,79.56766917293233,97.5187969924812,-17.951127819548873,4.383458646616542,0.206766917293233,0.0338345864661654,0.2836879432624113,0.2620320855614973,0.3345864661654135,0.056390977443609,0.0676691729323308,0.1240601503759398,0.4545454545454545,0.1353383458646616,0.8014184397163121,0.0070921985815602,2.421052631578948,0.2556390977443609,0.7744360902255639,0.962406015037594,0.4285714285714285,0.0,2122.833192736302,124.55125359834776,599.5061061017493,151.27016737142773,1.0324435398741996,0.1133906784480126,9511.757408734296,1413.7950526601455,416.5651077153684,125.01215258722404,0.357955628737847,0.0778002992474152,0.1052631578947368,0.0413533834586466,0.1466165413533834,0.578383857838435,0.0456652412232502,15.321259341446614,0.5055645526708663,0.3767820869286609,4,0.9544205899867996,1.3880538325988243,1
zywoo,t,286,27,76.91958041958041,29.440961292988643,0.7272727272727273,0.3986013986013986,112.14335664335664,90.63286713286712,21.51048951048951,0.6468531468531469,0.2167832167832167,0.0699300699300699,0.2740384615384615,0.2616279069767442,0.3566433566433566,0.0979020979020979,0.0839160839160839,0.1818181818181818,0.5384615384615384,0.1783216783216783,0.5,0.2740384615384615,1.933566433566433,0.1048951048951049,0.9125874125874126,0.5314685314685315,0.3846153846153846,0.0,2099.8766985442594,160.33165843903492,544.7914573433883,109.39784116846305,0.9099678639822276,0.0892414095710844,9620.866613283324,1806.085244890577,394.9035550367009,98.91625826481166,0.3136226238578143,0.1062365929878505,0.1013986013986013,0.1013986013986013,0.2027972027972027,0.5543159343690934,0.0576414220376506,15.783045585395792,0.7169673224491746,0.5268711176722181,3,2.448924294625745,5.982232361349098,3
