player_name,side,rounds_played,adr,adr_std,kpr,survival_rate,damage_per_round,damage_taken_per_round,damage_diff_per_round,util_damage_per_round,assists_per_round,flash_assists_per_round,trade_kill_rate,death_traded_rate,trade_participation,opening_kill_rate,opening_death_rate,opening_duel_success,multi_kill_rate,rifle_kill_share,awp_kill_share,grenades_per_round,he_grenades_per_round,flashbangs_per_round,smokes_per_round,fire_nades_per_round,decoys_per_round,avg_distance_to_enemy,avg_distance_to_enemy_std,avg_distance_to_team_centroid,avg_distance_to_team_centroid_std,relative_team_centroid_distance,relative_team_centroid_distance_std,avg_distance_moved_per_round,avg_distance_moved_per_round_std,avg_distance_to_closest_teammate,avg_distance_to_closest_teammate_std,time_near_enemy_rate,time_near_enemy_rate_std,first_contact_rate,first_contact_rate_std,time_stationary_rate,time_stationary_rate_std,kast_std,impact_std,rating_std,cluster,pc1,pc2,predicted_cluster
910,t,428,71.35747663551402,28.211803024242755,0.6939252336448598,0.3271028037383177,102.83411214953271,95.4929906542056,7.341121495327103,2.6682242990654204,0.2406542056074766,0.1074766355140186,0.3063973063973064,0.2291666666666666,0.366822429906542,0.101010101010101,0.1180555555555555,0.46875,0.1705607476635514,0.4208754208754209,0.3905723905723905,2.4953271028037385,0.0794392523364486,1.2546728971962615,0.7757009345794392,0.3808411214953271,0.0046728971962616,2100.3627342861987,111.99882572113614,499.472113302824,84.56332834700805,0.9112230305569928,0.0775251434864413,9234.6055334516,1766.674671893322,366.6309191395039,66.50962349857836,0.3262280916649625,0.0804442805866616,0.1457856456919716,0.0446984605024024,0.5712431836312934,0.0603295367333184,15.930240808057698,0.6117586890684868,0.502944470939448,2,-5.9556736130191394,2.34030107144208,2
afro,t,321,63.4797507788162,28.00583772669403,0.5482866043613707,0.35202492211838,91.49844236760124,100.1246105919003,-8.626168224299066,2.741433021806853,0.2087227414330218,0.0934579439252336,0.2727272727272727,0.1490384615384615,0.2461059190031152,0.1079545454545454,0.1009615384615384,0.475,0.1214953271028037,0.3465909090909091,0.4943181818181818,2.5981308411214954,0.0841121495327102,1.2866043613707163,0.7476635514018691,0.4797507788161994,0.0,2090.878363023296,94.7621825597838,495.954505706576,97.7706975119242,0.8910947169375687,0.0892707848658593,8213.348595234893,1300.3201360595515,372.056438568168,75.80274310090525,0.3435489196090379,0.0767250357998655,0.1359306311606712,0.0491902239626568,0.6010848746687836,0.0564512345945658,23.22719140856247,0.6541877004527235,0.5708662066728039,2,-5.338511747410987,0.2103809310649899,2
aleks,t,52,49.94230769230769,15.571913522131464,0.2692307692307692,0.0769230769230769,58.90384615384615,131.21153846153845,-72.3076923076923,3.1153846153846154,0.173076923076923,0.0,0.0,0.0,0.0,0.0714285714285714,0.1875,0.1,0.0384615384615384,0.6428571428571429,0.0,2.076923076923077,0.4230769230769231,0.5961538461538461,0.5769230769230769,0.4423076923076923,0.0384615384615384,2134.9070437255123,233.1993660396704,463.62464262468296,86.75936820614233,0.9748139196535736,0.1182734408007074,7207.398105340854,1173.3914245954245,352.3829893799838,102.66041653530594,0.388269953892726,0.0875138622796216,0.188643345997092,0.06855319819773,0.6176919420251404,0.0258554038890464,29.46679081863011,0.3182767428418445,0.3362645463019306,0,2.1989177691575224,-7.326745050276517,0
aleksib,t,282,53.01418439716312,20.45837316630817,0.4148936170212766,0.3085106382978723,64.78014184397163,98.65957446808513,-33.87943262411348,4.783687943262412,0.226950354609929,0.0531914893617021,0.0,0.0,0.0,0.094017094017094,0.1333333333333333,0.2972972972972973,0.0921985815602836,0.6923076923076923,0.0,3.1382978723404253,0.351063829787234,1.0,1.0886524822695036,0.6808510638297872,0.0177304964539007,2078.031301974008,121.93699749923208,529.7501528502128,95.69044223829164,0.9249428104830394,0.0886362768318601,9594.294000708667,1652.6876501131785,407.8809549039938,70.80733533929765,0.3511909217176204,0.0631843530789262,0.1696246488117287,0.0628465031997867,0.5495719915974115,0.0530299440995524,18.994373975279974,0.6247318489854907,0.4570765941083354,5,-2.413138225684539,-0.7304108935198874,5
alex,t,138,65.89855072463769,20.95683556924232,0.5942028985507246,0.2318840579710145,78.89855072463769,108.55072463768116,-29.65217391304348,5.579710144927536,0.2101449275362318,0.036231884057971,0.3780487804878049,0.2547169811320754,0.4202898550724637,0.0975609756097561,0.1037735849056603,0.4210526315789473,0.1304347826086956,0.7682926829268293,0.0121951219512195,2.710144927536232,0.3405797101449275,0.6811594202898551,1.0579710144927537,0.6304347826086957,0.0,2041.6511520647173,143.3518701325114,478.387546374936,86.31917716739439,0.926314716736233,0.0649493057573265,9167.323470778552,1448.104064631413,337.10413728293844,83.19944310972376,0.3929869611810065,0.0902876716466033,0.1727620675869659,0.0531037780091858,0.5589974228098149,0.0548523985699027,18.54704058093522,0.5253956622431613,0.3932351499005386,5,-1.6837797939985053,-0.3918106434300881,5
alex666,t,438,62.25799086757991,21.693411564483267,0.54337899543379,0.2465753424657534,80.01141552511416,105.17123287671232,-25.15981735159817,3.410958904109589,0.2009132420091324,0.0273972602739726,0.2941176470588235,0.206060606060606,0.3150684931506849,0.1302521008403361,0.1484848484848485,0.3875,0.1278538812785388,0.7857142857142857,0.0042016806722689,2.490867579908676,0.2968036529680365,0.7191780821917808,0.9155251141552512,0.5593607305936074,0.0,2112.3681581315186,112.35817335672,567.5566646144792,82.515743906658,1.01836226130191,0.1110542538675951,8814.158751077384,1490.3632768179473,429.1573579936626,90.96179461936492,0.3262964825807971,0.0555447418890913,0.1575648755163957,0.049799194663697,0.5666902409767316,0.0565129862539441,18.328683267962138,0.5195261567227032,0.4307007857897771,5,-1.4129419558414071,0.2191657608850415,5
alistair,t,56,60.285714285714285,29.614009916479283,0.4285714285714285,0.1785714285714285,77.58928571428571,114.14285714285714,-36.55357142857143,4.107142857142857,0.3392857142857143,0.1071428571428571,0.0,0.0,0.0,0.1666666666666666,0.1956521739130435,0.3076923076923077,0.1071428571428571,0.2083333333333333,0.5416666666666666,2.767857142857143,0.0892857142857142,1.4642857142857142,0.7678571428571429,0.4464285714285714,0.0,2193.6457344832784,109.33841586267914,550.6383848064731,139.1879248640085,1.0107673702888946,0.0651559302571055,8299.90811802624,585.3362026864334,425.6869301814973,93.2152660822304,0.3162770580480813,0.0406149927528966,0.163174895210839,0.025926570252532,0.6172846243670754,0.0312103883096644,16.244657241348268,0.508160284752754,0.4616991693430186,2,-4.55964943567093,-2.636958954876122,2
apex,t,286,66.18531468531468,19.44681333822321,0.5454545454545454,0.2482517482517482,84.81468531468532,110.2972027972028,-25.482517482517483,4.398601398601398,0.2727272727272727,0.0804195804195804,0.0,0.0,0.0,0.2051282051282051,0.2232558139534883,0.4,0.1363636363636363,0.7435897435897436,0.0128205128205128,2.5524475524475525,0.1678321678321678,1.2482517482517483,0.5979020979020979,0.5314685314685315,0.0069930069930069,2061.78368047714,156.31661755213102,599.88319401471,94.78774915385652,0.9944630311886036,0.1123002954704014,9158.75147193562,1649.9925759815894,454.133128750438,79.66213050620466,0.3518154585778764,0.0822543742890455,0.2033408467096076,0.0555003439273088,0.5837990446745445,0.0534216307285389,17.071909216816586,0.4830428964533142,0.38656684922337,5,-0.6567621799653204,-0.0101934542214718,5
art,t,436,64.02981651376147,28.79854181009313,0.5,0.2201834862385321,78.5045871559633,112.13073394495412,-33.62614678899082,4.88302752293578,0.2844036697247706,0.0481651376146789,0.0,0.0,0.0,0.2385321100917431,0.188235294117647,0.4482758620689655,0.0871559633027523,0.7201834862385321,0.018348623853211,2.532110091743119,0.2935779816513761,0.9151376146788992,0.7752293577981652,0.5389908256880734,0.0091743119266055,2034.8616370944333,144.97881244986274,527.6333821860217,111.22183041884196,0.9826622749798124,0.1097078396609242,8713.014221779864,1441.0846913438872,382.75527342084695,100.04409960684715,0.4165553536701377,0.1004904873785368,0.2256934991258861,0.0771633417447685,0.5894626136752837,0.062842657718391,14.868588861392466,0.635669583690081,0.425734534833466,1,1.055798052150276,-0.9600225693824048,1
asap,t,56,77.625,16.564939547798602,0.6607142857142857,0.2142857142857142,99.5,115.41071428571428,-15.910714285714286,4.982142857142857,0.3392857142857143,0.0535714285714285,0.4054054054054054,0.3636363636363636,0.5535714285714286,0.1891891891891892,0.2045454545454545,0.4375,0.1428571428571428,0.5945945945945946,0.027027027027027,1.4642857142857142,0.1071428571428571,0.4107142857142857,0.5178571428571429,0.3928571428571428,0.0357142857142857,2094.0991523980474,136.52021439590595,559.7280158648076,159.64937773846762,1.0160539755754907,0.0821369875750302,7749.444890578356,1666.4092297322345,382.7756218040869,131.27641538725047,0.443793814070411,0.0633433178456286,0.2555585950265926,0.0352847269595104,0.6146594236507598,0.0518501672556701,20.412414523193146,0.5764888333697366,0.5088742392801213,3,1.1937733298468391,0.2440037821631409,3
aw,t,220,71.41818181818182,21.18589056099008,0.6227272727272727,0.2363636363636363,93.25909090909092,108.14090909090908,-14.88181818181818,3.959090909090909,0.1818181818181818,0.0272727272727272,0.0,0.0,0.0,0.0948905109489051,0.1785714285714285,0.3023255813953488,0.1727272727272727,0.781021897810219,0.0072992700729927,2.713636363636364,0.3090909090909091,0.8318181818181818,0.8181818181818182,0.7545454545454545,0.0,2057.11094476749,122.5678523515346,579.3564187893613,81.83954681796158,0.9206132409333372,0.1218726931655211,9522.442488832148,1708.069027389958,436.54177787605175,52.25332334574183,0.3327330945593878,0.0683972939257193,0.1877121391274925,0.0729543607416428,0.5857589359928915,0.0652378060036989,20.59399558903001,0.7077073957763532,0.5196063084963134,5,-0.3434332256315594,1.3490321346040215,5
azuwu,t,321,65.02803738317758,25.93576875752657,0.5794392523364486,0.2647975077881619,82.42679127725857,105.65420560747664,-23.227414330218068,4.623052959501558,0.1619937694704049,0.0186915887850467,0.0,0.0,0.0,0.2204301075268817,0.2415254237288135,0.4183673469387755,0.1308411214953271,0.7419354838709677,0.021505376344086,1.806853582554517,0.2367601246105919,0.4859813084112149,0.5389408099688473,0.5389408099688473,0.0062305295950155,1972.63263826968,133.57613399760504,558.6040168391894,115.53216251885118,0.9681315383576076,0.0964744713258202,7938.8074295163315,1296.3859056239517,394.058296702617,97.34602375304662,0.4367641828308804,0.1058773873595875,0.2326008586996663,0.0584916816670464,0.608156206858938,0.0549405240220431,20.38723395767437,0.5686408371460057,0.5011236205608164,1,2.542136614394551,-0.5765247302552449,1
b1t,t,284,80.10211267605634,32.336371595238894,0.7077464788732394,0.3204225352112676,101.72535211267606,96.20774647887325,5.517605633802817,3.559859154929577,0.2147887323943662,0.0352112676056338,0.2935323383084577,0.2797927461139896,0.397887323943662,0.1194029850746268,0.1243523316062176,0.5,0.1549295774647887,0.8059701492537313,0.0,1.97887323943662,0.2429577464788732,0.6619718309859155,0.6232394366197183,0.4366197183098591,0.0140845070422535,2137.6601888572072,162.8637723496141,671.5210884946689,136.7135178801703,1.1182952395686985,0.1491064113554731,9650.297445720858,1925.8616260754263,483.02875510720486,124.78868949571776,0.327903971190335,0.0748843258798913,0.2080523329655744,0.0640168901885624,0.5299265257316944,0.0818484278222018,15.553845825244183,0.6599235760158902,0.5471902220648488,4,-0.1980926934044609,5.459972657181512,4
bart4k,t,105,61.457142857142856,21.589413786195703,0.5142857142857142,0.2,73.85714285714286,112.34285714285714,-38.48571428571429,4.057142857142857,0.1142857142857142,0.0,0.0,0.0,0.0,0.1296296296296296,0.1428571428571428,0.3684210526315789,0.1047619047619047,0.7592592592592593,0.0,1.5333333333333334,0.1714285714285714,0.3809523809523809,0.5428571428571428,0.4285714285714285,0.0095238095238095,2002.5242859237007,89.38133442053994,592.8301165853532,123.40327190301308,1.0327006081878605,0.144582010422407,8159.40128302454,1424.8735544019185,419.050505702901,107.19878916321852,0.4376836682262564,0.0790203605625664,0.198911206632593,0.0601125679441954,0.6075505364790871,0.0556528322937942,15.869217807376588,0.5351554065611199,0.4579378024515472,1,2.6432818300188323,-1.6758485180982865,1
beastik,t,130,66.1923076923077,35.973514798972865,0.5846153846153846,0.2538461538461538,83.14615384615385,110.23846153846154,-27.09230769230769,2.5615384615384613,0.2076923076923077,0.0461538461538461,0.1578947368421052,0.2371134020618556,0.2692307692307692,0.1052631578947368,0.1958762886597938,0.2962962962962963,0.1384615384615384,0.631578947368421,0.0,2.4615384615384617,0.1307692307692307,0.9923076923076924,0.8615384615384616,0.4692307692307692,0.0076923076923076,2102.9824941621005,144.36022117364635,583.1978636171469,125.87886995272302,1.0264007867937022,0.1034486682904081,7707.717843944639,1522.15189548923,441.23873038776577,118.99190782898324,0.3580515434820688,0.062651545498843,0.1915418085696197,0.0496293275941827,0.5952751336769166,0.0420656599752157,19.92391691270277,0.7489946006867627,0.5540572971383412,5,-0.5343407499859059,0.1322096284751973,5
belchonokk,t,266,54.43609022556391,25.409571430571912,0.4849624060150376,0.2330827067669172,69.92105263157895,105.23684210526316,-35.31578947368421,5.409774436090226,0.1541353383458646,0.0526315789473684,0.0,0.0,0.0,0.1007751937984496,0.088235294117647,0.4193548387096774,0.0977443609022556,0.7054263565891473,0.0155038759689922,1.8834586466165413,0.1842105263157894,0.650375939849624,0.5977443609022557,0.4511278195488721,0.0,2123.0783739283243,119.0429914470494,587.8285782427192,118.49071480689446,1.021638364964888,0.1508994734151107,9140.885432992463,1640.3433555702345,393.5784889512824,122.55568936523068,0.3660887409399547,0.0856403591334262,0.1713183830484329,0.0729554152006564,0.583846397244877,0.0561671143837858,17.096031174953918,0.5071381638028971,0.3913388646548721,5,-0.0014514069003399,-0.5545496309758308,5
biguzera,t,270,54.71851851851852,25.3139447360727,0.4703703703703704,0.2444444444444444,69.84074074074074,107.27777777777776,-37.43703703703704,3.925925925925926,0.1444444444444444,0.0037037037037037,0.3070866141732283,0.2450980392156862,0.3296296296296296,0.1338582677165354,0.142156862745098,0.3695652173913043,0.0888888888888888,0.6377952755905512,0.0,2.5407407407407407,0.2925925925925925,0.8185185185185185,0.8851851851851852,0.5370370370370371,0.0074074074074074,2010.1164546663783,137.89642721602962,521.129878752265,93.22486244434202,0.9631977126280434,0.081253315890775,9095.40589371793,1763.5737641432677,365.540742190443,58.79323432383129,0.4032972667573062,0.103402297470815,0.2032455266858774,0.0435681243666861,0.5605525247858675,0.0601979088624827,18.683933926697392,0.5758309692256981,0.4501992153918603,5,-0.6931231328620228,-1.276996233725619,5
blamef,t,173,70.11560693641619,22.36345753944681,0.6127167630057804,0.2716763005780346,89.75722543352602,102.05780346820808,-12.30057803468208,6.815028901734104,0.2080924855491329,0.0173410404624277,0.0,0.0,0.0,0.1226415094339622,0.0873015873015873,0.5416666666666666,0.1329479768786127,0.7641509433962265,0.0,2.254335260115607,0.4624277456647399,0.5086705202312138,0.7803468208092486,0.5028901734104047,0.0,2151.985259997557,148.92377746620292,552.1550063204361,106.2650831601406,1.031297950610755,0.0923135053021762,8795.549353083477,1581.4385578086608,425.8062724142542,92.4788252675319,0.3518870240011055,0.1002783672291029,0.2009396486609178,0.0822914528907655,0.5451183738284614,0.0523725918007708,17.75787729590862,0.491882232049239,0.4444876375185265,4,0.0773487853037607,1.8375388230497287,4
blitz,t,428,71.16822429906541,20.625197592146936,0.5700934579439252,0.2663551401869158,87.3714953271028,103.10514018691588,-15.733644859813085,8.738317757009346,0.2873831775700934,0.0537383177570093,0.0,0.0,0.0,0.1475409836065573,0.1815286624203821,0.3870967741935484,0.1355140186915887,0.7377049180327869,0.0245901639344262,2.9509345794392523,0.3995327102803738,1.0537383177570094,0.8504672897196262,0.6308411214953271,0.0163551401869158,2048.7832125385794,128.21411619856812,569.4518788377998,99.55311402912852,1.0159078358376643,0.1143078646935838,9295.74228679158,1412.0213126690487,423.1406480623946,106.60991466372484,0.3709819927661133,0.0777477960527761,0.1966376096670284,0.0640120314733709,0.551751535948454,0.0490960255173019,16.00737706889705,0.5697714757408457,0.4014661599182251,5,-0.4274612316787241,1.273108192104994,5
boombl4,t,367,59.85558583106267,23.49224616154094,0.4768392370572207,0.2370572207084468,71.15531335149863,110.29972752043597,-39.14441416893733,4.741144414168938,0.2125340599455041,0.0245231607629427,0.0,0.0,0.0,0.1257142857142857,0.2,0.282051282051282,0.108991825613079,0.7371428571428571,0.0171428571428571,2.713896457765668,0.3405994550408719,0.7547683923705722,0.885558583106267,0.7329700272479565,0.0,2018.88078338666,115.58650293693438,519.0009877924834,105.16938926784884,0.969492161176392,0.0766143291691698,8991.048404344838,1759.7941064215076,398.7611058128679,76.09731706810598,0.4064254422161572,0.0853187068901908,0.2043183135666516,0.0621017619171425,0.5489574517462166,0.0631381401756548,16.13457698600062,0.5251603457458359,0.4403194820712643,5,0.3651258485550108,-1.0708331010209546,5
br0,t,151,71.45033112582782,17.079236682416152,0.5960264900662252,0.2185430463576159,89.35099337748345,104.60264900662251,-15.251655629139073,7.463576158940397,0.1854304635761589,0.0198675496688741,0.2555555555555555,0.2288135593220339,0.3311258278145695,0.2333333333333333,0.1694915254237288,0.5121951219512195,0.1390728476821192,0.8333333333333334,0.0111111111111111,2.1456953642384105,0.4503311258278146,0.6622516556291391,0.3443708609271523,0.6754966887417219,0.0132450331125827,2025.7863227833743,143.80824555631352,553.3120158702026,118.81115995820224,0.9948539485001124,0.1127719677739896,8447.54595728448,1190.4572375708424,426.0371014659551,112.94390519759264,0.4135688847213546,0.1203440710698303,0.2278062633722189,0.0461245170090833,0.5924853775694209,0.0397436126097679,12.219142733799034,0.4834960832319587,0.3715108586025806,3,1.9551715643361764,0.7061613083842005,3
brnz4n,t,210,56.7047619047619,24.92240987670204,0.4809523809523809,0.2142857142857142,71.22857142857143,112.57619047619048,-41.34761904761905,3.223809523809524,0.1523809523809524,0.0047619047619047,0.4257425742574257,0.2545454545454545,0.4047619047619047,0.1089108910891089,0.1939393939393939,0.2558139534883721,0.1095238095238095,0.7227722772277227,0.0,1.980952380952381,0.3047619047619048,0.580952380952381,0.6761904761904762,0.4142857142857143,0.0047619047619047,2094.9258105369645,176.75963957269423,565.4146573203188,155.67340138399106,1.0599732514785596,0.1792917340752363,7110.787467489947,1644.968015070005,363.0424085632862,145.8504729257325,0.4133758921222306,0.1044078576692669,0.1785845368509569,0.0510074512022125,0.6216812554574418,0.0802283036362517,20.405607909368204,0.6385386514952539,0.5396634403241024,3,2.4098089509311515,-1.3837505116600324,3
broky,t,57,45.87719298245614,17.348734303302873,0.4736842105263157,0.2982456140350877,65.7719298245614,99.96491228070175,-34.19298245614035,1.1754385964912282,0.1578947368421052,0.1052631578947368,0.4814814814814814,0.275,0.4210526315789473,0.1481481481481481,0.125,0.4444444444444444,0.1228070175438596,0.5555555555555556,0.2592592592592592,2.0350877192982457,0.0350877192982456,1.105263157894737,0.4210526315789473,0.4736842105263157,0.0,2068.4072426108964,103.6787134135298,466.2737549177827,83.03715561107035,0.8904474003467004,0.1220918190144313,8709.51149361697,1229.4644737019826,320.9391746717966,91.90652021410392,0.3465156645984671,0.0953278904303459,0.1228556892839964,0.044374070263823,0.5842477638407236,0.0701132470748147,18.61896417163309,0.5112017487168412,0.4541668888219597,2,-4.19885667610798,-1.676467487076886,2
brollan,t,112,63.375,25.78727768394723,0.5089285714285714,0.1696428571428571,77.26785714285714,114.85714285714286,-37.58928571428572,2.794642857142857,0.1964285714285714,0.0178571428571428,0.0,0.0,0.0,0.175438596491228,0.2795698924731182,0.2777777777777778,0.1428571428571428,0.6491228070175439,0.0,1.5446428571428572,0.1875,0.4375,0.375,0.5446428571428571,0.0,1975.93039902491,127.4976970423763,491.0790741867247,107.1671067286308,0.9675289305417196,0.1199705473226578,7789.73091821636,908.9349752578148,359.3127240988254,92.3039257137084,0.4855251408295354,0.1018154007058983,0.2855881747591651,0.0977200600955076,0.6179712208771911,0.0511786190081716,16.79994785299192,0.5234200769201321,0.3994318636503366,0,4.063806311994555,-2.9122237222991605,0
bymas,t,321,61.8006230529595,36.732872882508005,0.5264797507788161,0.2585669781931464,76.52959501557632,103.89408099688474,-27.36448598130841,2.4953271028037385,0.1931464174454828,0.0155763239875389,0.0,0.0,0.0,0.136094674556213,0.1218487394957983,0.4423076923076923,0.1183800623052959,0.8284023668639053,0.0118343195266272,1.691588785046729,0.1433021806853582,0.5358255451713395,0.6105919003115264,0.4018691588785046,0.0,2046.5405600779568,115.21586744696044,563.6284117551344,137.22442236770695,0.970005451298808,0.0811855676884632,7933.088719302103,1274.4143476431047,380.3881661798986,104.9817199025405,0.4049391461882121,0.0984112746020804,0.1960131287218176,0.0585442778308482,0.5939578610804576,0.0471218004878659,20.931586423379493,0.8602666536608715,0.6471731968594543,1,0.967638141878609,-0.1132458333519437,1
c4llm3su3,t,144,66.79166666666667,14.45864079191416,0.6180555555555556,0.2986111111111111,84.89583333333333,100.56944444444444,-15.67361111111111,2.701388888888889,0.2013888888888889,0.0138888888888888,0.0,0.0,0.0,0.1011235955056179,0.1386138613861386,0.391304347826087,0.1527777777777778,0.7865168539325843,0.0224719101123595,1.8125,0.1805555555555555,0.5833333333333334,0.6597222222222222,0.3888888888888889,0.0,2118.825669879541,126.05865803182188,580.6165297530365,117.57705935037502,1.0458400370813186,0.1110174341826867,8564.22563690863,1831.3960410020848,394.904401705758,100.3220272774834,0.3868914658871865,0.1035688796209632,0.2170995601000672,0.0567867059620263,0.5813606902342224,0.0756868232670963,15.753605313484597,0.382077153387939,0.317435548650151,4,0.2450283566122273,0.6607735740059947,4
cairne,t,40,74.725,36.06253410037543,0.6,0.2,90.625,117.075,-26.45,5.175,0.275,0.025,0.25,0.21875,0.325,0.25,0.125,0.6,0.125,0.7083333333333334,0.0,1.675,0.4,0.5,0.5,0.275,0.0,2017.092426468102,91.9236967728903,570.6122529567389,126.25797925124374,1.0187382448340103,0.2213108877092054,8308.589178663542,824.0540413385926,388.7829200503194,105.40799850685131,0.4511113233550287,0.1145013107402225,0.2634189193642773,0.0657291127534115,0.5969799169945478,0.0387574064917744,23.935677693908453,0.6211950847626962,0.5555517792294098,3,3.2524571158475792,0.6970068251846733,3
chr1zn,t,155,51.81290322580645,25.21077424471085,0.4903225806451612,0.1870967741935484,66.33548387096774,113.27741935483871,-46.94193548387097,2.793548387096774,0.1548387096774193,0.0258064516129032,0.0,0.0,0.0,0.1052631578947368,0.3333333333333333,0.16,0.1161290322580645,0.5921052631578947,0.0,2.606451612903226,0.1870967741935484,0.7225806451612903,0.967741935483871,0.7225806451612903,0.0064516129032258,2026.14293068027,113.3754023323571,526.8504060912584,119.84094663196169,0.9830920562738132,0.1204571293721518,8294.524476568653,1079.7582208248348,403.6392799288104,104.3931341066335,0.4154459360999571,0.0787361699182082,0.2130368651175488,0.1001875618948294,0.6042504597659514,0.0491671451595303,12.81692714158016,0.5998233566361151,0.4000993970419852,0,1.8331483401531103,-3.0414769347922177,0
cmtry,t,265,52.943396226415096,22.616198630906784,0.5018867924528302,0.3283018867924528,69.51698113207547,92.2377358490566,-22.720754716981133,2.3245283018867924,0.2226415094339622,0.1094339622641509,0.3308270676691729,0.2134831460674157,0.3094339622641509,0.0977443609022556,0.1067415730337078,0.40625,0.0981132075471698,0.4060150375939849,0.3233082706766917,2.8566037735849057,0.0490566037735849,1.2867924528301886,1.0226415094339625,0.4981132075471698,0.0,2177.82617090617,137.16766555220553,510.4070389431197,96.21575029638426,0.9387854793844376,0.0817681937806614,8514.549380021977,1429.40894839896,368.8515323447347,61.56855347422662,0.3274108962937294,0.0841663254814511,0.1450448857056006,0.0489252452017184,0.5802439985677388,0.0458741232064214,17.532350653167345,0.6010677125341406,0.4532146885903565,2,-6.1647406211180265,-0.8841290342703348,2
cobrazera,t,428,66.01869158878505,20.21054435219379,0.5957943925233645,0.2336448598130841,86.74766355140187,111.25233644859811,-24.50467289719626,4.149532710280374,0.1635514018691588,0.0023364485981308,0.3098039215686274,0.2652439024390244,0.3878504672897196,0.1137254901960784,0.1951219512195122,0.3118279569892473,0.1448598130841121,0.7372549019607844,0.0313725490196078,1.6565420560747663,0.2827102803738318,0.3551401869158878,0.5654205607476636,0.4532710280373832,0.0,1992.6493991600569,99.90519331983975,497.03742721490215,126.4022343543192,0.9168265694704288,0.1379110241537533,8504.886790071987,1251.5050355669412,379.3465055882567,102.43503402110278,0.4097709975439746,0.0909661342745763,0.218246984268731,0.066553767482735,0.5861221497016239,0.0491824090021288,13.344650318507888,0.4492506025688705,0.3758110420242811,3,1.4676851539217963,-0.6750802123920626,3
controlez,t,105,53.05714285714286,19.624507206267864,0.4095238095238095,0.1428571428571428,64.78095238095239,117.98095238095236,-53.2,2.323809523809524,0.1714285714285714,0.0,0.1627906976744186,0.2333333333333333,0.2666666666666666,0.2093023255813953,0.2333333333333333,0.3,0.0857142857142857,0.813953488372093,0.0,1.2476190476190476,0.1238095238095238,0.3523809523809524,0.419047619047619,0.3523809523809524,0.0,1969.849932297984,100.39658707754684,549.1633225623814,117.18568891272794,0.9741681240191696,0.0922608195903024,7115.640281594355,1195.954995983375,419.00493490998576,80.43035078459069,0.4527875709620031,0.1309392302221571,0.2223454246336889,0.0362149465325629,0.664024413217595,0.0436622262778222,12.3054384870438,0.3899020612624389,0.330302939595556,0,3.208994502106054,-5.020572079714516,0
corn,t,52,29.90384615384616,17.791575923658836,0.2307692307692307,0.0576923076923076,33.40384615384615,121.6923076923077,-88.28846153846153,3.3653846153846154,0.1346153846153846,0.0384615384615384,0.5833333333333334,0.2040816326530612,0.3269230769230769,0.1666666666666666,0.1224489795918367,0.25,0.0384615384615384,0.4166666666666667,0.0,1.3846153846153846,0.2115384615384615,0.2692307692307692,0.6923076923076923,0.2115384615384615,0.0,2121.0771626519954,235.0985467342687,428.4026653791125,59.413417391599175,0.9265866576627224,0.0722043806003259,6827.819543552889,1401.4695393768452,279.76520336775025,52.52055585234903,0.3906649691949663,0.0796518173069341,0.1603054487192207,0.0953405966479572,0.6152442395350624,0.0627652992603071,24.054297359647908,0.3910064470909228,0.2855384286003991,0,0.1681594244956323,-8.791842713694965,0
crepow,t,52,51.82692307692308,37.181673602083215,0.4230769230769231,0.0384615384615384,59.44230769230769,124.28846153846152,-64.84615384615384,3.6538461538461537,0.1346153846153846,0.0,0.0,0.0,0.0,0.2272727272727272,0.22,0.3125,0.0769230769230769,0.5909090909090909,0.0,1.6923076923076923,0.4615384615384615,0.3653846153846153,0.4615384615384615,0.3269230769230769,0.0769230769230769,2020.9604605024272,318.12211195889233,538.7541538913871,122.8840327335384,1.12543714862732,0.0951828536164062,5954.997115976647,1224.9988658205018,375.6785364558045,106.91829093984543,0.4951305420984489,0.1385248372195118,0.2954564791458749,0.0898239670747326,0.6684352207344744,0.0826074240258198,15.95415768357234,0.7682333187077927,0.5466938697954062,0,6.945626508740543,-4.940059868090604,0
d1ledez,t,230,73.33478260869565,29.220412501410912,0.6869565217391305,0.2565217391304348,98.46521739130436,105.00434782608696,-6.539130434782609,2.6043478260869564,0.1521739130434782,0.008695652173913,0.0,0.0,0.0,0.0949367088607595,0.1578947368421052,0.3571428571428571,0.1608695652173913,0.7658227848101266,0.0063291139240506,2.0608695652173914,0.2217391304347826,0.5869565217391305,0.8260869565217391,0.4260869565217391,0.0,2016.9876163926588,100.38689454945047,487.6361050228612,118.10534636658689,0.923161686784098,0.1156106214213967,7861.821718897383,988.833187913472,338.5743586076325,81.48455407136724,0.4126743307585888,0.0775309833213817,0.176006858033637,0.0517962541041189,0.5850991010490422,0.052001669890458,16.826656589709362,0.7906008037531594,0.5333983297646145,1,0.1099070953283312,0.5100782232638272,1
daps,t,31,50.935483870967744,20.08540791497925,0.3548387096774194,0.1290322580645161,59.41935483870968,129.5483870967742,-70.12903225806451,3.3548387096774195,0.1935483870967742,0.032258064516129,0.0,0.1851851851851851,0.1612903225806451,0.3636363636363636,0.1111111111111111,0.5714285714285714,0.032258064516129,0.4545454545454545,0.0,1.935483870967742,0.3225806451612903,0.6451612903225806,0.3870967741935484,0.5806451612903226,0.0,2036.171396593928,40.82534203389893,735.6334856052895,240.92277034030084,1.170971327840915,0.0995808175185669,8006.931776191892,631.1272495901285,625.1733529156797,232.4662361838461,0.4083873665372036,0.1140741412173416,0.2227053645847212,0.0879784695554295,0.5969659184554124,0.0226333436095964,4.507070115714502,0.097154892461737,0.10306016378743,0,4.217041358972672,-3.1294577335197395,0
dav1g,t,138,63.95652173913044,33.29079038177895,0.4855072463768116,0.2391304347826087,75.60144927536231,110.96376811594205,-35.36231884057971,2.789855072463768,0.2246376811594203,0.0072463768115942,0.2985074626865671,0.2,0.2971014492753623,0.2835820895522388,0.238095238095238,0.4318181818181818,0.0869565217391304,0.7014925373134329,0.0,1.934782608695652,0.1884057971014492,0.5579710144927537,0.7463768115942029,0.4347826086956521,0.0072463768115942,2037.1252298492168,132.9453900629252,540.0723297406548,91.74054444859202,1.0071858788291037,0.1335727758182107,8592.787715961224,1719.6511947851166,411.1983769843901,117.49187958447504,0.4331942644715448,0.0811159835398289,0.188663914485268,0.055131162822982,0.5928315867822516,0.0702645823324125,10.402138030950644,0.7720438069440756,0.5155541886393572,3,1.4479159690669916,-0.634305086932427,3
dem0n,t,265,77.95094339622642,23.68967557429139,0.7245283018867924,0.2943396226415094,103.4679245283019,101.09433962264151,2.373584905660377,4.181132075471698,0.1698113207547169,0.0188679245283018,0.3489583333333333,0.2299465240641711,0.4150943396226415,0.1302083333333333,0.160427807486631,0.4545454545454545,0.2113207547169811,0.8072916666666666,0.0,1.818867924528302,0.3169811320754717,0.4075471698113208,0.5735849056603773,0.5132075471698113,0.0075471698113207,2061.3226522714845,118.30756615356398,519.1696668967234,123.12559861359128,0.9441334371695992,0.1074648591819173,8315.829737177704,1470.49226404817,353.98350393413403,105.41650663433389,0.4142734382098463,0.0861331126020348,0.2365610543200002,0.0678215596556897,0.5679553871759488,0.056321152266534,18.992706750561087,0.6796908682815842,0.541408533322374,3,0.9018844285578376,2.778416788996554,3
dexter,t,56,73.08928571428571,30.46175311399161,0.625,0.1607142857142857,89.71428571428571,112.07142857142856,-22.357142857142858,8.053571428571429,0.1964285714285714,0.0535714285714285,0.4285714285714285,0.2765957446808511,0.5,0.0571428571428571,0.1063829787234042,0.2857142857142857,0.1071428571428571,0.6571428571428571,0.0285714285714285,2.321428571428572,0.375,0.8035714285714286,0.6785714285714286,0.4285714285714285,0.0357142857142857,2117.070751146246,142.450083935983,477.3648962792987,136.07662670740845,0.9114896858114916,0.1403009151642905,7638.875580109153,722.390919195893,370.0548920350872,156.738393136488,0.3721243231494165,0.0556324360218861,0.2188218848123679,0.074332725859982,0.6256522430790571,0.0200186007580345,12.360330811826104,0.700457439820579,0.4654431651859692,3,0.1923323492265994,-1.066434862237588,0
dgt,t,346,78.67630057803468,29.53104926416932,0.6907514450867052,0.3208092485549133,97.81502890173412,97.78323699421964,0.0317919075144508,3.0953757225433525,0.1878612716763005,0.0086705202312138,0.2552301255230125,0.1914893617021276,0.3063583815028902,0.1422594142259414,0.1191489361702127,0.5483870967741935,0.176300578034682,0.7824267782426778,0.0,1.569364161849711,0.3786127167630058,0.2861271676300578,0.407514450867052,0.4971098265895953,0.0,2090.3638315373905,173.3032440591379,654.0061622821073,147.2314451864979,1.1596579805829932,0.1109052543389355,8887.490362905139,1814.2997363681773,521.455232026315,133.32680369628892,0.3830381683905194,0.0919519041398988,0.2270422587464872,0.0636886633256491,0.5403659284295194,0.0682337820671809,21.00009285128701,0.6820118914736227,0.5004543288707014,4,1.9904955136118685,4.903576722948501,4
doc,t,59,62.86440677966102,16.50349631589965,0.5254237288135594,0.2203389830508474,85.1864406779661,108.67796610169492,-23.491525423728813,1.6779661016949152,0.2033898305084746,0.0169491525423728,0.2903225806451613,0.217391304347826,0.3220338983050847,0.2580645161290322,0.2826086956521739,0.3809523809523809,0.1186440677966101,0.6774193548387096,0.032258064516129,1.6610169491525424,0.2711864406779661,0.5423728813559322,0.4915254237288136,0.3559322033898305,0.0,1965.1066814044016,121.3784747633136,521.4942238954852,118.10853039946068,1.074619465905083,0.1918823608020957,7396.310016518111,975.9519055176428,398.6203986482726,136.15703520594056,0.438655646088142,0.0923578537258534,0.2406290360711705,0.0700841167076229,0.6197372638001482,0.0405105821237991,24.673022411013985,0.5672802847690048,0.4886345101978468,3,3.358876826423149,-1.4411863184047928,3
donk,t,367,93.04904632152588,29.7935117500798,0.8746594005449592,0.2833787465940054,121.74114441416894,107.03814713896458,14.70299727520436,4.801089918256131,0.2615803814713896,0.0136239782016348,0.2834890965732087,0.3231939163498099,0.4795640326975476,0.2118380062305296,0.1863117870722433,0.5811965811965812,0.2397820163487738,0.838006230529595,0.0062305295950155,2.002724795640327,0.3732970027247956,0.5068119891008175,0.5122615803814714,0.6103542234332425,0.0,1990.037208186772,126.78496439689016,543.1284160630861,87.99261224046009,0.899650172930503,0.0950238943938324,9581.429360320948,1727.1531090244189,349.72230969890256,66.7960595998791,0.380607159276403,0.0733887499596709,0.2021455021214573,0.0544828771601441,0.5632405144071879,0.0684109962350878,16.64144396865796,0.7961675695427364,0.5610592762022302,3,0.1920747356232123,5.176580369894449,3
dumau,t,436,77.51834862385321,25.3330278577165,0.7522935779816514,0.2545871559633027,99.96788990825688,107.88761467889908,-7.919724770642202,5.3807339449541285,0.2087155963302752,0.018348623853211,0.2835365853658536,0.283076923076923,0.4243119266055046,0.1798780487804878,0.2061538461538461,0.4682539682539682,0.1903669724770642,0.8292682926829268,0.0,2.3577981651376145,0.3646788990825688,0.7706422018348624,0.5825688073394495,0.6284403669724771,0.0114678899082568,2015.9336572721093,143.85508194816143,529.7707591847075,99.00345776880404,0.983376873362834,0.098034169576542,8263.090693650447,1358.4185699165532,369.25621650711327,83.06361817517053,0.42178092662944,0.099518815111269,0.2269545991230439,0.0706267841581084,0.6150139323470099,0.0595182906085032,16.87438559053959,0.677273628617517,0.4914433662839607,3,1.4963038133644502,1.7042430360591978,3
dziugss,t,265,75.83018867924528,32.92871189102038,0.720754716981132,0.2981132075471698,96.66415094339622,102.95471698113208,-6.290566037735849,3.7132075471698114,0.1849056603773584,0.0264150943396226,0.3036649214659686,0.2956989247311828,0.4264150943396226,0.1570680628272251,0.1290322580645161,0.5555555555555556,0.1962264150943396,0.7643979057591623,0.0052356020942408,1.913207547169812,0.4037735849056604,0.350943396226415,0.569811320754717,0.5886792452830188,0.0,2096.178847868085,167.92186408338264,610.9726604300646,151.6581549695324,1.0681507089783258,0.144584750335524,8178.745465452996,1159.011590324268,452.9384577998795,123.61757455455452,0.3946224728285573,0.0887623242833288,0.2214860454022272,0.082580965184551,0.5724587943824299,0.0420735752268833,14.191685964680593,0.6008068162610822,0.4186962133702744,4,1.7487048625361608,3.4854246579712096,4
electronic,t,83,59.44578313253012,21.642997596562253,0.4939759036144578,0.2289156626506024,74.34939759036145,109.3132530120482,-34.963855421686745,1.987951807228916,0.1927710843373494,0.0240963855421686,0.2195121951219512,0.1875,0.253012048192771,0.1219512195121951,0.125,0.3846153846153846,0.0602409638554216,0.7317073170731707,0.0,1.9156626506024097,0.3132530120481928,0.6746987951807228,0.4819277108433735,0.4457831325301205,0.0,2022.2618974508607,101.8229914183008,616.9352760703441,75.44790108419186,1.0559353558237046,0.0996767235784161,8852.586769286132,1766.7202713728022,440.09383291115296,85.97869384333957,0.4029804216796367,0.0643203422837612,0.2656508116490697,0.0667091271273566,0.5620495240391764,0.0494424324884423,21.36808771285497,0.3425857506617487,0.4355835431069872,5,1.0582290836383466,-1.0826591979250069,5
elige,t,231,67.77056277056278,27.04939707579092,0.5800865800865801,0.1948051948051948,87.15584415584415,115.96536796536796,-28.80952380952381,4.761904761904762,0.2077922077922078,0.0043290043290043,0.0,0.0,0.0,0.1716417910447761,0.1827956989247312,0.4035087719298245,0.1038961038961039,0.7089552238805971,0.0074626865671641,1.9134199134199128,0.3679653679653679,0.4632034632034632,0.5627705627705628,0.5194805194805194,0.0,2016.497935989104,113.05776342004836,522.6355258853087,89.6454493275175,0.9717565877275104,0.0963360803669885,8294.561878652416,1710.0735831689162,378.8011856231866,100.03114161726376,0.4048678971578097,0.0703482173823829,0.2284528509397852,0.0549266004689769,0.5836519402158057,0.0552269985769884,16.8419553341063,0.7242574162949722,0.5146078327668961,1,1.9805287297487213,-0.5339527897481705,1
emiliaqaq,t,144,56.93055555555556,24.674240743904488,0.5486111111111112,0.1875,75.36111111111111,108.18055555555556,-32.81944444444444,6.395833333333333,0.1805555555555555,0.0208333333333333,0.0,0.0,0.0,0.189873417721519,0.188034188034188,0.4054054054054054,0.1319444444444444,0.5949367088607594,0.0,1.8125,0.3263888888888889,0.4930555555555556,0.4375,0.5555555555555556,0.0,2113.0580618487284,111.18944329976492,574.4586153037932,129.03124933906932,1.0448096113667744,0.1321913070583722,7953.8842428308835,1145.0224160727523,416.3628382159562,130.50670333740825,0.3762124888302861,0.0662735751305445,0.2150079109203675,0.0352445594204652,0.6115185026734531,0.038471433858618,19.14165914916104,0.600979244932928,0.4335520462202253,1,1.8801495738587417,-0.7807256052989696,1
esenthial,t,438,56.853881278538815,18.54015769034253,0.5205479452054794,0.2579908675799087,75.32420091324201,104.05707762557076,-28.732876712328768,3.3995433789954337,0.1506849315068493,0.0114155251141552,0.3596491228070175,0.2276923076923077,0.3561643835616438,0.0964912280701754,0.1107692307692307,0.3793103448275862,0.1004566210045662,0.7894736842105263,0.0087719298245614,1.82648401826484,0.3538812785388128,0.3584474885844749,0.6050228310502284,0.5091324200913242,0.0,2100.8521716314226,107.30603389839936,612.8214485440434,126.9911983041952,1.0584376918273213,0.0893438309211741,8466.647672868736,1283.4363519143712,445.9008802545284,114.2947884478322,0.3693491968074525,0.0857921945695276,0.1984051818329195,0.0571424821778336,0.5712749521305018,0.0459551617938948,17.489355604372708,0.4736870233708114,0.3603770773838149,4,0.5301186077703025,-0.2673996724040792,4
ex3rcice,t,46,50.95652173913044,17.684482630993934,0.5,0.1304347826086956,70.15217391304348,121.2608695652174,-51.10869565217392,2.5869565217391304,0.1304347826086956,0.0,0.0,0.0,0.0,0.0434782608695652,0.325,0.0714285714285714,0.1521739130434782,0.7391304347826086,0.0,1.6521739130434785,0.3260869565217391,0.4565217391304347,0.391304347826087,0.4782608695652174,0.0,2027.85119733765,99.06234192301184,565.4618007102293,112.22261863583536,1.125770178905103,0.1113873267350815,7347.119703184616,1870.8638447229928,442.8638825282984,80.62200434201088,0.4014839579518947,0.0502611804682175,0.1435256470876626,0.0518672726321384,0.6349236686763576,0.0626053188143363,14.231876063832775,0.6396168775134065,0.4616107361793805,0,3.25707360957956,-3.1560533596891647,1
fallen,t,296,54.12162162162162,23.094039126244507,0.4898648648648648,0.277027027027027,69.67905405405405,101.89864864864865,-32.2195945945946,4.72972972972973,0.2635135135135135,0.0878378378378378,0.0,0.0,0.0,0.0896551724137931,0.1635514018691588,0.2708333333333333,0.1013513513513513,0.6827586206896552,0.0275862068965517,3.655405405405405,0.1621621621621621,1.5202702702702702,1.3310810810810811,0.6317567567567568,0.0101351351351351,2101.529708279818,149.0833789514548,504.7475779893579,96.21265311888946,0.8918493591578001,0.0594491526602229,10177.258206146464,2174.4190844449377,372.1548905668797,77.5610351560708,0.3557793226563636,0.0854650837411627,0.1476504403613839,0.0403696769885027,0.5453486188297156,0.0691423782015351,17.910419345053032,0.5590818376145632,0.4303150979813287,5,-4.462885921156521,-0.5131906224862205,5
fame,t,87,69.0,23.91657136530452,0.5977011494252874,0.1839080459770115,92.14942528735632,119.86206896551724,-27.71264367816092,4.597701149425287,0.1379310344827586,0.057471264367816,0.3269230769230769,0.1690140845070422,0.3333333333333333,0.0769230769230769,0.1267605633802817,0.3076923076923077,0.1264367816091954,0.7692307692307693,0.0,2.4827586206896552,0.367816091954023,0.7701149425287356,0.6666666666666666,0.6781609195402298,0.0,2082.0794452468745,77.76992302619855,637.6004817146235,136.2692244266235,1.143533735304984,0.0981966844139245,9177.909980057007,1012.086845026262,472.6732584174824,105.153047454643,0.3790151496844007,0.1117972289564478,0.2020672501455681,0.0485341725415805,0.5696677679187592,0.0362270541801072,13.67942535473508,0.554833891969551,0.3987890531967178,4,0.6392929612896,0.525954535009485,4
faven,t,173,62.75722543352601,23.094225845867484,0.5606936416184971,0.1791907514450867,81.9364161849711,109.77456647398844,-27.838150289017342,2.7341040462427744,0.1734104046242774,0.0057803468208092,0.0,0.0,0.0,0.1443298969072164,0.1408450704225352,0.4117647058823529,0.1271676300578034,0.7216494845360825,0.0,1.832369942196532,0.3410404624277456,0.3236994219653179,0.5606936416184971,0.6069364161849711,0.0,2100.6892434057054,142.29618491492622,557.1654656557711,130.68527309545485,1.0389213888544706,0.1349158007994995,8031.923717016655,1532.4058726828357,403.2403965312509,114.04017572375412,0.4108139011474172,0.0881150389806148,0.2227662939108013,0.0725737451999291,0.5793660217705087,0.0638851449288845,19.69037571312809,0.6280444949442264,0.4933986054411697,1,2.548048927418872,-0.0255814572979522,1
fer,t,42,56.333333333333336,21.558759068939764,0.4285714285714285,0.0952380952380952,68.57142857142857,108.83333333333331,-40.26190476190476,1.0238095238095235,0.1428571428571428,0.0,0.3333333333333333,0.2631578947368421,0.3809523809523809,0.1111111111111111,0.131578947368421,0.2857142857142857,0.0714285714285714,0.5,0.0,0.9285714285714286,0.0952380952380952,0.3809523809523809,0.2619047619047619,0.1904761904761904,0.0,2036.0785967212107,133.42379031007707,461.92216484779885,115.41877326422838,0.9103525728506072,0.1357736269369637,7143.539513788863,514.7433239519261,334.7847807043326,139.70087137545883,0.4122392240228341,0.0920679168745204,0.2414217845117262,0.0786288902402692,0.6373829462078707,0.0279054991588276,7.97855923130282,0.5205385832641676,0.2568990206522284,0,1.6033009756067202,-5.063159047778774,0
fl4mus,t,367,63.31607629427793,22.55592965127201,0.5994550408719346,0.2643051771117166,82.47683923705722,106.53133514986376,-24.05449591280654,2.8228882833787465,0.1580381471389645,0.0136239782016348,0.0,0.0,0.0,0.1363636363636363,0.1666666666666666,0.4,0.1498637602179836,0.7863636363636364,0.009090909090909,1.779291553133515,0.3160762942779291,0.4277929155313351,0.5831062670299727,0.4523160762942779,0.0,2024.5930866745848,109.43174394471812,565.332234469144,134.01125286058553,1.025134565217198,0.1045762452549204,7694.204201559635,1406.3812439506542,413.1115400070362,103.6569720039968,0.4498893234823692,0.0910107010334814,0.2452520299346982,0.0700602026474041,0.5954509879398611,0.0577992585262895,15.121175941529543,0.5130194167893689,0.4062574427806055,1,2.5602526470372333,-0.2370620128470087,1
flamez,t,286,70.03496503496504,26.60888449085333,0.6258741258741258,0.2377622377622377,88.8951048951049,108.25524475524476,-19.36013986013986,2.9755244755244754,0.2097902097902098,0.0174825174825174,0.0,0.0,0.0,0.2234636871508379,0.1834862385321101,0.5,0.1573426573426573,0.6368715083798883,0.0055865921787709,2.167832167832168,0.1713286713286713,0.8636363636363636,0.5104895104895105,0.6188811188811189,0.0034965034965034,1962.8830322109025,116.73737061478565,536.0350219454766,92.3551721734316,0.9120119187111656,0.084389696940654,8953.673504312203,1635.9324722991234,359.3988725968199,72.27716232627611,0.4122301636242125,0.0823290104199444,0.2559874776853356,0.0571153431038856,0.572967028270745,0.0633287297713077,17.710568472267756,0.7023856755703033,0.4965553478870051,1,0.7059346350684602,0.6096587397498305,1
flashie,t,10,60.3,0.0,0.6,0.3,81.1,99.4,-18.3,0.1,0.2,0.0,0.3333333333333333,0.1428571428571428,0.3,0.5,0.0,1.0,0.2,0.6666666666666666,0.0,1.8,0.1,0.9,0.4,0.4,0.0,2039.441226060467,0.0,648.2720514974127,0.0,0.9775212168083448,0.0,8114.385003311023,0.0,500.4147176075711,0.0,0.33955810832263,0.0,0.171604635388856,0.0,0.5602412985422809,0.0,0.0,0.0,0.0,2,-4.39404190567836,-1.1620156312228431,4
frozen,t,58,82.43103448275862,40.10931269282282,0.7068965517241379,0.2758620689655172,107.53448275862068,95.53448275862068,12.0,3.4482758620689653,0.2241379310344827,0.0517241379310344,0.3658536585365853,0.238095238095238,0.4310344827586206,0.048780487804878,0.1666666666666666,0.2222222222222222,0.1551724137931034,0.5609756097560976,0.0,2.0,0.5172413793103449,0.4310344827586206,0.5517241379310345,0.5,0.0,2002.5842660387343,193.74109247590872,617.5077063208762,212.96545518525048,1.125528346536887,0.1553485093159708,8346.80941283245,757.2803742667974,442.3473609820279,228.0654120111417,0.4122868642871491,0.0680581562599823,0.2404092355205669,0.0589721505150385,0.5691270038674209,0.0202127277143787,18.037636569389964,0.6014093139122325,0.4336116909772968,4,2.256315743391647,3.834828577348877,4
gafolo,t,59,55.72881355932204,14.299229614015267,0.4576271186440678,0.2372881355932203,67.79661016949153,110.42372881355932,-42.6271186440678,5.084745762711864,0.2033898305084746,0.0677966101694915,0.4814814814814814,0.2666666666666666,0.423728813559322,0.074074074074074,0.2444444444444444,0.1538461538461538,0.1016949152542373,0.6296296296296297,0.0,2.220338983050848,0.2033898305084746,0.6949152542372882,0.9152542372881356,0.4067796610169492,0.0,1968.8816977964752,89.48204585285333,408.4077389712837,73.12199284857658,0.8785575006698804,0.0533138220863763,7988.035569291691,1211.712307533127,275.72627489327,70.03185937430247,0.4082746262993646,0.0331907902531614,0.172922348260365,0.0794018179753423,0.5881736745238357,0.0399580788319054,22.13884726697342,0.5796279338219188,0.4278519196117189,5,-1.4881867502037238,-4.407433682734086,5
gizmy,t,321,61.23364485981308,18.05523132560794,0.5545171339563862,0.2679127725856697,77.56386292834891,101.10280373831776,-23.53894080996885,4.940809968847352,0.1962616822429906,0.0467289719626168,0.0,0.0,0.0,0.146067415730337,0.2127659574468085,0.3421052631578947,0.1214953271028037,0.7191011235955056,0.0168539325842696,2.7383177570093458,0.1993769470404984,1.043613707165109,0.9190031152647976,0.5763239875389408,0.0,2046.881722389811,102.4843755523998,564.1022591787755,95.07994817401796,0.9997290155604388,0.1257298680566673,8657.983683074937,1593.3236191853584,432.2805125170795,81.92011041584617,0.3867173930569363,0.0875648568934976,0.1890740797217788,0.0616629695246027,0.568420349062319,0.0674313892654431,19.0710966255496,0.5025656735348771,0.4047254087724167,5,-0.5009779038408235,-0.2231490880596909,5
gr1ks,t,173,55.31791907514451,27.455571109105552,0.5491329479768786,0.2254335260115607,72.878612716763,105.92485549132948,-33.04624277456647,2.907514450867052,0.1271676300578034,0.0404624277456647,0.3894736842105263,0.1940298507462686,0.3641618497109826,0.0736842105263157,0.0970149253731343,0.35,0.1098265895953757,0.3789473684210526,0.4,2.161849710982659,0.0635838150289017,1.0289017341040465,0.6994219653179191,0.3699421965317919,0.0,2157.6503944717742,159.08935665069308,451.3974719998816,76.0129265113196,0.8959077176968274,0.0539812252097303,7804.937866261824,1083.0854887395228,316.70669150764377,61.82816065719859,0.325659041367597,0.1152801646585937,0.1383587127203855,0.0532771212135089,0.606505503139421,0.0476905177656047,20.113005266689548,0.9574503551865138,0.6028891908301786,2,-4.315466679545543,-2.207340585944078,2
graviti,t,46,58.54347826086956,19.369403014758824,0.5652173913043478,0.108695652173913,78.34782608695652,116.08695652173913,-37.73913043478261,0.6521739130434783,0.0869565217391304,0.0,0.0,0.0,0.0,0.1153846153846153,0.1707317073170731,0.3,0.1304347826086956,0.6538461538461539,0.0,1.673913043478261,0.1739130434782608,0.4565217391304347,0.6304347826086957,0.4130434782608695,0.0,1971.8986421023435,53.27770025269721,489.170644898126,51.74627535743666,1.0302477603550664,0.0727804589351676,6935.088161774342,570.4724180270482,324.9727316258016,37.09715750372144,0.4562809429768041,0.0799720602794927,0.2534380016933039,0.1283710395916662,0.6730650402729949,0.0172831427647787,15.77474540500076,0.5759805407592633,0.4034568847653099,0,2.7354018175359,-5.186780551383406,0
grim,t,182,76.57692307692308,30.372368382380696,0.6868131868131868,0.2417582417582417,96.54945054945055,103.75274725274726,-7.203296703296704,2.510989010989011,0.1373626373626373,0.0054945054945054,0.0,0.0,0.0,0.12,0.181159420289855,0.375,0.1593406593406593,0.712,0.0,1.9065934065934067,0.3571428571428571,0.4285714285714285,0.5714285714285714,0.5494505494505495,0.0,2051.4359131158235,147.93689385464685,642.46787739401,132.12358500946775,1.1319704677626403,0.1393857448742243,7880.813103023148,1226.290536406492,445.03376467993513,138.70781692535388,0.4412756735996594,0.0859192563636857,0.2437936628546265,0.0552244289393363,0.5998190540172172,0.0397813423972051,17.471282056068382,0.7563286574942579,0.5416977377249093,4,3.19059824493704,1.9961137918962304,4
heavygod,t,429,77.4079254079254,30.497990328613444,0.6876456876456877,0.2843822843822843,99.7902097902098,104.16550116550115,-4.375291375291376,3.011655011655012,0.2121212121212121,0.0349650349650349,0.0,0.0,0.0,0.1254237288135593,0.1107491856677524,0.5211267605633803,0.1655011655011655,0.6711864406779661,0.0,2.2097902097902096,0.1445221445221445,0.8554778554778555,0.6317016317016317,0.5757575757575758,0.0023310023310023,2158.3442601382144,99.61499558169582,704.1102575863046,143.4695746262299,1.152491791553985,0.152825500699375,8858.182431667698,1400.668792942976,544.2179088669355,144.1917625845978,0.3576926205431451,0.0658022927048346,0.1948065654062392,0.0495775262888607,0.5865984705083439,0.0571742024595578,15.072022270753324,0.6961747534429069,0.4670578760336226,4,0.2882162616586681,3.799955876357462,4
hen1,t,42,55.642857142857146,9.311233756816227,0.5,0.2142857142857142,74.83333333333333,100.76190476190476,-25.928571428571427,2.119047619047619,0.119047619047619,0.0476190476190476,0.0,0.0,0.0,0.0952380952380952,0.1515151515151515,0.2857142857142857,0.0952380952380952,0.3333333333333333,0.3809523809523809,2.261904761904762,0.0476190476190476,1.2142857142857142,0.5952380952380952,0.3809523809523809,0.0238095238095238,2097.8715522529405,112.16498163630811,456.1241290108398,54.01118175185712,0.9222864316600772,0.090989379254374,7873.697025824658,717.6670297342578,356.66942759487364,87.97710199602437,0.354411865596599,0.0785056523395434,0.1311241690554622,0.0460633995895875,0.6075437706495048,0.0289027599702472,17.179606773406917,0.3232476798060583,0.266166729365887,2,-4.124707537963554,-4.260871291249238,2
hooxi,t,117,54.00854700854701,19.96419848021988,0.4273504273504273,0.188034188034188,67.46153846153847,109.11111111111111,-41.64957264957265,2.068376068376069,0.2051282051282051,0.0683760683760683,0.0,0.0,0.0,0.1,0.1894736842105263,0.217391304347826,0.1025641025641025,0.8,0.0,2.9743589743589745,0.0769230769230769,1.2136752136752136,1.1282051282051282,0.5555555555555556,0.0,2139.1670889329653,142.6501965736181,578.2230978903407,147.6403828971877,1.0949637763709077,0.1412355925721831,7783.077268788951,1264.6746686671102,445.6354445125835,119.6135780229127,0.3464541900392571,0.0958139637079522,0.1932471270379953,0.0635405750793117,0.5806934965648972,0.04436328671113,14.494230172623658,0.4586343799546901,0.3758919825836441,5,-0.5786346962240863,-2.2277275656253748,5
huasopeek,t,346,60.0635838150289,25.93297713193313,0.5375722543352601,0.2485549132947976,78.94508670520231,104.79190751445088,-25.846820809248555,3.647398843930636,0.2023121387283237,0.0231213872832369,0.0,0.0,0.0,0.1559139784946236,0.2384615384615384,0.3186813186813186,0.1098265895953757,0.7311827956989247,0.0161290322580645,1.7052023121387283,0.1878612716763005,0.638728323699422,0.4682080924855491,0.4104046242774566,0.0,2089.519362604396,147.82553423127428,544.0590727251679,118.34255936412548,0.988724275392506,0.092109894656792,8182.898788535544,1675.2022251173232,373.5100447462559,82.4132115095929,0.3865769333390499,0.0904646600644298,0.2051988961908269,0.0615420274079594,0.595973587153785,0.0572015046140056,20.95388310023824,0.610774354257326,0.5545937528015654,1,1.0574955889083189,-0.8555014990075275,1
hunter-,t,429,59.46620046620047,22.81935187243518,0.5547785547785548,0.2937062937062937,74.38694638694639,103.006993006993,-28.62004662004662,4.701631701631702,0.1841491841491841,0.0699300699300699,0.0,0.0,0.0,0.0924369747899159,0.1518151815181518,0.3235294117647059,0.1305361305361305,0.7773109243697479,0.0042016806722689,2.6946386946386944,0.2937062937062937,0.9906759906759908,0.8461538461538461,0.5547785547785548,0.0093240093240093,2058.434265285095,140.07768105935807,518.916402740278,100.43044015807268,0.9038707549454322,0.099499131723352,9427.430426727364,1460.815947747561,370.10848566741214,80.461242890505,0.3824135724242392,0.0666824206702914,0.1747370607120688,0.0482404370565622,0.5572042473895198,0.0570249381641777,16.412643907393186,0.5505967647824958,0.4329122848085485,5,-1.765239191574156,-0.225706875703891,5
hypex,t,327,63.17431192660551,19.376615287512845,0.6941896024464832,0.3577981651376147,87.88379204892966,93.25993883792049,-5.376146788990826,2.241590214067278,0.1773700305810397,0.0764525993883792,0.3920704845814978,0.2714285714285714,0.4464831804281345,0.0837004405286343,0.0666666666666666,0.5757575757575758,0.1529051987767584,0.5154185022026432,0.2202643171806167,2.6452599388379205,0.055045871559633,1.217125382262997,1.0214067278287462,0.3516819571865443,0.0,2106.274753556396,113.9989044610782,473.5501940448448,91.53016090622212,0.905818589796263,0.0875057551647411,9081.045402292702,1210.8062087401863,332.3591838726596,71.82260370914248,0.3471133328332804,0.0891482671662862,0.1443686367063347,0.0454309053378731,0.5539309938992483,0.0563193838903566,15.139067191550184,0.586947354746638,0.4303503018698037,2,-6.036634675420375,1.3163529606215698,2
im,t,284,71.28169014084507,31.587329227265545,0.6619718309859155,0.306338028169014,90.14788732394366,97.41197183098592,-7.264084507042254,2.880281690140845,0.2218309859154929,0.0528169014084507,0.0,0.0,0.0,0.1329787234042553,0.1573604060913705,0.4464285714285714,0.176056338028169,0.7553191489361702,0.0053191489361702,1.7816901408450705,0.3133802816901408,0.5352112676056338,0.4647887323943662,0.4683098591549295,0.0,2083.1816066155475,169.42580092496326,639.3705527677214,151.30227691834864,1.0880790174828443,0.14401620710165,9059.005625394317,1531.540712499258,465.5760571989431,107.98401366117628,0.3674277805170074,0.0888449456325856,0.2221447477650638,0.0567996074143046,0.5452182388587457,0.0643131235910303,13.80517646568187,0.8703123571487102,0.5234106646475424,4,1.0654884693481186,3.89388085980889,4
ins,t,108,66.36111111111111,34.25019500996507,0.6203703703703703,0.2314814814814814,80.64814814814815,110.75,-30.10185185185185,2.509259259259259,0.2037037037037037,0.0833333333333333,0.0,0.0,0.0,0.0895522388059701,0.1686746987951807,0.3,0.1666666666666666,0.5671641791044776,0.0149253731343283,2.6481481481481484,0.1666666666666666,1.1111111111111112,0.7407407407407407,0.6203703703703703,0.0092592592592592,1985.8353941315293,95.9080638508015,517.6999486362279,105.91375328268984,0.9657045224320412,0.1104583339298818,8086.271389304677,1045.9401220570046,372.8708922866309,127.25866034387585,0.397968693028053,0.0613582936964832,0.1987840283589341,0.0432107492224854,0.6010094875839506,0.0422266967194566,16.20589270431494,0.7403459025728606,0.5309562060261146,1,-0.6689251777454698,-0.5589555859021107,1
insani,t,210,72.72857142857143,48.70839998925924,0.6761904761904762,0.1666666666666666,93.21428571428572,113.6952380952381,-20.48095238095238,4.495238095238095,0.1428571428571428,0.0047619047619047,0.2464788732394366,0.2342857142857143,0.3619047619047619,0.1549295774647887,0.1885714285714285,0.4,0.1666666666666666,0.7394366197183099,0.0,2.142857142857143,0.3095238095238095,0.6857142857142857,0.5095238095238095,0.6238095238095238,0.0142857142857142,2026.5051958854365,175.3523330850138,554.5894138181236,95.87139411731036,1.0318541469456344,0.1403354613696006,7868.627552926819,1776.6252404013292,440.8943589103112,97.52611295726378,0.3918186243935009,0.0868980729141588,0.2192359246828727,0.0748437233287151,0.591609295328958,0.0788641373663759,21.48757175328632,0.8448643677087601,0.6395980851511476,3,2.829137350509753,1.9600637259394016,3
jabbi,t,117,69.13675213675214,29.82984492151364,0.5897435897435898,0.188034188034188,86.63247863247864,114.4102564102564,-27.77777777777778,3.282051282051282,0.1794871794871795,0.0256410256410256,0.2318840579710145,0.2421052631578947,0.3333333333333333,0.144927536231884,0.1052631578947368,0.5,0.1452991452991453,0.6666666666666666,0.0,2.1623931623931623,0.358974358974359,0.5470085470085471,0.6410256410256411,0.6068376068376068,0.0085470085470085,2078.4628151163124,184.9457129099912,561.3365953867233,140.1709899918734,1.053022341168753,0.1955122985695914,7208.178895589397,1526.717769431739,446.2254595466434,142.70171490850524,0.4516127923010308,0.082192687467149,0.2306307340880976,0.0636355402463462,0.608077258634235,0.0568486351311449,21.240936750401023,0.7343500630507376,0.6001607041774921,3,2.952650086562813,0.874417892685781,3
jame,t,264,67.28787878787878,21.27620658446104,0.5681818181818182,0.3295454545454545,86.75378787878788,101.0909090909091,-14.337121212121213,3.8333333333333335,0.2045454545454545,0.0719696969696969,0.0,0.0,0.0,0.2,0.1016949152542373,0.625,0.1212121212121212,0.3133333333333333,0.4533333333333333,2.871212121212121,0.1666666666666666,1.2159090909090908,0.9734848484848484,0.5151515151515151,0.0,2132.717281419284,103.17527213159752,564.73976066021,121.9846114429758,1.0059332267829133,0.0972656705521898,9716.723703373213,1415.9229171019783,439.1258358228288,116.95094946870702,0.3059070791416227,0.0804929819764898,0.1418469322776469,0.0407208055707904,0.5713562131726617,0.0451429762040364,15.383888897015428,0.4613706500183659,0.36286733668738,2,-4.945737073871816,1.23807455195424,2
jamyoung,t,260,73.80384615384615,21.22100023191624,0.6923076923076923,0.25,95.90384615384616,104.13076923076925,-8.226923076923077,4.234615384615385,0.1846153846153846,0.0307692307692307,0.0,0.0,0.0,0.1944444444444444,0.2256410256410256,0.4430379746835443,0.1769230769230769,0.8222222222222222,0.0055555555555555,1.9615384615384608,0.2576923076923076,0.4423076923076923,0.5615384615384615,0.6961538461538461,0.0038461538461538,2081.219883137767,135.7505476946023,499.5427161168243,84.56443592812056,0.9946794220905442,0.1136549867135424,8760.10781233461,1386.6455139952486,379.9636499322013,64.50374467046286,0.37522112870563,0.0978362579151423,0.2112254709112678,0.0440550152285593,0.5782743919896208,0.0503093682366062,16.30308184773847,0.502460062685281,0.3552239207304601,1,0.5993909146883626,1.042507321817135,1
jba,t,247,60.16194331983806,21.169510855381667,0.5263157894736842,0.2267206477732793,77.07692307692308,108.93117408906885,-31.85425101214575,3.2874493927125505,0.1700404858299595,0.0040485829959514,0.0,0.0,0.0,0.1307692307692307,0.1570680628272251,0.3617021276595745,0.1133603238866396,0.6307692307692307,0.0153846153846153,1.437246963562753,0.1619433198380566,0.3643724696356275,0.4251012145748988,0.48582995951417,0.0,2199.5291302134915,107.53642352628756,659.4616977184925,114.95673364149631,1.1609614358623308,0.1560584097997912,8623.859502650062,1301.6416005082283,488.1807344886933,118.08975278492498,0.3883823143171613,0.0872779942642669,0.2549054783727192,0.0741463339383624,0.5860338153710123,0.0489858160830543,17.768596329960943,0.5021447808797314,0.3629041108352475,4,2.356098501078392,-0.1799481985944623,4
jcobbb,t,58,61.77586206896552,42.53795871511526,0.5172413793103449,0.1724137931034483,79.75862068965517,112.56896551724138,-32.810344827586206,3.103448275862069,0.1896551724137931,0.0172413793103448,0.2333333333333333,0.2916666666666667,0.3620689655172414,0.1333333333333333,0.1875,0.3076923076923077,0.1034482758620689,0.6666666666666666,0.0,1.3275862068965518,0.1034482758620689,0.4482758620689655,0.293103448275862,0.4827586206896552,0.0,1974.3219914077024,213.606341915378,485.6383836775229,104.27456058849155,0.9094658385633316,0.0897697396021505,8530.542771195045,1623.7396116776736,312.19538433291865,96.18644652361851,0.4295694045754799,0.1253922599354799,0.2178029625802214,0.0530159983963449,0.5602319648247654,0.1154885945975507,19.58393209458964,1.090650018265291,0.7400065873298002,3,1.9797232597924923,0.0516023917223004,3
jdc,t,173,66.23121387283237,40.1233024412218,0.5664739884393064,0.1907514450867052,82.78034682080924,113.0057803468208,-30.22543352601156,4.294797687861272,0.1676300578034682,0.0173410404624277,0.0,0.0,0.0,0.173469387755102,0.2357142857142857,0.34,0.1387283236994219,0.8163265306122449,0.010204081632653,1.9884393063583807,0.2658959537572254,0.6416184971098265,0.4971098265895953,0.5838150289017341,0.0,2114.966921854548,151.27406610168728,572.3645905224223,91.6205982216164,1.0812656278933472,0.1009747497670346,7727.878071687541,1280.4274109712248,435.440310727237,94.57013199869148,0.348388426946993,0.0946509623290105,0.2390581136580984,0.0624929699817071,0.5915934561343766,0.0755714345200271,18.11273942238929,0.6277348883743987,0.4652716917718413,1,2.423906029493028,-0.0902233358772958,1
jee,t,260,63.25769230769231,23.63182117437409,0.5846153846153846,0.3,81.15384615384616,95.29230769230767,-14.138461538461538,2.026923076923077,0.3,0.1769230769230769,0.0,0.0,0.0,0.0657894736842105,0.0659340659340659,0.4545454545454545,0.1192307692307692,0.618421052631579,0.2105263157894736,3.076923076923077,0.0461538461538461,1.4307692307692308,1.1115384615384616,0.4884615384615384,0.0,2149.7725958937444,129.90899210999922,443.77074994835147,81.4614562978314,0.906187551112237,0.0743568367527159,8472.641561185805,1472.4178171865008,327.7256111592748,61.65103500769191,0.349412843042476,0.089334336062512,0.1354637872160493,0.0468753917716297,0.6082107916420015,0.0627503671051812,14.804183513923832,0.6198820198251281,0.4380802813374318,2,-6.366576268269408,-0.663241212603978,2
jks,t,108,73.1574074074074,23.22590014615433,0.6388888888888888,0.2407407407407407,94.95370370370372,104.0648148148148,-9.11111111111111,4.972222222222222,0.2314814814814814,0.0185185185185185,0.2608695652173913,0.2560975609756097,0.3611111111111111,0.1014492753623188,0.1463414634146341,0.3684210526315789,0.1666666666666666,0.7246376811594203,0.0434782608695652,2.351851851851852,0.3888888888888889,0.6388888888888888,0.6388888888888888,0.6759259259259259,0.0092592592592592,2044.728927340564,172.36951581910088,666.9748111697086,95.0922299842665,1.1882123184028035,0.0986558406228192,8708.754893253645,1141.458122964017,511.6972497925155,103.23396772086846,0.3914088628767672,0.0880554788414172,0.205549169993507,0.0573174766144815,0.5610282978665091,0.0554473546329321,11.067420256522537,0.4906917311785038,0.2814920833600535,4,0.9355812346461482,2.275840713965928,4
jl,t,342,70.10818713450293,29.23924313612326,0.6345029239766082,0.283625730994152,92.27777777777776,105.10233918128657,-12.824561403508772,6.997076023391813,0.219298245614035,0.0087719298245614,0.0,0.0,0.0,0.1244239631336405,0.1795918367346938,0.380281690140845,0.1637426900584795,0.6912442396313364,0.0230414746543778,1.631578947368421,0.3596491228070175,0.347953216374269,0.3333333333333333,0.5730994152046783,0.0175438596491228,1994.978692342039,135.29288407912026,531.249154603406,114.49105399937498,0.9713501626071072,0.1038758593686406,8694.90757795321,1700.963468385402,375.6929677960208,93.55724983285644,0.4325306437959986,0.1029847951264856,0.2025683161249034,0.0598993265858772,0.5897125417290721,0.0546574414073714,14.970978420389164,0.6026853679810377,0.4971614171855243,1,2.0596732767369863,1.3127619565529582,1
jota,t,42,61.595238095238095,41.73441020752984,0.4523809523809524,0.0714285714285714,74.71428571428571,110.4047619047619,-35.69047619047619,1.5952380952380951,0.2142857142857142,0.0238095238095238,0.0,0.0,0.0,0.1578947368421052,0.2307692307692307,0.25,0.0952380952380952,0.631578947368421,0.0526315789473684,1.7857142857142858,0.0952380952380952,0.7142857142857143,0.6190476190476191,0.3571428571428571,0.0,2023.6138426312093,90.54580544477666,476.03321045930267,53.41839635507063,0.9717093464851422,0.0634229794665022,7445.882390684735,2063.2787354901766,334.00996590091404,53.302763109579296,0.3702902337144081,0.1128639807259846,0.1998306141861247,0.0738222957498207,0.6253045223444509,0.084263506222807,24.88399009329016,0.8812845737898741,0.6965115517357635,1,1.0670887763400425,-2.9265368958626983,1
jt,t,54,61.68518518518518,38.51478600149221,0.5740740740740741,0.1296296296296296,75.5925925925926,121.0,-45.407407407407405,2.185185185185185,0.1666666666666666,0.0,0.0,0.0,0.0,0.1290322580645161,0.1914893617021276,0.3076923076923077,0.1111111111111111,0.8387096774193549,0.0,2.8703703703703702,0.037037037037037,1.2407407407407407,0.9444444444444444,0.6296296296296297,0.0185185185185185,2059.724751041138,175.5659806194688,569.8825435500307,232.96265369516792,1.0025673175487744,0.1864116693499629,8742.18901986828,2605.789262385236,430.3286616659788,234.2199044708977,0.3146483277508677,0.1049604017726512,0.1677878483777695,0.0615438564952599,0.5764215206509051,0.0734691204120408,19.090428084368472,2.237882848065704,1.1458711946715048,4,2.318750205493262,3.013172738953798,4
karrigan,t,569,43.804920913884,19.485167739812105,0.3462214411247803,0.2161687170474516,53.67486818980668,107.85940246045696,-54.18453427065026,3.5377855887521967,0.2478031634446397,0.0579964850615114,0.2741116751269035,0.2780269058295964,0.312829525483304,0.1319796954314721,0.2174887892376681,0.2113821138211382,0.070298769771529,0.6852791878172588,0.0101522842639593,2.952548330404218,0.2618629173989455,1.0439367311072056,1.015817223198594,0.6098418277680141,0.0210896309314587,2042.7140872694297,94.71312582353336,601.382407131031,105.90653828278104,1.0158036994287627,0.1000251112621062,8473.957354648204,1276.5141949666606,478.3809108600307,104.10532992416977,0.3631973922770922,0.0626734574538817,0.2006600271536986,0.0583142982596203,0.6067532547390813,0.050163662327521,18.72884575264896,0.4656842730151491,0.3985904411541117,5,-0.5067579522024827,-3.2461274106146214,5
kashl1d,t,87,41.05747126436781,18.195071336158417,0.367816091954023,0.2528735632183908,54.91954022988506,109.24137931034484,-54.32183908045977,1.9310344827586208,0.1724137931034483,0.0804597701149425,0.53125,0.123076923076923,0.2873563218390804,0.0,0.1384615384615384,0.0,0.0459770114942528,0.34375,0.34375,3.160919540229885,0.0114942528735632,1.5747126436781609,1.1149425287356325,0.4597701149425287,0.0,2150.208023033765,91.50739052499998,497.7653293386216,59.02974718648574,0.9190516310957536,0.0499497175220286,8711.311072073555,993.3210156367649,341.71508257395544,21.269973765985924,0.3278716589549366,0.0730348328533582,0.1268539964462127,0.0309152956876058,0.5823046637627743,0.0328861475297489,16.209626111081946,0.285586571613358,0.2025072980203249,2,-7.07974496374429,-5.9522159966507004,2
kensizor,t,438,65.74657534246575,27.82568490029,0.5616438356164384,0.2054794520547945,84.37899543378995,110.15525114155253,-25.77625570776256,5.294520547945205,0.2123287671232876,0.0182648401826484,0.3048780487804878,0.2873563218390804,0.3995433789954338,0.1341463414634146,0.2126436781609195,0.308411214953271,0.1255707762557077,0.7439024390243902,0.008130081300813,1.682648401826484,0.3584474885844749,0.410958904109589,0.4634703196347032,0.4497716894977169,0.0,2044.607620082232,160.21051684566984,549.6442215601195,105.04998163975227,0.9917519109028762,0.1197018660266279,8234.108063749512,1662.592264005161,388.2608333130004,95.58580535608289,0.3985090922620541,0.0675892573436572,0.208608804291696,0.0614304517221236,0.5839309451776359,0.0679878542041619,15.427932295019394,0.5211741885151121,0.4121087652028543,3,1.7397919185209625,-0.2260091769502626,3
kisserek,t,130,76.43846153846154,40.3395135778578,0.6153846153846154,0.2615384615384615,95.76153846153846,106.86153846153846,-11.1,4.415384615384616,0.2538461538461538,0.0461538461538461,0.1875,0.2395833333333333,0.2923076923076923,0.2125,0.21875,0.4473684210526316,0.1538461538461538,0.7,0.0125,1.7923076923076924,0.3615384615384615,0.4,0.4076923076923077,0.6,0.023076923076923,2109.5456393391614,126.10324180281904,624.6357362636209,92.06183360085686,1.0817481583506816,0.09966751651184,8036.335252356179,1645.3223050103163,452.3115016327724,73.29840372316681,0.376820272867601,0.095325621239109,0.2203136829618782,0.0526076072381251,0.5782366028286505,0.0649392195884892,18.727057154773107,0.7965456405041146,0.601292442502985,4,1.61196110681273,2.4691904041904404,4
kl1m,t,210,74.14761904761905,32.821614501460736,0.7095238095238096,0.2428571428571428,102.20952380952382,104.43809523809524,-2.2285714285714286,3.1809523809523808,0.2,0.0666666666666666,0.4026845637583892,0.220125786163522,0.4523809523809524,0.087248322147651,0.050314465408805,0.6190476190476191,0.1571428571428571,0.5369127516778524,0.1342281879194631,1.9095238095238096,0.0857142857142857,0.8380952380952381,0.6714285714285714,0.3142857142857143,0.0,2070.5442762971325,129.13597169133564,454.6467893814248,83.62918525059528,0.8697360698427965,0.0718867230287597,7863.50377346717,1361.2174867882916,302.861136066782,62.845989439796526,0.3864668888647705,0.0783123904155493,0.1464573692059876,0.0473376349938744,0.5844242861006668,0.0680813079513539,17.78049304742061,0.79022220454449,0.5627078980843191,2,-3.496925069085797,1.0745957810984166,2
koala,t,59,77.79661016949153,26.82281322360968,0.6440677966101694,0.3050847457627119,95.52542372881356,93.20338983050848,2.3220338983050848,5.610169491525424,0.2033898305084746,0.0508474576271186,0.1842105263157894,0.1707317073170731,0.2372881355932203,0.1578947368421052,0.073170731707317,0.6666666666666666,0.135593220338983,0.7894736842105263,0.0,2.2033898305084745,0.5932203389830508,0.4745762711864407,0.7457627118644068,0.3898305084745763,0.0,2023.412740140221,184.47138029958137,542.1101148726292,131.1950387797587,1.0967800643263104,0.1619680910018389,8308.887068590402,1717.0290199771523,438.70405156025305,94.34343912949215,0.3825117567978635,0.1303218276466454,0.2295794990471968,0.084600737645492,0.5566285708829434,0.0836663512701393,13.470512184031945,0.777143871119584,0.4713664222044769,4,1.3787122803387153,3.899170609794546,4
krabeni,t,261,65.38314176245211,31.33477794238977,0.5593869731800766,0.2490421455938697,84.67816091954023,102.81226053639848,-18.13409961685824,4.681992337164751,0.210727969348659,0.0459770114942528,0.0,0.0,0.0,0.136986301369863,0.1632653061224489,0.3846153846153846,0.1340996168582375,0.7397260273972602,0.0136986301369863,3.022988505747126,0.4099616858237548,0.9348659003831418,0.9770114942528736,0.7011494252873564,0.0,2130.3561018414653,139.6088207129991,605.0574369547777,129.41603328636066,1.089979702196673,0.1048279644156529,8521.457753245651,1409.6385841864706,488.4994805446854,126.93724833647856,0.3401849141642153,0.090980346328535,0.1877091926092527,0.0738489906226209,0.561281095099132,0.0679832975447752,20.36022134643892,0.7523838660263373,0.5564852267805237,4,0.2342793481202217,2.0080597503047546,4
krazy,t,83,57.90361445783133,24.28860179690624,0.5060240963855421,0.216867469879518,69.7710843373494,109.1566265060241,-39.3855421686747,1.072289156626506,0.1566265060240964,0.0120481927710843,0.4523809523809524,0.2153846153846154,0.3975903614457831,0.1428571428571428,0.0923076923076923,0.5,0.1204819277108433,0.7380952380952381,0.0,1.7951807228915662,0.1566265060240964,0.4698795180722891,0.8072289156626506,0.3614457831325301,0.0,2156.218286877942,117.4200839154849,661.7318732898207,108.24428508038876,1.13863761576515,0.1044327303525504,7984.155860091136,778.0158669517128,463.1124006650804,133.1425458558236,0.3386294422506144,0.0740431839575515,0.1728040139018766,0.041812826355996,0.5923520355426826,0.0259830287149312,18.08385102611605,0.5326595815629108,0.4335425710931753,4,-0.373909368064426,-0.9451719022494548,4
kscerato,t,296,70.23310810810811,25.389942590211867,0.6655405405405406,0.3344594594594595,90.97972972972973,97.58445945945944,-6.60472972972973,4.070945945945946,0.1756756756756756,0.0135135135135135,0.0,0.0,0.0,0.1116751269035533,0.1573604060913705,0.4150943396226415,0.1554054054054054,0.7766497461928934,0.0050761421319796,2.381756756756757,0.4831081081081081,0.6722972972972973,0.5878378378378378,0.6385135135135135,0.0,2073.1364878335744,154.03929876413414,660.4744655298218,137.89799864257313,1.0980030028257497,0.1391169859807203,9740.812791171566,1552.7631223634369,492.9722314962097,103.93839808631914,0.3736249401499278,0.0827049774746899,0.2277913714188797,0.0561692745214518,0.5405462152520984,0.0574290406648583,13.21766255661206,0.6595758638960239,0.4394092315079302,4,1.1269725182872044,3.929589020959967,4
kvem,t,54,78.37037037037037,61.87602337350486,0.7222222222222222,0.1296296296296296,106.87037037037037,118.94444444444444,-12.074074074074074,1.7592592592592593,0.2407407407407407,0.0,0.0,0.0,0.0,0.2051282051282051,0.1914893617021276,0.4705882352941176,0.1666666666666666,0.7948717948717948,0.0256410256410256,1.7037037037037035,0.2592592592592592,0.3888888888888889,0.5,0.4814814814814814,0.074074074074074,1990.993568351481,149.71363850103992,525.3843484991462,92.93501949701768,0.920226261127596,0.1013634366169545,8481.471199107624,1854.89029305298,345.7043953665052,128.62791678222413,0.3886797946936456,0.0931930697256333,0.2558274459531134,0.0765173458512644,0.5911026513988021,0.0684588548899132,21.602468994692867,1.3658268466390604,0.8579213873701289,1,3.439564641254624,2.7104828282195634,1
kyousuke,t,571,82.215411558669,27.115686720893585,0.7408056042031523,0.2574430823117338,105.64798598949211,106.81786339754817,-1.169877408056042,3.175131348511384,0.2381786339754816,0.0035026269702276,0.2907801418439716,0.3042452830188679,0.4413309982486865,0.1631205673758865,0.2028301886792453,0.4451612903225806,0.1943957968476357,0.7801418439716312,0.0070921985815602,1.5253940455341506,0.1996497373029772,0.425569176882662,0.457092819614711,0.4413309982486865,0.0017513134851138,1970.5104458537555,107.8427151016679,534.7308176454791,93.3015409202684,0.9202598484593688,0.0986034720675273,8535.405598104466,1652.7770816252366,347.42222620139347,70.53394671940592,0.4166320493848603,0.07485911300099,0.2383517685901188,0.058200324630993,0.5907387357054936,0.0593686148416632,15.314381549243532,0.6517573313852324,0.4478828530828072,3,1.0636830813825462,1.8526131173699916,3
lake,t,247,70.91497975708502,32.515012081657694,0.6518218623481782,0.1902834008097166,90.01214574898785,117.81376518218624,-27.80161943319838,6.133603238866397,0.1740890688259109,0.0121457489878542,0.0,0.0,0.0,0.1614906832298136,0.25,0.3421052631578947,0.1659919028340081,0.7142857142857143,0.0062111801242236,1.9109311740890689,0.3927125506072874,0.5060728744939271,0.4655870445344129,0.5384615384615384,0.0080971659919028,2076.644425900206,129.16405821496835,501.0507913032024,101.17096520009366,0.9158354867205772,0.0961411478999229,8524.975122164933,1388.2018479126248,342.51730407102497,108.04406163871008,0.3900550601688234,0.0549126019008209,0.2269969035298096,0.071999972065234,0.6063822258643763,0.0547757896192374,17.397205923247267,0.8591453406352799,0.5585520511983236,1,2.317280074358242,-0.0652666133493459,1
latto,t,435,80.3632183908046,48.66756514702636,0.7793103448275862,0.3195402298850575,108.1103448275862,101.0551724137931,7.055172413793104,5.154022988505747,0.1862068965517241,0.0160919540229885,0.2920353982300885,0.2668918918918919,0.4091954022988506,0.1120943952802359,0.1621621621621621,0.4418604651162791,0.2068965517241379,0.7846607669616519,0.0176991150442477,2.2413793103448274,0.3425287356321839,0.6597701149425287,0.6275862068965518,0.6114942528735632,0.0,2067.068413316599,129.443740919571,516.7306650720715,134.92400161950897,0.946784527607518,0.1189334658720061,8351.735691674256,1353.7692488547748,363.1240338563407,139.1500830728791,0.416911027084465,0.0934218582695091,0.1964434689494046,0.072758806497038,0.5988412566469034,0.0503358555519662,15.987492445872054,1.428314866002084,0.7671317111139985,3,1.0309230985376738,4.862670661227788,3
launx,t,265,60.1811320754717,25.45016758747884,0.5056603773584906,0.2188679245283019,77.09433962264151,109.2754716981132,-32.1811320754717,4.267924528301887,0.2415094339622641,0.0075471698113207,0.0,0.0,0.0,0.208955223880597,0.2222222222222222,0.3783783783783784,0.1018867924528302,0.6791044776119403,0.0,1.5509433962264152,0.3132075471698113,0.3849056603773585,0.4037735849056604,0.4415094339622641,0.0075471698113207,2076.340412171582,150.38355430333763,523.3713836826913,97.88661113130502,0.9559341349690916,0.0808896416765193,7809.679580205661,1907.055268075,340.5209804944462,94.80540993403892,0.3947201929356182,0.0801183520776575,0.2108344866884521,0.0645092552566424,0.5988112966017536,0.0833976492918144,17.927740407618074,0.6525923038190067,0.5086160495226244,1,2.004281854665773,-1.303559720500777,1
liazz,t,56,62.267857142857146,19.32476462412357,0.6428571428571429,0.2142857142857142,83.17857142857143,116.07142857142856,-32.892857142857146,1.5178571428571428,0.1607142857142857,0.0714285714285714,0.0,0.0,0.0,0.0277777777777777,0.1590909090909091,0.125,0.125,0.8611111111111112,0.0,2.196428571428572,0.3035714285714285,0.8214285714285714,0.5535714285714286,0.5178571428571429,0.0,2160.091863926233,138.0618878812156,562.6335533785699,81.81711634476265,1.061618135633671,0.0681920523088144,8849.20225284573,614.7033142160552,364.9355627734,79.94283863807482,0.3929964335061622,0.0523196895402477,0.1600874848512659,0.0451905269720535,0.5420380709491813,0.0447803044860867,18.06623615723233,0.5172312103885457,0.4688006440667978,5,-0.9608648364558742,-1.2478305804998684,5
lnz,t,210,60.195238095238096,29.83355115439624,0.5142857142857142,0.2047619047619047,78.38095238095238,109.57619047619048,-31.195238095238096,6.585714285714285,0.238095238095238,0.0809523809523809,0.0,0.0,0.0,0.1481481481481481,0.1197604790419161,0.4444444444444444,0.1095238095238095,0.6944444444444444,0.0092592592592592,2.842857142857143,0.3095238095238095,0.9809523809523808,0.9809523809523808,0.5666666666666667,0.0047619047619047,2038.0934690111903,152.6612481976344,567.126351393206,129.97426563848146,1.0444464477345214,0.1216983345064828,7840.118441110052,1068.2592103583506,439.4599393059625,107.3387126585442,0.4043390517472786,0.0881704956690145,0.2153991766197006,0.0597160065786548,0.5983687770059838,0.041620451173165,21.19606543971024,0.7777498917351722,0.5520265288032331,5,0.5707562674432379,-0.4247081522299566,5
luchov,t,346,75.88728323699422,31.31313916863016,0.7254335260115607,0.2427745664739884,100.1820809248555,107.80057803468208,-7.618497109826589,4.624277456647399,0.1907514450867052,0.0317919075144508,0.2749003984063745,0.3015267175572519,0.4277456647398844,0.1633466135458167,0.1870229007633587,0.4555555555555555,0.222543352601156,0.7290836653386454,0.0119521912350597,1.9826589595375723,0.2572254335260115,0.6473988439306358,0.5404624277456648,0.5375722543352601,0.0,2017.078582640984,130.4440530240532,524.3971422930362,86.82050288267416,0.9729406884097016,0.0987455699636979,8421.031085096623,1765.1399683686154,391.3107488376353,104.40153426623785,0.389033575844229,0.0826121894884186,0.2231558005971493,0.0671509392052384,0.5828415539017614,0.0676801284789934,15.890501702582236,0.7725235930146946,0.5330978563008898,3,0.8254438626470483,2.5749788051441707,3
lucky,t,46,62.71739130434783,17.036991344544205,0.4347826086956521,0.1521739130434782,70.17391304347827,106.6304347826087,-36.45652173913044,8.065217391304348,0.3478260869565217,0.0869565217391304,0.0,0.0,0.0,0.2,0.1282051282051282,0.4444444444444444,0.0652173913043478,0.8,0.0,1.9130434782608696,0.3478260869565217,0.5434782608695652,0.5217391304347826,0.5,0.0,1987.3681463083908,62.89407362210392,450.3729708570702,114.29223305345256,0.9376184197688326,0.102739361076174,7312.731468112327,1258.5504725269668,309.75274415572227,107.2304193532896,0.4145818496726736,0.1192595382088149,0.2275258599036209,0.0223298661359661,0.6510365067160363,0.0653813104784743,4.082482904638623,0.6364480209202739,0.3782226732211178,1,1.104954446688461,-3.169990805176546,1
luken,t,42,60.61904761904762,14.7212329332184,0.5238095238095238,0.1666666666666666,77.21428571428571,108.1904761904762,-30.976190476190474,0.2142857142857142,0.119047619047619,0.0,0.0,0.0,0.0,0.0454545454545454,0.1428571428571428,0.1666666666666666,0.1666666666666666,0.9090909090909092,0.0,1.7857142857142858,0.3333333333333333,0.3809523809523809,0.5952380952380952,0.4761904761904761,0.0,2038.0340256807644,192.66024755976176,602.8379605509889,107.7251812066075,1.1630614256526672,0.1201588119543417,8405.534801978376,534.1164739158711,528.1514130047354,127.3642898345359,0.3877865479445839,0.1432973196068048,0.2136718436565916,0.0691489418375678,0.5673103346782042,0.0196446260876228,7.978559231302819,0.3392355069367985,0.1782132915861299,0,2.460140641686469,-1.3302976827924455,4
m0nesy,t,569,74.89279437609842,23.268557322331706,0.7258347978910369,0.3409490333919156,112.6133567662566,92.90158172231986,19.711775043936733,1.7521968365553602,0.1616871704745167,0.0562390158172231,0.0,0.0,0.0,0.1283292978208232,0.1093333333333333,0.5638297872340425,0.1862917398945518,0.3438256658595641,0.4697336561743341,2.216168717047452,0.0685413005272407,1.1107205623901582,0.6010544815465729,0.4112478031634446,0.0246045694200351,2064.8700353986023,94.86475572537287,519.5797147609653,89.21062350964175,0.8976331521485765,0.056744794340854,9507.85946511728,1354.9193263092393,370.72242367382376,78.67457944022496,0.3255011110134589,0.0729799987700844,0.1474338550840777,0.04854990266521,0.5713489681382461,0.041568526813689,14.244332977880068,0.584670175018743,0.4145788639942404,2,-5.382433906740818,2.541853224872114,2
magixx,t,367,59.56948228882834,24.38097580374393,0.5340599455040872,0.2997275204359673,75.27792915531334,99.6757493188011,-24.39782016348774,4.076294277929155,0.220708446866485,0.0653950953678474,0.2704081632653061,0.3229571984435798,0.3705722070844686,0.1020408163265306,0.1945525291828793,0.2857142857142857,0.1117166212534059,0.6887755102040817,0.0204081632653061,3.754768392370573,0.2125340599455041,1.5313351498637602,1.32425068119891,0.6839237057220708,0.0027247956403269,2056.83521966731,143.06837825942765,624.1452162938768,111.97242661144904,1.02566941587394,0.1194814070701962,9714.21405453486,1328.1892408695371,461.2449584366033,110.72660600794052,0.3394425572853332,0.0892329800194661,0.1919116385873791,0.0685503763075492,0.5690325155397931,0.0521453943459706,17.43271847683289,0.52661246847705,0.4178209588087597,5,-2.5513652084603797,0.7474497825178622,5
magnojez,t,367,74.90190735694823,32.44771544290909,0.6512261580381471,0.2588555858310626,93.8283378746594,109.00544959128064,-15.177111716621251,4.395095367847412,0.2643051771117166,0.0544959128065395,0.0,0.0,0.0,0.1548117154811715,0.2426470588235294,0.3592233009708738,0.1553133514986376,0.6903765690376569,0.0,2.335149863760218,0.2098092643051771,0.8283378746594006,0.6811989100817438,0.6130790190735694,0.0027247956403269,2003.5774039182909,123.0602167380561,598.1243798558731,97.86385369854868,1.0922977509840113,0.1153818026582538,7991.741746443385,1737.7254763702012,454.59902361369245,91.93539607617495,0.414920454828815,0.0773138946806639,0.2367486728134737,0.0700301998188949,0.5983892974282355,0.0659767924687585,18.785927725732623,0.7809142038353368,0.5737986076377337,1,1.8669680356695195,1.486866290066299,1
maj3r,t,228,52.96052631578947,24.70746364622004,0.3991228070175439,0.3245614035087719,64.62280701754386,96.96491228070175,-32.3421052631579,4.701754385964913,0.3026315789473684,0.0921052631578947,0.0,0.0,0.0,0.0879120879120879,0.1298701298701298,0.2857142857142857,0.0526315789473684,0.6923076923076923,0.0,3.3026315789473686,0.2543859649122807,1.2982456140350878,1.1842105263157894,0.5657894736842105,0.0,2096.269828800001,129.85954537274398,630.6860499891117,119.0646298666544,1.1039408872167271,0.1287589674991225,8811.45653372674,1688.198401798113,499.9614747932227,107.53412446073187,0.3580626761393772,0.097415297599654,0.191288830881789,0.0549049144501219,0.569269316615159,0.060561224281196,18.65415292961901,0.5623739645131928,0.4544354751500465,5,-1.791718308959516,-0.1201554605812306,5
maka,t,46,67.97826086956522,19.778933330786668,0.5652173913043478,0.2391304347826087,82.80434782608695,114.04347826086956,-31.23913043478261,5.804347826086956,0.2391304347826087,0.0434782608695652,0.0,0.0,0.0,0.0769230769230769,0.1142857142857142,0.3333333333333333,0.108695652173913,0.6538461538461539,0.1538461538461538,3.652173913043478,0.0652173913043478,1.3695652173913044,1.3043478260869563,0.8913043478260869,0.0217391304347826,2072.758232741056,124.84286238057928,445.65928861021456,119.5847193371295,0.959121366885362,0.10000257700291,8400.099094669937,1470.5294975660938,332.45323435109685,116.77125624962186,0.3598162594177618,0.1091584599157857,0.1659498253659876,0.0676755874291547,0.6099363015884007,0.0346003093969013,5.931710140017396,0.6220577913934794,0.3236933057310766,5,-2.680282858653811,-1.6568654204640627,5
makazze,t,284,67.3556338028169,18.627791993852234,0.5915492957746479,0.2218309859154929,86.2394366197183,109.83450704225352,-23.59507042253521,4.091549295774648,0.1901408450704225,0.0070422535211267,0.1785714285714285,0.2986425339366516,0.3380281690140845,0.2559523809523809,0.2398190045248869,0.4479166666666667,0.1373239436619718,0.7797619047619048,0.0,1.845070422535212,0.3908450704225352,0.4295774647887324,0.4929577464788732,0.5246478873239436,0.0070422535211267,1993.5671583989847,156.326715097989,551.8253837759848,88.24290269486528,0.973640478720064,0.1085920406901651,8549.278278922297,1567.8693983120045,371.8686183689539,75.82366806686353,0.4093651509263673,0.0783490420231597,0.2566063455024547,0.0656403283658469,0.5966923141106633,0.0669863005559368,16.330147162943874,0.5353210926864991,0.3644966759470584,3,2.437510598761544,-0.288979799897437,3
malbsmd,t,221,70.91402714932127,24.487519581502173,0.6334841628959276,0.1945701357466063,91.289592760181,112.36651583710407,-21.07692307692308,5.579185520361991,0.1764705882352941,0.0226244343891402,0.0,0.0,0.0,0.1857142857142857,0.2022471910112359,0.4193548387096774,0.1357466063348416,0.7714285714285715,0.0,1.7330316742081449,0.2760180995475113,0.4389140271493212,0.4524886877828054,0.5565610859728507,0.0090497737556561,2034.4263859782093,131.58027180080077,533.906671530904,122.79958454609512,0.9892882177504088,0.1020534993687578,7622.55446499868,1189.5493380680691,352.4266538254992,89.73868745310281,0.4139890925284959,0.0791086844803007,0.2611232364859456,0.0453001346170301,0.605526442524752,0.0508818374052103,15.586629764305057,0.6010219236617433,0.4743123291184787,1,2.5499597683500155,-0.5613860267805765,1
martinezsa,t,138,54.18840579710145,23.432549849337324,0.5434782608695652,0.3405797101449275,81.59420289855072,95.2391304347826,-13.644927536231885,1.7318840579710144,0.1666666666666666,0.072463768115942,0.0,0.0,0.0,0.08,0.0769230769230769,0.4615384615384615,0.1304347826086956,0.52,0.24,2.536231884057971,0.0072463768115942,1.181159420289855,0.927536231884058,0.4130434782608695,0.0072463768115942,2098.973931814455,133.0004509377498,476.9863495121258,91.97786238922971,0.9297388621720284,0.090563926651823,9044.80283675037,1637.640242340868,351.253321172578,86.75930918490596,0.3893781523095852,0.0650439079266857,0.1533575942497399,0.0455438309348082,0.5911752202132856,0.0430915985370807,16.136209822138124,0.5579980385872155,0.4352361753505164,2,-4.570489390241595,-0.3175558059895323,2
masval,t,220,65.36818181818182,21.03089325572796,0.5545454545454546,0.2318181818181818,79.85,105.85909090909092,-26.009090909090908,4.2,0.2045454545454545,0.0272727272727272,0.0,0.0,0.0,0.1393442622950819,0.1479289940828402,0.4047619047619047,0.1136363636363636,0.7213114754098361,0.0,2.363636363636364,0.2272727272727272,0.8727272727272727,0.7090909090909091,0.55,0.0045454545454545,2126.065276997332,91.63707355633048,744.757842817849,184.692741784748,1.1207663963435393,0.175473645687666,9429.417500898617,1626.056776566365,562.5805558140346,184.19380837325343,0.3561336825813295,0.0662652324679865,0.2132883367332478,0.0557631543189415,0.5587119278242604,0.0475799194842344,15.881978387077206,0.430471374106227,0.3689784171485435,4,1.35944445213785,1.974107716762748,4
matys,t,429,69.94638694638695,26.220173197707297,0.6153846153846154,0.2354312354312354,89.83916083916084,109.63403263403264,-19.7948717948718,3.331002331002331,0.2517482517482518,0.0372960372960372,0.0,0.0,0.0,0.1666666666666666,0.2012195121951219,0.4,0.1282051282051282,0.7727272727272727,0.0,1.9090909090909087,0.1748251748251748,0.5337995337995338,0.6083916083916084,0.5897435897435898,0.0023310023310023,2018.0943760038024,91.4594656176587,539.3938329457757,110.0837807063224,0.9433402116934236,0.1418612395449211,8059.481974827402,1094.3148693969945,430.695636518154,107.90113155089568,0.3928068870473011,0.074995562696201,0.2343340548883319,0.0490873123544023,0.6110810512650301,0.0457365902687336,15.078208997870576,0.6445526409846407,0.4721863203083112,1,1.4127115719252694,-0.1282988027098216,1
max,t,346,58.19653179190752,21.54884632932372,0.4739884393063583,0.2485549132947976,72.53468208092485,104.09826589595376,-31.563583815028903,4.445086705202312,0.2341040462427745,0.0462427745664739,0.3292682926829268,0.2769230769230769,0.3641618497109826,0.1097560975609756,0.1961538461538461,0.2608695652173913,0.0924855491329479,0.7134146341463414,0.0060975609756097,2.739884393063584,0.2080924855491329,0.8641618497109826,1.03757225433526,0.6242774566473989,0.0057803468208092,2049.7978907913925,127.28507801939476,526.1077605371753,115.50257627146792,0.9804754703309356,0.080272014224789,8688.893778017286,1726.4635646885558,380.4437536281693,94.21416246514372,0.3832058088970946,0.0784149491488719,0.2068891523134111,0.0605449613724216,0.5826278655019409,0.0535670748085856,14.85427937749769,0.4308528900902799,0.3794634139277376,5,-1.0563025019673145,-1.462699658063656,5
maxxkor,t,59,77.66101694915254,36.77542205127333,0.7288135593220338,0.3050847457627119,109.57627118644068,97.54237288135592,12.033898305084746,6.169491525423729,0.1694915254237288,0.0847457627118644,0.3720930232558139,0.1707317073170731,0.3898305084745763,0.0697674418604651,0.024390243902439,0.75,0.2033898305084746,0.5116279069767442,0.2093023255813953,2.6779661016949152,0.135593220338983,1.3389830508474576,0.6101694915254238,0.5932203389830508,0.0,2049.419904788547,109.81981888081476,461.1961687090565,71.66456666740568,0.9856038721753358,0.094523543271467,9220.922830209189,854.599591533943,362.28645224359184,72.8965171863041,0.3481052643345163,0.0885725911785617,0.1257221676514766,0.0246544606981902,0.5241116455543638,0.0542922395658225,14.749723088610674,0.7942252286618544,0.5776282641705442,2,-5.306547810597644,4.266434811607246,2
mercury,t,260,60.70384615384615,23.06688027747657,0.5076923076923077,0.2615384615384615,77.00769230769231,102.53461538461538,-25.52692307692308,4.7384615384615385,0.2384615384615384,0.0807692307692307,0.0,0.0,0.0,0.106060606060606,0.1614583333333333,0.3111111111111111,0.1076923076923077,0.7727272727272727,0.0075757575757575,2.6192307692307693,0.15,0.926923076923077,0.946153846153846,0.5961538461538461,0.0,2098.704141342144,124.21621467675708,491.3417907584465,63.41451327202708,0.9927787089975552,0.0747255207130803,8915.021083156438,1344.2992448750877,385.5627292980718,75.54057312275818,0.375780141107378,0.0956093173637012,0.1777849945009068,0.0472209870723179,0.5850188219691106,0.056998347687449,11.030616442756555,0.4645021805199539,0.3558168455791181,5,-2.1374476096775235,-1.319811152565126,5
meyern,t,346,50.79768786127168,31.76072988710506,0.4971098265895953,0.3323699421965317,73.51734104046243,92.5028901734104,-18.985549132947977,1.8439306358381504,0.1618497109826589,0.0809248554913294,0.3604651162790697,0.2164502164502164,0.3236994219653179,0.1104651162790697,0.0649350649350649,0.5588235294117647,0.1040462427745664,0.3953488372093023,0.3488372093023256,2.066473988439306,0.0433526011560693,1.060693641618497,0.6560693641618497,0.3063583815028902,0.0,2131.52373895122,164.34171149309734,473.4759862366636,90.86898441259454,0.8982133472553622,0.0782477347461005,9034.063611993352,1556.3079667232923,338.4224034316896,64.1437321850873,0.3320259987349691,0.0963638099897745,0.1377468946310071,0.0435474445326186,0.5589761364124738,0.0508923423256097,18.053440414704387,0.7119951080013781,0.5407318054291609,2,-5.707562340549102,0.0745608953113151,2
mezii,t,286,61.78321678321678,30.204159308479888,0.5384615384615384,0.3286713286713286,77.94055944055944,96.52797202797204,-18.587412587412587,3.513986013986014,0.2027972027972027,0.0314685314685314,0.3571428571428571,0.2708333333333333,0.3741258741258741,0.0389610389610389,0.1510416666666666,0.1714285714285714,0.1328671328671328,0.7597402597402597,0.0,2.4825174825174825,0.2517482517482518,0.7902097902097902,0.8741258741258742,0.5664335664335665,0.0,2072.2506904753823,92.43010337238329,604.6462266087358,120.67563580297806,0.983441487215706,0.1371988597828526,9151.937227767728,1140.3110337665614,419.0414272955989,103.88724708114012,0.3494835596452509,0.061982517668802,0.1778254807405409,0.055811147408278,0.5558777170995788,0.0449622671683176,14.956062123485392,0.7605132569098088,0.51332480307139,5,-1.4339396004710248,1.3053619566139183,5
misutaaa,t,46,65.65217391304348,21.437615672941348,0.6521739130434783,0.1304347826086956,86.67391304347827,117.7391304347826,-31.065217391304348,5.521739130434782,0.217391304347826,0.0434782608695652,0.5666666666666667,0.3,0.6304347826086957,0.0333333333333333,0.15,0.1428571428571428,0.1739130434782608,0.9,0.0,1.1956521739130437,0.1739130434782608,0.3478260869565217,0.2391304347826087,0.4347826086956521,0.0,1962.72309241643,50.88172894488003,466.27727577291,188.8760104608405,0.9472422740856448,0.1299445984888193,7522.677610250624,721.3070943943382,299.5031625743746,116.374937936655,0.4561852509537827,0.1218198878556049,0.2095606659494248,0.0665573113873452,0.6424049688622305,0.0417848729244309,17.924739783224087,0.5178953200213341,0.3924950537097284,3,2.7699957157027986,-2.117912869075566,3
mo0n,t,220,60.93181818181818,30.44145746091956,0.5409090909090909,0.2772727272727273,88.83181818181818,99.88181818181818,-11.05,3.604545454545456,0.2363636363636363,0.0909090909090909,0.0,0.0,0.0,0.1092436974789916,0.0817610062893081,0.5,0.1181818181818181,0.3697478991596639,0.3949579831932773,2.8181818181818183,0.1045454545454545,1.3545454545454545,0.9045454545454544,0.4545454545454545,0.0,2178.4294915282967,133.73557018391838,575.7587440255684,97.03785209901896,0.8946881868716583,0.0785193171307302,9742.97510240396,1637.146249491847,431.2414907648573,77.46076319709682,0.2824231500417452,0.0584856453470368,0.1091429301699038,0.037734477604773,0.5736191377971562,0.0460630586347105,16.562926047191507,0.4667794505899231,0.4100367713853107,2,-6.360797424468057,0.82342640189873,2
modo,t,130,58.823076923076925,29.952939148669223,0.5615384615384615,0.3769230769230769,79.0923076923077,86.70769230769231,-7.615384615384615,0.953846153846154,0.2,0.0538461538461538,0.0,0.0,0.0,0.0410958904109589,0.0864197530864197,0.3,0.1461538461538461,0.5068493150684932,0.3150684931506849,2.246153846153846,0.0461538461538461,1.1307692307692307,0.6923076923076923,0.3769230769230769,0.0,2145.554280788808,141.25374704940424,494.5512495892808,77.92866269308048,0.8981667321390742,0.0562278585741586,9001.765541819848,1124.663695105679,347.2584347110019,53.81999845018754,0.2956196649817733,0.0715696870570283,0.1304960964163087,0.0427650239321619,0.5591569605877791,0.0424392894390362,17.10981130439215,0.7755441724376904,0.4608673630330885,2,-6.003726787445306,0.4384671482963636,2
molodoy,t,296,80.67567567567568,24.80278395725677,0.7533783783783784,0.3378378378378378,109.77027027027027,100.51351351351352,9.256756756756756,2.3614864864864864,0.2128378378378378,0.0472972972972973,0.3228699551569506,0.2551020408163265,0.4121621621621621,0.1031390134529148,0.1530612244897959,0.4339622641509434,0.1891891891891892,0.4035874439461883,0.3856502242152466,1.8952702702702704,0.1148648648648648,0.8074324324324325,0.5067567567567568,0.4662162162162162,0.0,2108.6106784428744,137.4017073078478,549.271793017986,121.13166338338432,0.9410284307554037,0.0921453649940707,8695.076537705612,1312.3110995042712,405.0605873906405,123.9698270867968,0.3386797181822968,0.0932437118120555,0.1548366621218471,0.0463602942593165,0.6078499195687188,0.0486276080232554,17.45307148156603,0.6106191969714251,0.4640059148753337,2,-3.163196639898441,2.661949915973795,2
mopoz,t,138,61.20289855072464,29.67363090468612,0.5434782608695652,0.1594202898550724,77.56521739130434,113.17391304347828,-35.608695652173914,6.159420289855072,0.1884057971014492,0.0144927536231884,0.28,0.3103448275862069,0.4130434782608695,0.1733333333333333,0.1982758620689655,0.3611111111111111,0.144927536231884,0.6,0.0,2.4130434782608696,0.5362318840579711,0.5144927536231884,0.6666666666666666,0.6956521739130435,0.0,1995.199374421726,140.10558355251302,555.2473613109307,152.27502550806386,1.0299262754345833,0.1455272911278095,7880.459282008343,1587.3725380000512,444.6791031655261,143.5454682012564,0.4623220478686998,0.0984114036001994,0.2417246833317776,0.0341435706516965,0.6183564139833315,0.0696706375288602,14.10288865646038,0.7382723876285565,0.5556433520920977,3,3.554986066513556,0.2577522255411846,3
moseyuh,t,260,66.41153846153846,22.247336833287665,0.5923076923076923,0.2653846153846154,84.4076923076923,105.18076923076924,-20.773076923076925,2.519230769230769,0.173076923076923,0.0076923076923076,0.0,0.0,0.0,0.1818181818181818,0.1832460732984293,0.4444444444444444,0.1384615384615384,0.7727272727272727,0.0129870129870129,1.626923076923077,0.2653846153846154,0.2769230769230769,0.4346153846153846,0.65,0.0,2073.728050740846,149.55023724552748,570.040907249124,98.85231665578917,1.130445592190338,0.0944158542688547,8383.34943578607,1801.0066476932811,430.3639854327873,93.8574165800751,0.4285692484352099,0.0743661796886316,0.2491571786006516,0.0473102379208152,0.5840698195368957,0.0700490194960453,16.654695290525577,0.4941048094024906,0.3860155027817333,1,2.3991381466701136,0.6576328959018996,1
mzinho,t,428,67.40186915887851,36.47582570909262,0.6401869158878505,0.2336448598130841,88.22897196261682,108.46728971962617,-20.238317757009344,3.3481308411214954,0.1378504672897196,0.0116822429906542,0.1021897810218978,0.0853658536585365,0.1308411214953271,0.1094890510948905,0.1768292682926829,0.3409090909090909,0.1401869158878504,0.7700729927007299,0.0,1.7897196261682242,0.2593457943925233,0.4322429906542056,0.602803738317757,0.4953271028037383,0.0,2092.9112019242216,136.90250353053602,642.375003978518,106.23343178603876,1.1254005220492698,0.1416344703607133,8621.654443178448,1729.470907062045,488.068936695472,113.02516468931393,0.3874615361207845,0.101780215890127,0.2251010419417567,0.0520444618207985,0.5702137875822569,0.0580446325967828,17.65509200081614,0.8528848503013406,0.6295965618044117,4,2.269059371542668,2.239407165248793,4
n1ssim,t,436,58.0,23.97383813947044,0.5206422018348624,0.3256880733944954,72.68348623853211,96.81422018348624,-24.130733944954127,2.727064220183486,0.1926605504587156,0.0206422018348623,0.2643171806167401,0.2142857142857142,0.2821100917431192,0.105726872246696,0.119047619047619,0.4067796610169492,0.1032110091743119,0.7577092511013216,0.0,2.243119266055046,0.4105504587155963,0.6857798165137615,0.6467889908256881,0.5,0.0,2126.5137489959548,148.90448195750486,651.9694912318541,174.48009509634872,1.1579102944667914,0.1526415910398425,8018.046571385077,1390.9780455824036,507.6517765097245,173.0758486508797,0.3695796101240096,0.1108096169890667,0.2062369606189147,0.0621888529045633,0.6052019031129704,0.0656786636479664,20.012620732442063,0.6045185961265473,0.4344679599346702,4,1.5940747781323474,1.4766213343234025,4
naf,t,231,73.35064935064935,27.002747236787208,0.6320346320346321,0.277056277056277,89.71428571428571,102.73593073593074,-13.02164502164502,3.636363636363636,0.1948051948051948,0.0259740259740259,0.0,0.0,0.0,0.1438356164383561,0.0838323353293413,0.6,0.1341991341991342,0.7054794520547946,0.0205479452054794,2.1991341991342,0.4242424242424242,0.6103896103896104,0.6406926406926406,0.5108225108225108,0.0129870129870129,2162.38772882558,180.90698021415272,649.2126321370622,131.10246102318587,1.17033179833361,0.1428706420997009,8921.735515357435,1787.4888084389988,500.924572795002,117.50814003069048,0.3554134901772238,0.0876956748718477,0.1840925493268,0.0508962435225864,0.5393827715155347,0.0580111189717743,16.52053067438599,0.6950455267286002,0.5070728327387927,4,0.4869915735716252,3.523811874993265,4
nealan,t,52,59.03846153846154,25.20988540226759,0.4807692307692308,0.1153846153846153,70.36538461538461,143.71153846153845,-73.34615384615384,10.057692307692308,0.0961538461538461,0.0,0.32,0.0652173913043478,0.2115384615384615,0.2,0.1304347826086956,0.4545454545454545,0.0961538461538461,0.72,0.04,1.4423076923076923,0.3076923076923077,0.3269230769230769,0.4423076923076923,0.3653846153846153,0.0,2088.1503870607967,241.1434271637052,485.6406844215927,146.09468217239754,0.969488569384926,0.1082260575052983,7087.885485742927,1334.2882431623837,362.6442076481544,132.62319287198298,0.4155333042308417,0.0925076831252722,0.1858319934222349,0.0190314606947912,0.6143559532474142,0.0531378335059505,24.5105141953907,0.678436468408551,0.5211130987743345,3,3.420632217047243,-3.737289324704445,3
neityu,t,58,48.72413793103448,26.72707754235948,0.4655172413793103,0.293103448275862,62.58620689655172,100.93103448275862,-38.3448275862069,2.155172413793104,0.1724137931034483,0.0,0.0,0.0,0.0,0.1481481481481481,0.1219512195121951,0.4444444444444444,0.0689655172413793,0.8148148148148148,0.0,2.086206896551724,0.1379310344827586,0.4310344827586206,1.206896551724138,0.3103448275862069,0.0,2088.148165638004,172.37482533488244,558.1876613961543,133.01517296161427,1.033897114593066,0.101516330726739,8652.62275311832,1301.304394231542,375.339240849597,145.4524360555415,0.3911996783283814,0.1040822143652363,0.1934581396460098,0.0649634821343313,0.5642730635406122,0.0319920827643725,21.670757049958123,0.7172791992721207,0.6386887748587791,5,0.1797299862013709,-0.9086079983489316,5
nekiz,t,42,42.595238095238095,21.564127018594423,0.3571428571428571,0.1428571428571428,47.95238095238095,112.16666666666669,-64.21428571428571,3.952380952380953,0.1428571428571428,0.0714285714285714,0.0,0.0,0.0,0.1333333333333333,0.2222222222222222,0.2,0.0714285714285714,0.8666666666666667,0.0,2.357142857142857,0.1428571428571428,0.8571428571428571,1.0714285714285714,0.2857142857142857,0.0,2071.167348430862,132.0382952300836,505.73072725562287,46.34830390305554,1.0325902233515103,0.1097771431715836,7486.404346951666,1397.500822959425,359.3189360889638,48.94289986852044,0.3882109099854151,0.1174376815096545,0.2139515885900952,0.0682058150149694,0.6351234272673671,0.0526926067895501,20.83333333333333,0.2247730336732292,0.3054686733732252,0,0.472383702463798,-6.310235741304664,0
nertz,t,429,69.68997668997669,33.76523741016505,0.6107226107226107,0.247086247086247,88.0955710955711,106.10722610722613,-18.011655011655012,4.006993006993007,0.1748251748251748,0.0186480186480186,0.0,0.0,0.0,0.1755725190839694,0.2198142414860681,0.3931623931623931,0.1445221445221445,0.7404580152671756,0.0114503816793893,2.009324009324009,0.3053613053613053,0.6013986013986014,0.5431235431235432,0.5524475524475524,0.0069930069930069,2033.4687133543512,147.32914493097672,628.3365517416466,131.53121205717085,1.070037055381479,0.1042031832373507,8555.834757927576,1279.2793277647238,448.6379229714853,112.31152267029192,0.4016305187297688,0.0799950453504648,0.2534195247515196,0.0576812877008224,0.5943252513873837,0.0663732866759046,15.268378495559626,0.8269165487910072,0.5800808640334754,1,2.614999054530298,1.5840385393271188,4
nettik,t,108,81.62962962962963,29.943495331193706,0.6851851851851852,0.2407407407407407,100.1574074074074,107.55555555555556,-7.398148148148148,6.601851851851852,0.3611111111111111,0.037037037037037,0.3648648648648648,0.3170731707317073,0.4907407407407407,0.1756756756756756,0.1219512195121951,0.5652173913043478,0.1851851851851851,0.6891891891891891,0.0135135135135135,2.111111111111111,0.3425925925925926,0.5925925925925926,0.6296296296296297,0.5462962962962963,0.0,2001.91933672864,108.1469630230631,487.81602159939695,105.35183508181944,0.8962173915247105,0.0654420492009992,8844.973378059085,902.828495255542,295.5731374574086,63.538400710150505,0.4183193344567662,0.0658204246084455,0.2176529616879447,0.0428734068508418,0.5742459270485045,0.0428987223608613,17.809388701010057,0.6880195576243117,0.4322234724550369,3,-0.8911365419437794,1.5330039221628022,3
nicx,t,54,70.5,38.13898219621183,0.6296296296296297,0.2222222222222222,84.75925925925925,115.12962962962963,-30.37037037037037,2.462962962962963,0.2407407407407407,0.0555555555555555,0.2941176470588235,0.3333333333333333,0.4444444444444444,0.0588235294117647,0.1666666666666666,0.2222222222222222,0.1851851851851851,0.6470588235294118,0.0,1.962962962962963,0.2037037037037037,0.6666666666666666,0.5740740740740741,0.5185185185185185,0.0,2093.706528691508,112.1322794983533,674.8402380531038,89.40063352304979,1.1591526173758655,0.213312501349518,8867.359933863161,1894.7329901064309,522.1950631035925,111.9927710310728,0.3652512077482026,0.061848134973035,0.2282201916665625,0.0967519227582857,0.5639262899802677,0.0485730328775746,15.144367000698702,0.6083040700724158,0.4244181923218299,4,1.5505342833262166,2.097825864090637,4
niko,t,571,70.01576182136603,24.08132710422531,0.6444833625218914,0.2959719789842381,92.74080560420316,99.88266199649738,-7.141856392294221,5.479859894921191,0.1891418563922942,0.021015761821366,0.0,0.0,0.0,0.1385869565217391,0.1393034825870646,0.4766355140186916,0.1628721541155867,0.7880434782608695,0.0054347826086956,2.259194395796848,0.3502626970227671,0.6672504378283712,0.6094570928196147,0.6304728546409807,0.0017513134851138,2055.9163623119,100.16163767881692,665.8571196765976,150.8729351458352,1.0902563710507254,0.1256942766761108,8865.775031972606,1698.5789458976274,484.06200622198713,126.63973766856982,0.3734270795063958,0.0750219204004227,0.1988624201886142,0.0539624573892009,0.578442735963387,0.062489503653103,14.767202043041769,0.5951033766372863,0.4501733775473081,4,1.2722715381547791,3.1717530034639263,4
nilo,t,155,76.71612903225807,24.138303413279743,0.7290322580645161,0.2645161290322581,100.31612903225806,103.6516129032258,-3.335483870967742,2.225806451612903,0.1741935483870967,0.0129032258064516,0.4601769911504424,0.2982456140350877,0.5548387096774193,0.0619469026548672,0.0964912280701754,0.3888888888888889,0.2,0.8495575221238938,0.0088495575221238,1.3612903225806452,0.1290322580645161,0.4129032258064516,0.3741935483870968,0.4451612903225806,0.0,2076.502903279121,193.9271310625275,592.235643027309,180.4370149168821,1.084227115628407,0.2654117002612085,9071.848249638448,1401.433000596684,458.8110056551616,202.041331471934,0.4088050102780743,0.1015204673442588,0.2053183892914253,0.0632196642587597,0.5293624471007334,0.0446440175127815,12.628543133176786,0.6197999177922792,0.4210123204228976,4,1.955323802303541,4.427710361818667,4
nin9,t,105,55.12380952380953,15.599626509125187,0.5238095238095238,0.2476190476190476,75.11428571428571,109.65714285714286,-34.542857142857144,3.4,0.1714285714285714,0.1142857142857142,0.2363636363636363,0.1518987341772152,0.238095238095238,0.1454545454545454,0.1265822784810126,0.4444444444444444,0.1428571428571428,0.509090909090909,0.2727272727272727,3.009523809523809,0.1333333333333333,1.1523809523809525,1.1333333333333333,0.5428571428571428,0.0476190476190476,2067.2429751923364,92.77175110003424,534.1198010584023,86.21272252823114,0.9450714234625148,0.0536682481743503,8276.620808309572,1041.379022099448,390.6769978777872,72.69895509185217,0.3680995370477297,0.0995517690171163,0.140155544257094,0.0454733025953698,0.6086847422753959,0.033723028068366,13.88099778002872,0.3976914634079792,0.3175481477148391,2,-4.253662196474651,-2.612666254962761,2
nitr0,t,182,54.26923076923077,21.40401737922257,0.445054945054945,0.2472527472527472,69.27472527472527,106.97802197802196,-37.7032967032967,5.532967032967033,0.2252747252747252,0.0714285714285714,0.4074074074074074,0.2481751824817518,0.3681318681318681,0.037037037037037,0.1532846715328467,0.125,0.1098901098901098,0.6419753086419753,0.0123456790123456,2.9450549450549453,0.2527472527472527,0.8516483516483516,1.21978021978022,0.6208791208791209,0.0,2050.316032510056,88.89549218561264,473.98833703538406,67.27876483982486,0.90400535603846,0.0903169526118009,8656.843843242948,1435.8986306355664,333.79491326459964,62.7924379506757,0.4190141958532004,0.0804605358402472,0.1721511522275359,0.0655550389994911,0.5715000040753521,0.0414922364749037,15.794930425633217,0.4310295065035265,0.3315203244690214,5,-2.464650929038249,-2.8446884455668453,5
nota,t,266,64.01503759398496,25.311076663228924,0.5714285714285714,0.2218045112781954,85.95864661654136,111.15789473684212,-25.19924812030075,4.402255639097745,0.1578947368421052,0.018796992481203,0.3355263157894737,0.2560386473429952,0.3909774436090225,0.1513157894736842,0.1884057971014492,0.3709677419354839,0.1090225563909774,0.7960526315789473,0.0131578947368421,2.1766917293233083,0.2819548872180451,0.5375939849624061,0.575187969924812,0.7744360902255639,0.0075187969924812,2016.309282903236,133.64650989431246,530.7007219435112,90.81613196332404,0.937272193730171,0.1250530874180786,8491.44097736845,1705.734190656168,379.511187733071,77.38267664228769,0.3780506077018722,0.0943335814289834,0.2138890960820922,0.0555134616155904,0.6149909560834548,0.0647381270946314,22.710475205318765,0.5753757412456191,0.4282091321884902,3,1.2106196218554452,-0.4775047125929932,3
npl,t,438,72.00456621004567,27.72310816696443,0.6621004566210046,0.2351598173515981,92.14840182648402,104.87899543378995,-12.730593607305936,2.2260273972602738,0.182648401826484,0.0251141552511415,0.2758620689655172,0.244776119402985,0.3698630136986301,0.1758620689655172,0.2119402985074626,0.4180327868852459,0.182648401826484,0.7758620689655172,0.0103448275862068,1.7465753424657535,0.1552511415525114,0.5228310502283106,0.541095890410959,0.5273972602739726,0.0,1979.897485137369,130.4915410364597,559.5807526553546,103.68241111926524,1.003345514524024,0.0760277678984069,8357.35927672847,1388.8919529907978,402.7539083054947,88.18346452612809,0.4441521909123061,0.0741942080922712,0.2789783149756784,0.0588964561311036,0.5865193445660991,0.0572076335871935,16.867741227543164,0.6816943000132126,0.4874973902941801,3,1.7198733376453064,1.0256286077824712,3
osee,t,182,50.7967032967033,18.1728546961664,0.4175824175824176,0.2692307692307692,67.9065934065934,103.15934065934066,-35.252747252747255,1.5054945054945057,0.2362637362637362,0.0934065934065934,0.0,0.0,0.0,0.0789473684210526,0.0676691729323308,0.4,0.0769230769230769,0.5131578947368421,0.2236842105263158,2.3461538461538463,0.0439560439560439,1.1153846153846154,0.8516483516483516,0.3351648351648351,0.0,2122.499267573344,136.06092755345443,512.1976764547398,81.28859770126553,0.9399791774274668,0.0614309562937691,7732.3641830830675,1071.2370210858132,364.9113085866662,68.83607309380211,0.3380107527443178,0.0988568226833444,0.1431287617707327,0.0461575171237694,0.6191844556416958,0.0338044373485743,15.546844092235402,0.436319923359806,0.3566182166550256,2,-4.470356557582373,-3.650129605194784,2
phzy,t,117,51.40170940170941,23.90151589210644,0.4102564102564102,0.2307692307692307,68.67521367521367,102.1880341880342,-33.51282051282051,3.0427350427350426,0.2307692307692307,0.1367521367521367,0.4583333333333333,0.2,0.3418803418803419,0.0625,0.0777777777777777,0.3,0.0683760683760683,0.4166666666666667,0.3125,2.3675213675213675,0.0341880341880341,1.1452991452991452,0.7692307692307693,0.4102564102564102,0.0085470085470085,2130.208369862231,121.16076643069144,445.6517008457939,89.45959544922697,0.8970069804527627,0.0624641117582871,7630.776529815331,1520.8631907769377,334.1304585439384,65.77749083833659,0.3662124710047971,0.093241144239215,0.1408495252704668,0.0473128583650095,0.603895309375823,0.0477866358390387,19.642299051037487,0.5604467880902306,0.5367433783260196,2,-5.180101268940004,-3.341356976824428,2
piriajr,t,270,80.32592592592593,33.07232691308969,0.737037037037037,0.2814814814814815,108.6851851851852,99.94814814814816,8.737037037037037,3.725925925925926,0.1666666666666666,0.0111111111111111,0.2412060301507537,0.2268041237113402,0.3407407407407407,0.1608040201005025,0.1804123711340206,0.4776119402985074,0.2037037037037037,0.7638190954773869,0.0251256281407035,2.033333333333333,0.4962962962962963,0.4333333333333333,0.5666666666666667,0.5370370370370371,0.0,2029.1527513265728,135.05945747712124,620.1586614617893,150.79695196226172,1.0859363052958015,0.1224667322378004,8586.134980595196,2293.1562897998465,474.4094716041739,110.40563216566568,0.407673737504401,0.1097189552104003,0.2248818780348105,0.0502926594932063,0.5931248222381191,0.0831681601459893,16.741702015693313,0.838490723322262,0.5923284938867374,4,2.4694069391112263,5.051755545495941,4
pr,t,327,68.08562691131499,24.750474106456632,0.6207951070336392,0.2996941896024465,86.41590214067278,98.434250764526,-12.01834862385321,4.920489296636085,0.1926605504587156,0.0244648318042813,0.0,0.0,0.0,0.1182266009852216,0.1877729257641921,0.3582089552238806,0.1559633027522936,0.8177339901477833,0.0098522167487684,1.926605504587156,0.437308868501529,0.4036697247706422,0.5107033639143731,0.5749235474006116,0.0,2092.1433970543258,132.101241596462,622.0049453505534,112.46330001997536,1.1285526835762785,0.1187025444014688,8836.437240574065,1323.3094504026797,470.833964265764,96.20464298857924,0.4061125188877434,0.0638431697288797,0.2153569570089043,0.0597388591686911,0.5578459336691804,0.0490092674955151,15.613602901838837,0.5404350190835763,0.41189668788899,4,1.712858841642919,2.0548928572026117,4
qw1nk1,t,87,63.32183908045977,32.95740981232374,0.4942528735632184,0.1494252873563218,77.93103448275862,114.1264367816092,-36.195402298850574,3.4482758620689653,0.2068965517241379,0.0,0.2558139534883721,0.3648648648648648,0.4367816091954023,0.2790697674418604,0.1351351351351351,0.5454545454545454,0.1034482758620689,0.4883720930232558,0.0,1.6551724137931034,0.3218390804597701,0.2068965517241379,0.5287356321839081,0.5977011494252874,0.0,1999.178997860416,61.58915879470051,531.3669336356959,150.1311327119254,0.9635402899395454,0.1295321653495972,8128.903187330412,558.235319445964,383.58691700361913,135.64688893649458,0.4246267376991613,0.0846784085912842,0.24852043547848,0.0790145393851586,0.6022875809213366,0.0373932195106215,12.533962781551326,0.6729956937145755,0.4335164215895383,3,2.6921559909965915,-1.2503006214379988,3
rainwaker,t,321,69.42990654205607,23.551902733450227,0.6105919003115264,0.2897196261682243,87.53894080996885,99.41744548286604,-11.878504672897195,3.84735202492212,0.1682242990654205,0.0093457943925233,0.0,0.0,0.0,0.1224489795918367,0.1359649122807017,0.4363636363636363,0.1246105919003115,0.8112244897959183,0.0,1.722741433021807,0.3862928348909657,0.3831775700934579,0.5171339563862928,0.4299065420560747,0.0062305295950155,2113.336695922695,128.07823861977707,704.7763765735768,194.9312845927656,1.1710392778455747,0.1740990167828797,7721.861782199732,1090.375354652681,558.9013326604677,176.95893690897165,0.4052989680263624,0.0862459730640845,0.2463813016960659,0.066364575858495,0.6089738848310959,0.0449964336811817,22.178687000995406,0.6323026621182721,0.5220647534416996,4,3.876952463702124,2.3306803294040392,4
rdnzao,t,59,44.74576271186441,10.610909515678827,0.3728813559322034,0.1525423728813559,58.3728813559322,110.30508474576273,-51.932203389830505,3.23728813559322,0.1864406779661017,0.0508474576271186,0.3181818181818182,0.32,0.3898305084745763,0.1818181818181818,0.16,0.3333333333333333,0.0677966101694915,0.6363636363636364,0.0,1.9830508474576272,0.1694915254237288,0.6440677966101694,0.6949152542372882,0.4745762711864407,0.0,1937.4799161359144,93.23765123314828,460.5216791651073,140.35438957831434,0.9644390969233618,0.1055246632055226,7778.315862156281,994.1197486159032,337.5398682218553,123.67902361517947,0.459551625713925,0.0910493569027741,0.2311469489697909,0.0983210075488384,0.6024723043432011,0.0421513103856782,14.472803622288165,0.3636640519761673,0.2606393535802082,0,1.420789995448233,-4.944708211768103,0
rez,t,327,79.1743119266055,29.07273326711016,0.6880733944954128,0.2752293577981651,100.21100917431193,103.5290519877676,-3.3180428134556577,5.079510703363915,0.2813455657492354,0.0091743119266055,0.0,0.0,0.0,0.1288888888888889,0.1856540084388185,0.3972602739726027,0.1498470948012232,0.7466666666666667,0.0177777777777777,1.9357798165137607,0.2660550458715596,0.6055045871559633,0.5535168195718655,0.5107033639143731,0.0,2047.4137565000217,154.95986356335953,535.6195714772692,144.64202465782876,0.9872781245021104,0.145727036022043,8250.302005912541,1506.3969852521948,404.7974434916281,132.024816208893,0.4152474682693397,0.1003773441982745,0.2199202055791036,0.0739868964670502,0.5889982669064421,0.0527660068662255,18.361465805592623,0.7089262540082664,0.512220082630909,1,1.9579928109140108,2.172628403322944,1
ropz,t,286,69.13286713286713,24.13150037171209,0.6713286713286714,0.3321678321678322,89.56643356643356,98.63286713286712,-9.066433566433568,4.783216783216783,0.1573426573426573,0.0104895104895104,0.2552083333333333,0.1989528795811518,0.3041958041958042,0.109375,0.0890052356020942,0.5526315789473685,0.1643356643356643,0.75,0.0,1.7552447552447552,0.3811188811188811,0.3846153846153846,0.4965034965034965,0.493006993006993,0.0,2066.3037171208825,161.5367230302534,752.4708472104888,160.57284677360846,1.200115698902286,0.1492249186643937,8301.62625699894,1390.2781295921943,604.294630637,126.49661345887374,0.360394184879464,0.1070885008465388,0.2236876708660631,0.0644393729402898,0.5855027093835358,0.0553901856492533,14.351029856292016,0.5425624716055929,0.3941266984777014,4,2.3421977155763294,3.9666585649734873,4
ryu,t,117,72.06837606837607,27.61395819203076,0.6752136752136753,0.1965811965811965,89.75213675213675,115.33333333333331,-25.581196581196583,3.4017094017094016,0.1196581196581196,0.017094017094017,0.3670886075949367,0.1702127659574468,0.3846153846153846,0.1012658227848101,0.1914893617021276,0.3076923076923077,0.1709401709401709,0.6708860759493671,0.0,1.264957264957265,0.2307692307692307,0.2307692307692307,0.3931623931623931,0.4102564102564102,0.0,2062.2789834674563,134.1098401030786,472.704707295319,145.84822801068384,0.945019083922543,0.122899427345291,7063.9272971085775,1298.93724323171,342.05164304795187,116.46686157655483,0.4336214379361515,0.095556345039817,0.2102204180045159,0.0642572826744171,0.6165151110757366,0.0554519133914999,19.04260719574305,0.6806714222838799,0.4219958516982714,3,2.419322333501049,-0.9387029007031106,3
s1mple,t,83,73.3855421686747,15.24517292309504,0.7469879518072289,0.2771084337349397,109.144578313253,107.3855421686747,1.7590361445783131,3.060240963855421,0.2048192771084337,0.0963855421686747,0.4193548387096774,0.2166666666666666,0.4698795180722891,0.1612903225806451,0.0666666666666666,0.7142857142857143,0.2048192771084337,0.4354838709677419,0.2419354838709677,2.156626506024097,0.036144578313253,1.0963855421686748,0.6746987951807228,0.3373493975903614,0.0120481927710843,2092.599872793654,175.67308025417134,498.5223444591981,58.17910531009367,0.8868263611685732,0.0643325597803479,9851.08359908956,1456.7828450946795,361.06351101885593,60.000207158241615,0.3146051763668019,0.0705558532047068,0.1522473925081089,0.0316769348801004,0.54849177906055,0.0267738004365179,10.302818094750345,0.4076781673026384,0.3260997773519559,2,-6.185589565647576,1.8937146253460344,2
s1n,t,247,50.08502024291498,22.46797102426518,0.4493927125506073,0.2874493927125506,65.82995951417004,100.04858299595142,-34.21862348178138,3.963562753036437,0.2186234817813765,0.0850202429149797,0.3873873873873873,0.25,0.3522267206477733,0.0990990990990991,0.096590909090909,0.3928571428571428,0.0728744939271255,0.7297297297297297,0.009009009009009,3.3441295546558703,0.2672064777327935,1.3643724696356276,1.0850202429149798,0.6194331983805668,0.0080971659919028,2155.264482428154,87.23201606200125,510.082770762138,102.3304039540761,0.9399292798598784,0.1078299658266523,9636.428817822103,1247.1600174124203,367.8657014962968,112.76821148574189,0.3386605523689067,0.0653730071429314,0.1477343290912597,0.0590771665965181,0.5621973383127081,0.043423636759787,20.084021382557232,0.8403241437408837,0.5663098449422791,5,-4.02202220963591,-0.4362382971739461,5
s1ren,t,137,63.7956204379562,19.64067244800076,0.5547445255474452,0.2846715328467153,78.8905109489051,100.86861313868611,-21.978102189781023,4.160583941605839,0.1751824817518248,0.0145985401459854,0.0,0.0,0.0,0.1184210526315789,0.1530612244897959,0.375,0.1240875912408759,0.7105263157894737,0.0,1.897810218978102,0.4963503649635036,0.3503649635036496,0.5401459854014599,0.5109489051094891,0.0,2031.8004774252647,118.184685753563,600.9268829605691,149.6958908229434,1.0578177182497586,0.0845671044910535,7845.400869506139,1840.6892955831988,443.7244432470725,86.11964294347665,0.4275332069522972,0.0997997968063247,0.2041681451263068,0.0591946583375431,0.5885832735630203,0.0684900795801227,13.444171352447436,0.4579639066091037,0.3872683543601711,1,2.114534255162188,0.2522243866535755,4
s1zzi,t,438,64.46575342465754,21.738530789125225,0.6164383561643836,0.2625570776255708,90.71004566210046,102.44748858447488,-11.737442922374427,1.6894977168949772,0.1598173515981735,0.0662100456621004,0.2851851851851852,0.2105263157894736,0.3310502283105023,0.137037037037037,0.1083591331269349,0.5138888888888888,0.139269406392694,0.2629629629629629,0.5259259259259259,1.6712328767123288,0.0296803652968036,0.7853881278538812,0.589041095890411,0.2671232876712329,0.0,2092.7279613533715,134.6156792773166,508.9722276309818,73.32348924878735,0.9281026214438486,0.0918028555588967,8345.462872385711,1232.379032947573,365.5797921735253,77.401928222295,0.3334536940996209,0.0684472287724131,0.1564428233833103,0.0379405402115746,0.5903166661054022,0.0418118043553958,18.24404007840688,0.5478313392408483,0.4189490425704191,2,-4.626679779728802,-0.5060931788812029,2
saadzin,t,436,60.309633027522935,33.04927716055338,0.6123853211009175,0.3944954128440367,87.9151376146789,93.51146788990826,-5.5963302752293576,3.970183486238532,0.231651376146789,0.110091743119266,0.2883895131086142,0.2689393939393939,0.3394495412844037,0.0936329588014981,0.1022727272727272,0.4807692307692308,0.128440366972477,0.3857677902621723,0.3970037453183521,2.736238532110092,0.1123853211009174,1.213302752293578,0.9243119266055044,0.4839449541284403,0.0022935779816513,2122.50878038045,137.61698400329416,498.0065641375948,150.64595649122847,0.93013381093695,0.1422854101002281,9455.106110876255,1926.1087229656168,364.13004028897547,156.51369511002216,0.3368382388330195,0.0878113610760232,0.1448286852002999,0.0467742437806983,0.5689542390825968,0.057436349527354,13.409854795986876,1.050810065330511,0.6044378292751807,2,-5.069092709152514,3.259117337248344,2
saffee,t,270,59.096296296296295,22.50964580008185,0.5074074074074074,0.3037037037037037,79.21851851851852,100.97777777777776,-21.75925925925926,2.2888888888888888,0.1888888888888888,0.0444444444444444,0.1970802919708029,0.1808510638297872,0.2259259259259259,0.0875912408759124,0.1170212765957446,0.3529411764705882,0.0925925925925925,0.3795620437956204,0.4452554744525547,2.0037037037037035,0.0888888888888888,0.8,0.762962962962963,0.3518518518518518,0.0,2105.266882033221,166.49325365376905,541.1076588487176,114.11349366150142,0.9840560564319224,0.0991774998945304,9160.353496472046,1300.6909732206918,420.18221983316886,93.19936190959582,0.3358497616233475,0.1027413111304252,0.1372620009256114,0.0441280247299193,0.561267004731123,0.038583572534807,14.344123761974307,0.6037799599885042,0.4619599346822033,2,-3.97873359973188,-0.3174227068095567,2
sausol,t,138,67.98550724637681,28.996425616524245,0.6086956521739131,0.2318840579710145,88.01449275362319,117.18115942028986,-29.166666666666668,4.72463768115942,0.1666666666666666,0.0072463768115942,0.0,0.0,0.0,0.119047619047619,0.160377358490566,0.3703703703703703,0.144927536231884,0.7976190476190477,0.0238095238095238,1.7681159420289856,0.2971014492753623,0.5144927536231884,0.4420289855072464,0.5072463768115942,0.0072463768115942,2033.116949231745,133.5263171728529,594.1044705612014,151.70196944521618,1.1068342668280329,0.1529378619332886,8509.33733346605,1320.2076230852726,446.0154186869156,130.9156620458226,0.4599282212236783,0.0730587554872268,0.2434917403462484,0.0597403344292553,0.5852128486724588,0.0598235418518055,16.93398334763547,0.5694606717590422,0.4461422053061278,1,3.630753205639519,0.7216867707160664,1
scrunk,t,83,41.45783132530121,22.13749573637019,0.2891566265060241,0.1566265060240964,50.0,111.79518072289156,-61.795180722891565,2.7590361445783134,0.2048192771084337,0.0240963855421686,0.0,0.0,0.0,0.1666666666666666,0.2571428571428571,0.1818181818181818,0.0481927710843373,0.7083333333333334,0.0,2.27710843373494,0.1566265060240964,0.8554216867469879,0.7108433734939759,0.5542168674698795,0.0,2032.6739784489075,142.5556150143929,502.14643397832486,94.8210991543492,0.9047048396329546,0.1200406920116716,8195.348771694273,1480.5963393379411,372.3911911500774,69.54148318914908,0.3426871599381013,0.0464924957621703,0.1701166250728835,0.0407735030918585,0.5921121548902297,0.0639590726927078,23.144321691696163,0.4353482278547385,0.4490941036884149,5,0.0110313622687383,-5.009800020175687,1
sdy,t,54,71.53703703703704,34.37065029719181,0.5925925925925926,0.1296296296296296,83.16666666666667,112.42592592592592,-29.25925925925926,5.351851851851852,0.2777777777777778,0.1296296296296296,0.34375,0.1914893617021276,0.3703703703703703,0.0625,0.1063829787234042,0.2857142857142857,0.2037037037037037,0.75,0.0,2.1666666666666665,0.2222222222222222,0.8148148148148148,0.7037037037037037,0.4259259259259259,0.0,2074.427893581096,113.82986965599294,562.9348834500184,50.93119481690122,0.9911119608142032,0.0818605929072748,8579.378832177763,1861.6070210877688,437.68147987935095,88.57680138297005,0.3223532535556266,0.1061214236311595,0.1871537926079833,0.0450345408358179,0.5747022398023556,0.0772173553247233,21.868716028627308,0.7476194218986019,0.4338943098618671,5,-1.4768050787786535,0.598522481802078,5
senzu,t,83,71.42168674698796,17.770613312890706,0.6746987951807228,0.3012048192771084,90.50602409638554,93.56626506024097,-3.060240963855421,1.927710843373494,0.1686746987951807,0.0120481927710843,0.0,0.0,0.0,0.1785714285714285,0.1896551724137931,0.4761904761904761,0.1566265060240964,0.7321428571428571,0.0,1.7349397590361446,0.2289156626506024,0.5542168674698795,0.4578313253012048,0.4939759036144578,0.0,1991.4388292182955,119.64433508191186,576.6480187313728,78.57520617194345,1.013838722661196,0.0653904704100218,8242.627036576505,829.4494517361031,406.09110702869015,69.037736456776,0.3899663330356234,0.0606857739527064,0.2392030905002273,0.0739688199568164,0.5824509585316091,0.0318514700348992,17.750567445242396,0.3448131862502397,0.3555883340837878,1,0.5255956250257356,0.2917003878442353,1
sfade8,t,220,64.10454545454546,20.07398958183016,0.5818181818181818,0.1863636363636363,83.56818181818181,113.85909090909092,-30.29090909090909,4.086363636363636,0.1772727272727272,0.0181818181818181,0.0,0.0,0.0,0.1328125,0.1955307262569832,0.3269230769230769,0.1409090909090909,0.7421875,0.046875,2.6,0.3909090909090909,0.740909090909091,0.740909090909091,0.7181818181818181,0.009090909090909,2003.3632659934967,98.43674624487764,649.5414413303771,126.39197221776428,0.9975721389235608,0.1319333595204089,9232.501709313148,1936.1415313485013,509.7607429912016,123.59919908201668,0.3984506822051764,0.0727459698139297,0.2339546796288291,0.0790057144716578,0.5976027153132444,0.0603342524929873,19.911399172541465,0.673734313450078,0.5188712102601046,1,2.5362845463854464,0.7677618664521362,4
sh1ro,t,367,72.20435967302453,35.05825056694384,0.7193460490463215,0.4550408719346049,107.04904632152588,80.858310626703,26.190735694822887,2.302452316076294,0.1961852861035422,0.0735694822888283,0.3484848484848485,0.24,0.3814713896457766,0.0568181818181818,0.09,0.4545454545454545,0.1716621253405994,0.3333333333333333,0.4848484848484848,2.495912806539509,0.0871934604904632,1.1907356948228882,0.7656675749318801,0.4523160762942779,0.0,2104.3216559832013,154.89788102101457,557.9718448810163,110.96803608150022,0.9126543824063926,0.077721005628812,9555.799966615432,1165.9907607845705,399.21375000175584,100.62869776917142,0.3154786197351125,0.1165825454301444,0.1376082544786764,0.0574500213865193,0.5628544073789129,0.0437052817725811,14.541056305327425,0.7643633732381934,0.5814576906218407,2,-6.397513778289984,4.602453410419363,2
shock,t,130,59.292307692307695,25.39296235792981,0.6076923076923076,0.3,77.36923076923077,99.79230769230767,-22.423076923076923,4.215384615384616,0.1538461538461538,0.023076923076923,0.0,0.0,0.0,0.1265822784810126,0.1428571428571428,0.4347826086956521,0.1153846153846153,0.6708860759493671,0.0253164556962025,2.223076923076923,0.3769230769230769,0.6,0.6615384615384615,0.5769230769230769,0.0076923076923076,2095.4906436320284,176.90237069807048,608.0886907794743,126.26680229408736,1.074864332682277,0.1187297975870847,7909.842019824613,1399.6220581382368,462.091794199112,100.19111882270184,0.3955520848083036,0.0737544495039843,0.2286326268256973,0.0677672094861572,0.5811302943918999,0.0461987234076175,17.33737474967954,0.645994651181067,0.4925582097445029,4,1.3015181040064836,0.8736196990021495,4
siuhy,t,231,57.891774891774894,21.546483485972484,0.4848484848484848,0.264069264069264,72.62337662337663,102.50649350649353,-29.883116883116884,4.346320346320346,0.1991341991341991,0.0303030303030303,0.3482142857142857,0.2529411764705882,0.354978354978355,0.0892857142857142,0.2176470588235294,0.2127659574468085,0.1125541125541125,0.7946428571428571,0.0,2.757575757575758,0.2337662337662337,0.9523809523809524,0.9913419913419912,0.5800865800865801,0.0,2051.7861134281857,123.17272441734738,491.2894485742205,77.8376350483272,0.9418317566782256,0.0787629986468725,7933.60725680119,1395.8921617232731,359.4181846106065,75.52019986053844,0.3713916910260895,0.0841658717576412,0.180264272149155,0.042729016940243,0.6000397482397389,0.0517918938823324,16.816317771690365,0.5653857171626514,0.4398769697624028,5,-1.4415712128312403,-2.0228498031999647,5
sjuush,t,40,67.45,20.69906734345508,0.575,0.2,87.85,112.75,-24.9,2.175,0.05,0.0,0.2608695652173913,0.125,0.25,0.0869565217391304,0.21875,0.2222222222222222,0.1,0.5652173913043478,0.0434782608695652,2.425,0.35,0.7,0.95,0.425,0.0,2117.0871104620564,83.18712516480267,624.0305408858034,74.3398455288811,1.060378465120824,0.1061517165790374,6642.8782363794,1090.571171501009,454.40766677423215,126.43168100437792,0.3610450618644078,0.0894014008038385,0.1400580427467794,0.0393339314124783,0.6708840117806742,0.0775180379898594,10.485881160098264,0.7032524884420959,0.4414787656213134,0,0.5241064837885208,-2.087616716180292,0
sk0r,t,105,71.11428571428571,24.67575989272868,0.638095238095238,0.219047619047619,91.6952380952381,100.88571428571429,-9.19047619047619,4.0285714285714285,0.1142857142857142,0.0,0.0,0.0,0.0,0.1791044776119403,0.1585365853658536,0.48,0.1428571428571428,0.7910447761194029,0.0,1.7428571428571429,0.4571428571428571,0.4571428571428571,0.4857142857142857,0.3428571428571428,0.0,1971.9913445854595,128.44323304587795,569.4629330575954,82.16910440142247,1.0237823165699464,0.1164367837334758,8204.620759166266,2018.022827675056,437.8189178430161,104.52174243958376,0.4566448466179357,0.1244115184584959,0.2385913609432262,0.0436205549098024,0.6204719657675268,0.0628719345802121,10.717898592156104,0.4837184093772387,0.3691943779941761,1,2.9042584715414104,0.6700066068749029,1
slaxz-,t,247,52.497975708502025,36.3644015971439,0.4534412955465587,0.2793522267206478,75.23886639676114,101.24696356275304,-26.008097165991902,3.769230769230769,0.1781376518218623,0.0809716599190283,0.1875,0.1573033707865168,0.1983805668016194,0.1964285714285714,0.1011235955056179,0.55,0.0890688259109311,0.2857142857142857,0.4821428571428571,2.57085020242915,0.1295546558704453,1.1821862348178138,0.8825910931174089,0.3724696356275304,0.0040485829959514,2179.017261306164,106.75143853933533,516.3481714488998,91.92539030306855,0.9358131467410528,0.1002369344523993,8439.38434877259,1329.6487523530816,375.64285308911775,67.34389006339669,0.3307723544651297,0.065208368473238,0.1440189795905687,0.0565239314867137,0.6068949601671242,0.0435765897556898,16.492823371287468,0.9870087629546436,0.642156027100786,2,-4.8365298389085885,-0.6306233002679241,2
snappi,t,40,60.925,15.236009824437977,0.6,0.2,77.275,111.425,-34.15,6.275,0.075,0.0,0.0,0.0,0.0,0.0833333333333333,0.09375,0.4,0.15,0.4583333333333333,0.0416666666666666,2.875,0.25,1.0,1.0,0.625,0.0,1967.6852764977807,34.60670997228604,536.8754599216153,42.59286986419401,0.933158250647543,0.0340318071508171,8753.504678277333,1453.1642341620015,360.34197904391664,36.43218452773868,0.4592377468649553,0.0821087100354579,0.2232615341348422,0.0491023111505353,0.5729701782499728,0.0587975856188345,23.935677693908456,0.4214113192594617,0.3795146556579181,5,-0.9651904242066944,-2.054657120046067,5
snax,t,327,65.89602446483181,25.65865021287573,0.5351681957186545,0.2232415902140672,83.36391437308869,112.05810397553516,-28.69418960244648,6.376146788990826,0.2538226299694189,0.0305810397553516,0.0,0.0,0.0,0.1828571428571428,0.2362204724409448,0.3478260869565217,0.1070336391437308,0.7657142857142857,0.0171428571428571,2.688073394495413,0.4342507645259938,0.764525993883792,0.8287461773700305,0.6574923547400612,0.0030581039755351,2051.560971043319,102.48296957394555,554.027407746638,86.89970032277124,1.033380506648793,0.126033128039312,8181.022427041718,1803.0568748679875,423.3649712234125,99.02453445760658,0.4103845947632543,0.072361491284891,0.2172848499813089,0.0510572403770909,0.5961295294019107,0.0715717977613003,17.738080515679627,0.6093546288906643,0.4657982531212175,1,1.7506265109728985,-0.2744624565829275,1
snow,t,270,71.97407407407407,27.667369261042623,0.6370370370370371,0.2481481481481481,87.27407407407408,103.97407407407408,-16.7,3.6259259259259258,0.174074074074074,0.0037037037037037,0.3023255813953488,0.2019704433497537,0.3444444444444444,0.1104651162790697,0.2266009852216748,0.2923076923076923,0.1666666666666666,0.7267441860465116,0.0116279069767441,1.9222222222222225,0.1814814814814815,0.5962962962962963,0.6888888888888889,0.4555555555555555,0.0,2042.248500836862,135.90238677170515,574.5443656022053,101.35873924664892,1.0430537359827008,0.1461896759271484,8377.522832344788,1515.1943482349564,417.6351082677213,79.56641505769642,0.3871436115759079,0.0940286991833204,0.2067351572086602,0.0476033528137445,0.5898729366826557,0.0577912417684339,18.157486857294657,0.5855251671501656,0.4541323259899819,3,0.8852612319452491,0.7674047328262358,3
sonic,t,182,61.72527472527472,22.776513079435297,0.5714285714285714,0.2197802197802197,79.41208791208791,111.58791208791207,-32.175824175824175,4.5054945054945055,0.1428571428571428,0.0054945054945054,0.0,0.0,0.0,0.1826923076923076,0.2464788732394366,0.3518518518518518,0.1263736263736263,0.7692307692307693,0.0096153846153846,2.17032967032967,0.3626373626373626,0.7692307692307693,0.467032967032967,0.5659340659340659,0.0054945054945054,2018.6061344392167,92.14632783013845,551.4905101308626,101.4483517563944,0.9991930351088576,0.137033242602682,8052.034807776935,1409.484981436971,410.1603094727049,100.90769342008136,0.4228225819999703,0.0528779027882166,0.2139889941837453,0.061764794672783,0.608374755744421,0.0469160956999668,14.032890482626522,0.5401488744493853,0.3874328841269825,1,2.4049233950787654,-1.2596525715122255,1
soulfly,t,228,70.35087719298245,33.29830158769503,0.6403508771929824,0.293859649122807,87.43859649122807,101.94298245614036,-14.50438596491228,2.491228070175439,0.219298245614035,0.0263157894736842,0.1986301369863013,0.2546583850931677,0.3070175438596491,0.2123287671232876,0.2298136645962732,0.4558823529411764,0.1447368421052631,0.7191780821917808,0.0,1.5614035087719298,0.175438596491228,0.3947368421052631,0.5614035087719298,0.4298245614035088,0.0,2042.5523541823309,148.52444869434265,590.358980353457,136.53579938410505,1.0128110502114955,0.1013908617654231,8421.472074142288,1798.611025069973,410.46120264640246,105.95473091460885,0.4103136304760815,0.0992477214395796,0.2238819262881755,0.0607650507297676,0.588927735255031,0.0800029003245402,21.85442103634188,0.776779574831845,0.6206574882167529,3,1.738173944214256,1.996211368715851,3
spinx,t,454,65.84361233480176,36.90844179963292,0.5726872246696035,0.3149779735682819,83.30616740088105,100.19383259911896,-16.887665198237887,3.332599118942732,0.1696035242290749,0.0154185022026431,0.0,0.0,0.0,0.1461538461538461,0.135048231511254,0.475,0.1387665198237885,0.823076923076923,0.0,1.7951541850220265,0.473568281938326,0.3105726872246696,0.5022026431718062,0.5044052863436124,0.0044052863436123,2060.9448677959267,159.7535111313818,628.5406611779017,161.944423692732,1.1296175898931011,0.1600120322536932,8236.211592829482,1594.7634187873798,485.1449380419707,149.9283500164432,0.4049869167079881,0.1082823106362637,0.2124732037573299,0.066916094999609,0.5905108569994183,0.064003592174557,19.2811670808401,0.5843562129694646,0.4999292071008802,4,3.3431937183354408,2.5542627462105485,4
staehr,t,117,70.34188034188034,30.82480513279045,0.5811965811965812,0.2051282051282051,91.32478632478632,114.6068376068376,-23.28205128205128,7.051282051282051,0.1794871794871795,0.0256410256410256,0.0,0.0,0.0,0.2352941176470588,0.2365591397849462,0.4210526315789473,0.1282051282051282,0.6176470588235294,0.0,1.7435897435897436,0.1794871794871795,0.5384615384615384,0.5213675213675214,0.4957264957264957,0.0085470085470085,2077.185138378443,139.9531445465189,519.5738710305745,121.58435215584625,1.0099719873329602,0.1482869024443171,7302.80899393097,1368.9295432090885,386.7369950936939,127.4821390033146,0.431525434363222,0.0768223855889873,0.225107284572737,0.0536973507185161,0.604146063459198,0.051499735750883,25.921588724615763,0.6893543784191002,0.5461403440783378,1,2.8642700590554866,-0.4757278989235072,1
starry,t,144,83.77083333333333,30.596378132432385,0.7361111111111112,0.3194444444444444,110.64583333333331,95.40277777777776,15.243055555555555,5.444444444444445,0.2152777777777778,0.0347222222222222,0.0,0.0,0.0,0.1320754716981132,0.1836734693877551,0.4375,0.2013888888888889,0.6981132075471698,0.0094339622641509,2.263888888888889,0.3680555555555556,0.6319444444444444,0.5902777777777778,0.6736111111111112,0.0,2102.28840919365,161.9114120358441,541.3657720344833,84.15499680648682,1.0121340970586925,0.1658298492451285,8344.809440038016,2054.668405623146,356.35035014774195,80.19276077581489,0.3768675085941373,0.0931433437321054,0.2256230518617464,0.0648987200685548,0.5967795000062189,0.0782275925528237,16.42267563772732,0.5495794668158338,0.4042027398951293,4,0.700297779463191,3.705159618004792,4
stavn,t,40,67.225,29.11736905277597,0.75,0.275,95.35,100.225,-4.875,3.15,0.05,0.0,0.3,0.1034482758620689,0.3,0.0666666666666666,0.0689655172413793,0.5,0.175,0.2666666666666666,0.4666666666666667,2.025,0.2,0.85,0.6,0.375,0.0,2086.545929538263,114.27385388450952,553.8857630058394,162.49657108050573,0.971565718352544,0.1875205351453362,8587.32085685719,1290.096148582904,431.9434706741071,124.26833355751616,0.3432370766064742,0.1296529327509535,0.1575153453637545,0.0361014036610002,0.6030262107330246,0.0532861028120406,14.231876063832775,0.6863520719475292,0.4899014767109642,2,-2.1291225632671957,2.494460547362753,2
story,t,108,51.77777777777778,32.46287219349859,0.6111111111111112,0.3518518518518518,77.45370370370371,90.75,-13.296296296296296,1.0,0.2037037037037037,0.1388888888888889,0.3181818181818182,0.1428571428571428,0.287037037037037,0.1363636363636363,0.1428571428571428,0.4736842105263157,0.1111111111111111,0.6060606060606061,0.1969696969696969,2.703703703703704,0.0277777777777777,1.3148148148148149,0.8981481481481481,0.4629629629629629,0.0,2080.7926997537847,153.42968784200198,554.623715494539,121.468250593463,1.00862268232316,0.0973357298859799,8776.149248547435,1117.5640640678316,421.2678299236133,94.85483620309932,0.3402349486656287,0.1085579753664742,0.1677015376667825,0.0283891151217053,0.5779601738555928,0.0586830124522562,18.07215551362344,0.9867813627068048,0.6713473324613638,2,-4.354066064612263,1.6948131771313557,2
stressarn,t,130,61.5,22.292856290582986,0.6,0.2461538461538461,78.06923076923077,106.0846153846154,-28.01538461538461,1.123076923076923,0.2,0.0307692307692307,0.0,0.0,0.0,0.1794871794871795,0.1632653061224489,0.4666666666666667,0.1307692307692307,0.6923076923076923,0.0,1.7923076923076924,0.2923076923076923,0.4230769230769231,0.5153846153846153,0.5307692307692308,0.0307692307692307,2065.974352693646,160.2998628428462,509.9313012377103,123.58114952222458,0.9188199900342402,0.1121085142965819,8188.551515392852,1561.1751779652964,360.9705587402008,98.02976856018265,0.3953206160189002,0.065503154905562,0.2290157852264958,0.0524133888732702,0.5809936800624688,0.0501327444915306,18.62908323053699,0.4988775847158409,0.4456057303597819,1,0.8434019400577859,-0.6226545532463807,1
sunpayus,t,429,59.92074592074592,22.476585582072715,0.5687645687645687,0.3356643356643357,86.73892773892774,96.68764568764568,-9.948717948717947,2.149184149184149,0.1818181818181818,0.0606060606060606,0.0,0.0,0.0,0.110655737704918,0.119298245614035,0.4426229508196721,0.1095571095571095,0.360655737704918,0.3524590163934426,2.827505827505828,0.0745920745920745,1.3426573426573427,0.9324009324009324,0.4545454545454545,0.0233100233100233,2145.7983969843644,116.19034365945647,529.7305852146308,80.13576546307016,0.9302601864256732,0.0819684816119263,9016.353154409,1047.9103249457307,396.0440211474212,84.80856401035754,0.3055652626941328,0.0625703262554956,0.1427027942418402,0.0474905441155246,0.591764776952364,0.0398715245954613,15.141938320075347,0.5870743792505434,0.4350361667397994,2,-5.561445650030691,-0.2520804554758262,2
susp,t,155,66.29032258064517,25.13384256631557,0.4903225806451612,0.2129032258064516,82.94193548387096,113.43225806451612,-30.490322580645163,4.458064516129032,0.2193548387096774,0.0,0.3026315789473684,0.3360655737704918,0.4129032258064516,0.131578947368421,0.1967213114754098,0.2941176470588235,0.1354838709677419,0.8157894736842105,0.0,1.7096774193548387,0.3870967741935484,0.3096774193548387,0.5612903225806452,0.4516129032258064,0.0,2063.7748961542648,116.31028572234032,602.3417787842964,214.84071205428413,1.0732956336015178,0.1991714526385403,8384.458931332165,1678.2575409236342,463.1955654120423,164.81555000876466,0.4031552910018222,0.0820935403424083,0.2091575296449596,0.062229135725798,0.5929697307618225,0.0584735944898239,11.738904120175173,0.5218252255028829,0.3741512639429489,3,3.520837533523158,0.7345691675404888,3
swisher,t,247,70.25101214574899,23.288941145481225,0.6032388663967612,0.2024291497975708,87.19028340080972,111.3846153846154,-24.194331983805668,9.319838056680162,0.2267206477732793,0.020242914979757,0.0,0.0,0.0,0.174496644295302,0.1573604060913705,0.4561403508771929,0.145748987854251,0.7315436241610739,0.0067114093959731,2.54251012145749,0.4615384615384615,0.6639676113360324,0.6153846153846154,0.7894736842105263,0.0121457489878542,2095.2237497084207,102.96344198120386,585.004272298372,109.12455149614064,1.0474606508161608,0.1210883397779,9036.40016977055,1359.4882465160729,406.1161107426376,125.66218969779092,0.3881094504600746,0.0710158832696541,0.2263443094156425,0.0993984585877115,0.5834780840475012,0.0497198803057864,21.174476394983653,0.5992602057716275,0.4354072784539067,1,2.2984292066470022,1.0446536189176143,1
tabsen,t,173,60.4393063583815,22.887827763196967,0.4739884393063583,0.1676300578034682,73.03468208092485,115.08092485549132,-42.04624277456647,3.757225433526012,0.2601156069364161,0.0231213872832369,0.0,0.0,0.0,0.1341463414634146,0.2291666666666666,0.25,0.0982658959537572,0.7439024390243902,0.0,2.184971098265896,0.2080924855491329,0.6705202312138728,0.8208092485549133,0.4797687861271676,0.0057803468208092,2113.900495977916,135.99757777215345,484.05544582600174,114.45447717348024,0.9526073149445956,0.092965020011001,7467.748591560236,1399.4224767129156,355.9049809510681,87.66426318920058,0.3866091157228795,0.0965062566189223,0.1988772310497968,0.0584953361274236,0.6151182084464495,0.062173881830351,16.67652497652099,0.5156650141834928,0.4328635684401026,1,0.8444571417360364,-3.2592387146700346,1
tauson,t,327,69.52905198776759,26.71260535286498,0.6697247706422018,0.2844036697247706,89.88073394495413,104.05810397553516,-14.17737003058104,7.015290519877676,0.2232415902140672,0.0244648318042813,0.0,0.0,0.0,0.091324200913242,0.1709401709401709,0.3333333333333333,0.1590214067278287,0.7123287671232876,0.0136986301369863,1.8318042813455653,0.3302752293577982,0.363914373088685,0.5168195718654435,0.6146788990825688,0.0061162079510703,2041.2580039901104,113.62799017985483,513.1071755453667,126.64023364433706,0.944970095476534,0.1195901121714857,8269.859439079692,1362.6662348129537,342.8415358462361,99.91285746879916,0.4183392170108164,0.0794499089642703,0.2030693507243482,0.0475461760042518,0.5953021785447022,0.0531117702034431,16.152388514825862,0.6377747730810756,0.4570914044611348,1,1.2260055723187997,0.8447643022391391,1
techno4k,t,428,57.4696261682243,19.117374593961987,0.4766355140186916,0.2546728971962617,70.26168224299066,103.95327102803738,-33.691588785046726,3.542056074766355,0.2009345794392523,0.0350467289719626,0.0,0.0,0.0,0.1225490196078431,0.2100313479623824,0.2717391304347826,0.1121495327102803,0.696078431372549,0.0049019607843137,2.088785046728972,0.322429906542056,0.6191588785046729,0.5981308411214953,0.5350467289719626,0.014018691588785,2065.285243817741,145.47838714770103,591.2545050502101,93.70422314953667,1.0306420420856344,0.0949734032713454,8964.059703543664,1672.757216690991,423.6384963900112,78.94523439051962,0.3963024851774674,0.0964150805611504,0.2142287184305122,0.0673771452685524,0.5639421890080549,0.0642550668953889,17.021141203036816,0.589925300100391,0.4712595092496009,5,0.9006432856594342,-0.737085616695265,5
tenzy,t,220,63.02727272727272,26.51598969272465,0.5681818181818182,0.1954545454545454,82.13636363636364,109.5,-27.363636363636363,3.090909090909091,0.1636363636363636,0.0227272727272727,0.256,0.2429378531073446,0.3409090909090909,0.16,0.2033898305084746,0.3571428571428571,0.1272727272727272,0.808,0.0,1.6090909090909091,0.2363636363636363,0.35,0.5681818181818182,0.4545454545454545,0.0,2040.156286022933,133.39301901292214,686.9205627356806,149.091199684726,1.066358960246333,0.1857545654735122,8489.608541059115,1392.1348998432109,543.0946119467113,142.32343548277933,0.402292710954805,0.1010136393282137,0.2559166381525786,0.0608875985156961,0.6063096620709856,0.0476838644978611,18.154113273071,0.6402998012689332,0.4746810905521604,4,3.568628997097309,0.868914720579482,4
teses,t,571,63.64798598949212,22.971529992599542,0.574430823117338,0.3152364273204903,84.34851138353766,100.84763572679508,-16.499124343257442,3.2154115586690017,0.1838879159369527,0.0245183887915936,0.0,0.0,0.0,0.1158536585365853,0.1381074168797953,0.4130434782608695,0.1243432574430823,0.7560975609756098,0.0060975609756097,2.330998248686515,0.2469352014010508,0.8038528896672504,0.7740805604203153,0.5061295971978984,0.0,2074.1573151214893,105.96350548928557,652.7724004801935,125.65760127755392,1.0729155829861063,0.1044108131056679,8818.076141699272,1563.9350003695042,468.4664090707645,101.51178911390114,0.3950672050160014,0.0759413027862758,0.2136140318581018,0.0477288539959559,0.580434323186445,0.0589228644428287,15.562884938695143,0.5260832117380254,0.3975755380801674,4,0.156759844449307,1.2060639289792734,4
th0r,t,52,34.78846153846154,13.024527163130696,0.2692307692307692,0.1346153846153846,42.21153846153846,111.75,-69.53846153846153,1.807692307692308,0.1346153846153846,0.0769230769230769,0.0,0.0,0.0,0.0714285714285714,0.1333333333333333,0.1428571428571428,0.0192307692307692,0.5,0.1428571428571428,1.4230769230769231,0.0576923076923076,0.8076923076923077,0.3653846153846153,0.1923076923076923,0.0,2157.030402854368,252.44008496611144,478.3500533542984,140.7933439805662,1.003673704671472,0.0964652866246065,7143.03273842943,1295.378107127594,372.95203010966446,120.98055791084924,0.3346746870832161,0.1004104900836022,0.1697627327155773,0.0630635520559746,0.6068647787689756,0.0554678564413065,16.46132001661296,0.2153136851043084,0.2191274141445085,0,-0.7517345515796245,-7.029177496340634,2
tjp,t,56,61.142857142857146,40.80013105915769,0.4821428571428571,0.1428571428571428,75.85714285714286,120.80357142857144,-44.94642857142857,3.125,0.1607142857142857,0.0178571428571428,0.0,0.0,0.0,0.1111111111111111,0.1875,0.25,0.125,0.6296296296296297,0.0,1.9642857142857144,0.3392857142857143,0.5535714285714286,0.375,0.6785714285714286,0.0178571428571428,2121.0388575617544,162.88941154222414,522.7836309217207,78.47169325595146,1.000070832690427,0.1157090346422395,7333.486458834533,1450.8396012937435,321.7853781176559,67.8331397435719,0.376205745693705,0.0603541264850221,0.2023571400989344,0.0291875795227197,0.6219603479194449,0.0564759239732559,27.63853991962833,0.8278641570330241,0.7093232231431513,1,1.8141851758920915,-2.0913560754040046,1
tn1r,t,367,65.6267029972752,28.24322222760488,0.6049046321525886,0.326975476839237,84.08446866485014,95.55313351498636,-11.46866485013624,4.790190735694823,0.1880108991825613,0.0245231607629427,0.0,0.0,0.0,0.1441441441441441,0.2024291497975708,0.3902439024390244,0.1416893732970027,0.8153153153153153,0.0,2.1716621253406,0.3133514986376022,0.7084468664850136,0.5340599455040872,0.6130790190735694,0.0027247956403269,2035.094440513261,127.50416178179069,632.3325970115593,124.57194752517518,1.021504010868496,0.1035342778331835,9133.13850880873,1497.968297209044,460.909761535227,111.29408518211734,0.3928585247038135,0.1029566883165858,0.2345256409604836,0.0778841684244622,0.5660052859444488,0.0701308711061729,17.14520480990009,0.6108613240602616,0.4718138650668104,4,1.5980204901255666,2.3025266189102074,4
torzsi,t,454,57.16079295154185,20.66136127515523,0.5704845814977973,0.3568281938325991,83.62555066079295,97.24449339207048,-13.618942731277532,1.9801762114537445,0.198237885462555,0.105726872246696,0.3745173745173745,0.2191780821917808,0.3546255506607929,0.081081081081081,0.0890410958904109,0.4468085106382978,0.13215859030837,0.3552123552123552,0.3976833976833976,2.092511013215859,0.0550660792951541,1.0220264317180616,0.6057268722466961,0.4074889867841409,0.0022026431718061,2072.1027118767192,142.6286870335384,483.3597275497273,93.98802825242696,0.918410421785636,0.0972469776506956,8646.528934220498,1317.5463003009138,363.4076261319264,87.25073149141794,0.3642400209458482,0.0913511436174968,0.1446211068128189,0.056516792384011,0.5938233624552969,0.0501964151556786,15.29956464491604,0.4836007122387178,0.3592894984800289,2,-4.964473994831062,-0.3291567875979279,2
try,t,54,50.96296296296296,29.00264435581056,0.5555555555555556,0.1666666666666666,68.72222222222223,107.66666666666669,-38.94444444444444,2.1666666666666665,0.1111111111111111,0.037037037037037,0.4333333333333333,0.1777777777777777,0.3888888888888889,0.1,0.1333333333333333,0.3333333333333333,0.1111111111111111,0.3333333333333333,0.3,1.4814814814814814,0.037037037037037,0.7962962962962963,0.4629629629629629,0.1851851851851851,0.0,2058.4569996476826,181.49615742884623,503.4784565187148,67.11427736530807,0.9269418431335512,0.089418300903475,8221.121918404533,1549.5055958536684,366.7571170690031,87.24538797500223,0.3422515442613467,0.1154658969194009,0.1610107213945712,0.0429236589893053,0.6069933627336581,0.0499529718400448,14.391998805920936,0.5297025344474009,0.4285270205240433,2,-2.46069465166858,-2.7013798757416945,2
twistzz,t,58,66.94827586206897,20.99004293950612,0.5862068965517241,0.1034482758620689,88.98275862068965,123.67241379310344,-34.689655172413794,1.2758620689655171,0.2068965517241379,0.0344827586206896,0.0,0.0,0.0,0.2647058823529412,0.173076923076923,0.5,0.1551724137931034,0.7058823529411765,0.0,2.396551724137931,0.1034482758620689,0.9827586206896552,0.7241379310344828,0.5862068965517241,0.0,2002.7860439937224,182.6377459797704,546.8147948179587,56.9297963442552,1.0367010561618355,0.1349730142771058,8199.500999698252,1592.7302561905844,415.1089867511861,103.68604217460444,0.4204897798032312,0.0457542871215737,0.2272502432810113,0.0393872781828885,0.5817173100631321,0.1021264484607651,29.21608336257471,0.6508880330874551,0.5225593999161235,1,1.6131651018857227,-0.6155263074004363,1
ultimate,t,231,54.94805194805195,19.263019341566384,0.5367965367965368,0.2943722943722944,83.91774891774892,100.52380952380952,-16.606060606060606,2.3722943722943723,0.1688311688311688,0.0779220779220779,0.3306451612903225,0.1349693251533742,0.2727272727272727,0.0483870967741935,0.1165644171779141,0.24,0.1125541125541125,0.4032258064516129,0.3306451612903225,1.9653679653679648,0.0606060606060606,0.8874458874458875,0.6536796536796536,0.3636363636363636,0.0,2111.292585477454,129.2925320216512,483.0118668336566,59.98569500047439,0.9273010334904058,0.0947852589697156,8070.099224804944,1573.9556484559496,359.8506219925324,53.51808863696869,0.32453806488729,0.0612335518722382,0.1499423552150712,0.0384765007028271,0.5993873379567869,0.0485651934250781,13.378769277206668,0.4096454644402043,0.2978352108207228,2,-4.7355487124436975,-1.924686629361935,2
v$m,t,270,57.17407407407408,21.521979569040425,0.5148148148148148,0.2185185185185185,71.74074074074075,105.44074074074074,-33.7,2.2444444444444445,0.1481481481481481,0.0111111111111111,0.1726618705035971,0.1990521327014218,0.2444444444444444,0.158273381294964,0.1800947867298578,0.3666666666666666,0.1296296296296296,0.7338129496402878,0.0,1.7444444444444445,0.1296296296296296,0.5814814814814815,0.4481481481481481,0.5814814814814815,0.0037037037037037,1956.5070406013608,103.62270659787208,505.3487949805253,126.23923250292523,0.9237561896615272,0.1047069153835263,8624.631980417735,929.0078171617996,379.9032572144859,101.29236377483386,0.4252112470501792,0.1052158982925589,0.2278754371450403,0.0721318597596448,0.5865054503458513,0.0358451163707009,18.18575701517383,0.5024052983275005,0.4099774783616772,3,1.3636417586247729,-1.785032150695238,3
venomzera,t,210,62.06666666666667,28.42006722580464,0.5,0.1523809523809524,78.78571428571429,115.45714285714286,-36.67142857142857,3.4380952380952383,0.2095238095238095,0.0142857142857142,0.3714285714285714,0.3258426966292135,0.4619047619047619,0.1523809523809524,0.2134831460674157,0.2962962962962963,0.1142857142857142,0.6761904761904762,0.0,1.3952380952380952,0.1428571428571428,0.3380952380952381,0.4476190476190476,0.4571428571428571,0.0095238095238095,2051.523876713429,144.83845300243811,547.8058509941802,143.39076980001244,0.993990083998483,0.1177381732723124,7667.993062610615,1458.5281306769273,350.60051321623126,76.60166097237351,0.4309120440598737,0.0921661754026204,0.240322992640482,0.0631590701136589,0.598099704945955,0.0660899061871266,20.78159195409614,0.6061864230433949,0.4441648713736847,3,2.469803970471663,-1.8721710379431524,3
vexite,t,108,74.27777777777777,42.692782066641925,0.6574074074074074,0.2592592592592592,93.83333333333331,114.26851851851852,-20.435185185185187,6.592592592592593,0.2314814814814814,0.0185185185185185,0.0,0.0,0.0,0.1408450704225352,0.2125,0.3703703703703703,0.1851851851851851,0.676056338028169,0.0,2.203703703703704,0.4259259259259259,0.5185185185185185,0.6111111111111112,0.6481481481481481,0.0,1957.419837227588,115.13901318787146,525.6579516912575,99.25333613290454,0.941243085317265,0.0847366736200662,7565.293170176882,1284.5251863097742,329.6913808050171,67.90521041049922,0.4179394544011102,0.0808362597839483,0.2103123022928316,0.0506615942319503,0.6327206053738237,0.0554254576262578,22.963703634534703,0.8676774170811966,0.6810616016428012,1,2.221511169072252,0.626094433346764,1
w0nderful,t,284,69.78169014084507,28.723821658926227,0.7253521126760564,0.352112676056338,106.34507042253522,91.52112676056338,14.82394366197183,1.9964788732394363,0.1830985915492957,0.0598591549295774,0.3689320388349514,0.1956521739130435,0.3943661971830985,0.1116504854368932,0.1141304347826086,0.5227272727272727,0.1901408450704225,0.4368932038834951,0.3543689320388349,2.341549295774648,0.0633802816901408,1.1091549295774648,0.7605633802816901,0.4084507042253521,0.0,2114.002198239533,130.59343340881898,505.2129341637432,85.23572258633695,0.8944597750195766,0.0912484916433313,9690.138407212686,1564.5518670378842,356.2556231125213,58.91634971082836,0.3142343818115934,0.0611662065764359,0.1439854838198089,0.0427631436038787,0.545175287054974,0.0548497130914583,17.20464435279784,0.7735901362858922,0.5710572936440611,2,-5.907681649326676,3.617639135881674,2
westmelon,t,144,48.53472222222222,16.98092247025969,0.4097222222222222,0.2152777777777778,58.763888888888886,107.13888888888889,-48.375,3.8194444444444446,0.2361111111111111,0.0555555555555555,0.3389830508474576,0.2654867256637168,0.3472222222222222,0.1186440677966101,0.2389380530973451,0.2058823529411764,0.0902777777777777,0.576271186440678,0.0,2.5,0.2083333333333333,0.9513888888888888,0.7430555555555556,0.5902777777777778,0.0069444444444444,2064.023821281845,138.5774178621763,500.8799959461591,67.054010815801,0.9387158266057825,0.0686829527037583,8368.45722091141,2304.862247872112,343.3394343777659,72.7259244673948,0.381415898245907,0.0664945292358845,0.2244187704158317,0.0720940052662075,0.5980598853766943,0.081624303631996,19.89922276191482,0.5094579311100913,0.4243928900154611,5,-0.7208794672022453,-3.1737626751916546,3
wicadia,t,228,74.46929824561404,30.090501736698663,0.6842105263157895,0.3333333333333333,93.51315789473684,100.48684210526316,-6.973684210526316,3.1184210526315788,0.1798245614035087,0.0131578947368421,0.0,0.0,0.0,0.0961538461538461,0.1118421052631579,0.46875,0.175438596491228,0.7948717948717948,0.0,1.8596491228070176,0.3815789473684211,0.4078947368421052,0.5745614035087719,0.4956140350877193,0.0,2007.9473960495136,100.554742811248,588.5121576099552,125.06373613573874,1.0247704741471164,0.1256661050811278,9070.53120413016,1697.7988510689352,456.84087589914304,108.72192916239696,0.3994710693862777,0.0975670578703174,0.2284233173157699,0.0573489879669164,0.5522977613214635,0.071079695652248,20.724395914576736,0.5499824569392228,0.491451166010187,4,1.4493264191769757,3.3214293204234617,4
woxic,t,228,58.91666666666666,26.196266426426288,0.5877192982456141,0.3684210526315789,81.62719298245614,92.70175438596492,-11.074561403508772,2.4780701754385963,0.1578947368421052,0.0701754385964912,0.2761194029850746,0.2222222222222222,0.3026315789473684,0.126865671641791,0.1041666666666666,0.53125,0.1403508771929824,0.2985074626865671,0.4328358208955223,2.004385964912281,0.0614035087719298,0.9473684210526316,0.5570175438596491,0.4342105263157895,0.0043859649122807,2074.76548317929,131.76964000790153,513.2360066605278,103.71666287082655,0.914661787263451,0.0751237474863162,8803.305534781608,1233.1319257530174,365.87332385021983,74.4191266218659,0.3455665659894312,0.0921817389852445,0.1548633519589129,0.0464651219123764,0.580899419251211,0.0553523008798434,17.18213915509275,0.7021177333918913,0.5246157827096396,2,-4.701228817081132,0.8300934637685219,2
x5g7v,t,87,57.86206896551724,14.811655926887951,0.5057471264367817,0.1839080459770115,70.63218390804597,115.183908045977,-44.55172413793103,3.1724137931034484,0.2068965517241379,0.0344827586206896,0.0,0.0,0.0,0.1136363636363636,0.1690140845070422,0.2941176470588235,0.1149425287356321,0.6818181818181818,0.0,3.057471264367816,0.2183908045977011,1.206896551724138,0.9310344827586208,0.7011494252873564,0.0,2070.9856636166296,102.0577363164593,540.0760607543236,85.3982671469417,1.0146829476490802,0.0937965120413331,8771.189952517087,1058.9622826479406,429.768167669812,111.88638114320852,0.3566073737534971,0.0777118538954822,0.1962563788569614,0.0587743556186522,0.5899635295650546,0.040402150789419,9.650241397822644,0.3355189320416404,0.181465236760745,5,-0.98504535607885,-2.735558159699748,5
xantares,t,228,78.77631578947368,29.50130521061148,0.7192982456140351,0.2894736842105263,99.390350877193,103.140350877193,-3.75,3.1008771929824563,0.1842105263157894,0.0131578947368421,0.0,0.0,0.0,0.2378048780487804,0.1790123456790123,0.5735294117647058,0.1798245614035087,0.8109756097560976,0.0,1.5833333333333333,0.219298245614035,0.5131578947368421,0.3684210526315789,0.4824561403508772,0.0,1977.65111504746,92.3551891006697,537.0107164399199,87.81663991560144,0.9438158011611988,0.1135734904910687,8786.158942321543,1655.460663404936,371.9849615324824,74.9540485037812,0.4006243177413188,0.0696585178044756,0.2015425735553525,0.0589623054216554,0.5682882034800616,0.0650486484972228,13.042466892172074,0.7999329632439328,0.5217541504067172,1,1.0323825600137582,2.498801000793961,1
xeedo,t,87,60.98850574712644,12.434011983571857,0.5402298850574713,0.160919540229885,74.80459770114942,117.7471264367816,-42.94252873563219,2.7586206896551726,0.1839080459770115,0.0459770114942528,0.2340425531914893,0.2602739726027397,0.3448275862068966,0.2127659574468085,0.2054794520547945,0.4,0.1264367816091954,0.8297872340425532,0.0,2.126436781609196,0.1954022988505747,0.6551724137931034,0.6896551724137931,0.5862068965517241,0.0,2011.2541738656464,127.9362028283733,543.1585471124457,88.09545351586546,0.959191396010624,0.0914274213327864,8535.54941988602,818.0582514070145,377.8504099176539,70.83862223555771,0.4187417324765811,0.0660544605062857,0.2263019390727777,0.0481465995986563,0.5900154780580851,0.03090333390256,12.326454999333093,0.3477104759262662,0.2209723004623207,3,0.481011226009475,-3.020199154380719,3
xelex,t,454,67.6762114537445,36.12073987486634,0.6563876651982379,0.2731277533039647,88.98017621145374,105.8237885462555,-16.84361233480176,2.938325991189428,0.1409691629955947,0.0110132158590308,0.261744966442953,0.2636363636363636,0.3634361233480176,0.1409395973154362,0.2484848484848484,0.3387096774193548,0.1519823788546255,0.7885906040268457,0.0067114093959731,1.422907488986784,0.1696035242290749,0.4361233480176211,0.4185022026431718,0.3964757709251101,0.0022026431718061,1997.2833242426173,138.32372242461483,505.0019332229748,98.85761664258617,0.957093118316196,0.1316621468583651,8104.667035244078,1508.358057144192,360.76729436853145,86.62693117702625,0.4297751735476082,0.0891603894795027,0.2274160696589665,0.068840039339192,0.6019290989474408,0.0586314302926576,20.934814364912548,0.8290886693251194,0.5889994069420424,3,2.1296104853058053,0.5701590289591006,3
xerolte,t,105,67.61904761904762,23.44643076264684,0.5904761904761905,0.238095238095238,82.22857142857143,109.8952380952381,-27.666666666666668,5.0,0.1714285714285714,0.0285714285714285,0.3225806451612903,0.1375,0.2952380952380952,0.0806451612903225,0.1,0.3846153846153846,0.1523809523809524,0.6612903225806451,0.0,2.085714285714286,0.238095238095238,0.7047619047619048,0.6857142857142857,0.4476190476190476,0.0095238095238095,1987.830757968312,81.72015107004987,582.6617179167625,107.00759577158868,1.0242775277604923,0.086744222797978,7828.073600606876,1470.3658826805852,427.5433320715333,75.13255298146568,0.4542894782280611,0.0741185910283846,0.1999964635333977,0.0629711393028136,0.6217026986232866,0.065511085239428,17.63338556135897,0.3829349229109955,0.4213153113283827,3,0.7987873860131668,-0.885752165969498,3
xertion,t,454,74.81277533039648,26.45319420621512,0.6431718061674009,0.2731277533039647,92.95154185022028,103.96035242290748,-11.008810572687224,5.702643171806168,0.2511013215859031,0.0572687224669603,0.0,0.0,0.0,0.1404109589041096,0.1666666666666666,0.4270833333333333,0.1629955947136563,0.726027397260274,0.0,3.0220264317180616,0.2488986784140969,0.9118942731277532,1.2621145374449338,0.5969162995594713,0.0022026431718061,2031.716175121628,120.69646581884562,547.3975270980686,126.5851990141292,1.024471390198215,0.1029283397473703,8462.382264470862,1362.036089370703,421.9713529624293,86.87341785174993,0.403349491016107,0.087341386401619,0.1924406336745332,0.0545496533318879,0.590300288923988,0.0618277450859555,20.75452957703581,0.7239900442480234,0.5353616433461491,5,-0.4874404733189333,1.470698331390741,5
xfl0ud,t,155,61.774193548387096,23.013972855782978,0.4967741935483871,0.2193548387096774,74.92258064516129,108.15483870967742,-33.23225806451613,4.0,0.1741935483870967,0.0129032258064516,0.4025974025974026,0.2479338842975206,0.3935483870967742,0.1038961038961039,0.2148760330578512,0.2352941176470588,0.0903225806451612,0.7272727272727273,0.0,2.1870967741935483,0.2838709677419355,0.7096774193548387,0.5225806451612903,0.6451612903225806,0.0258064516129032,2018.817756194191,110.92756017427214,506.972027762673,76.08085130335402,0.9625691642389952,0.1429827471542473,8396.190217632198,1273.0341570366522,362.8525834333242,94.4072614170894,0.4093468468073009,0.0690701606932315,0.2195102895961355,0.0550557143685538,0.5925807236070451,0.0444424959912933,20.59175617130492,0.6871632832352735,0.4744885218632015,3,0.9510290201789996,-1.79799417730865,3
xielo,t,262,59.46183206106871,30.468246548626443,0.5687022900763359,0.2022900763358778,79.2557251908397,111.97328244274809,-32.7175572519084,3.84732824427481,0.1068702290076335,0.0038167938931297,0.0,0.0,0.0,0.1610738255033557,0.3110047846889952,0.2696629213483146,0.1106870229007633,0.7181208053691275,0.0067114093959731,1.5648854961832062,0.1946564885496183,0.3778625954198473,0.4885496183206106,0.5038167938931297,0.0,1999.0974546542657,100.82194532581605,574.7701637478789,96.08476528019452,1.0015588838816372,0.1229846499075731,8573.953752559873,1370.1436579298424,424.02120663384585,111.3167013568408,0.4198001766849965,0.0569924566349426,0.2876404756977281,0.0507133509508488,0.6094024748740993,0.0534688249320541,16.543839030851764,0.7061282360353432,0.5169117311781519,1,3.512595730034997,-1.1397572547840904,1
xkacpersky,t,40,60.1,20.95442585619952,0.4,0.2,73.8,107.175,-33.375,3.625,0.225,0.0,0.0,0.0,0.0,0.25,0.25,0.3333333333333333,0.05,0.75,0.0,1.125,0.2,0.1,0.425,0.4,0.0,1957.3261430224184,70.51664691209687,610.8862902695543,103.40063826339744,1.0161593210450577,0.1055038983632321,7153.134545097072,990.1865631510848,417.5727366093524,101.10768739689624,0.4809009924807957,0.1315285522421585,0.2157461583903464,0.0959535137297279,0.6559064399542806,0.041901733463032,15.774745405000758,0.3116622103068214,0.2979872390450079,0,4.460858757161614,-4.092950489976789,0
yekindar,t,296,73.86824324324324,28.757617469513445,0.6486486486486487,0.2297297297297297,92.82094594594597,104.64189189189187,-11.820945945945946,4.817567567567568,0.2567567567567567,0.0405405405405405,0.0,0.0,0.0,0.2447916666666666,0.2368421052631578,0.4653465346534653,0.179054054054054,0.7447916666666666,0.0052083333333333,2.1722972972972974,0.2297297297297297,0.8445945945945946,0.5337837837837838,0.5641891891891891,0.0,2060.961343887114,138.3428186750902,646.0738411818235,115.50749807400472,1.09049962130121,0.1053522904010298,9048.082689750778,1527.050016946224,481.4077371117255,116.50316043883694,0.3991720895143834,0.0812911817619636,0.2548438940515418,0.0808968926576,0.581565727286279,0.062567678491248,18.34933592987685,0.6665886786116859,0.5107016445477609,4,2.180794252824493,2.444699033366929,4
yuurih,t,296,71.48986486486487,21.778005869614663,0.6418918918918919,0.3412162162162162,89.83445945945945,99.24324324324324,-9.408783783783784,4.8074324324324325,0.2331081081081081,0.0236486486486486,0.3210526315789473,0.3025641025641025,0.4054054054054054,0.1,0.1128205128205128,0.4634146341463415,0.1148648648648648,0.7526315789473684,0.0052631578947368,2.189189189189189,0.375,0.5506756756756757,0.5574324324324325,0.7027027027027027,0.0033783783783783,2065.485967849788,118.51943299592786,569.9271702113379,174.26226584118376,0.9785931488004068,0.142159998872873,8695.622157569085,1418.2510408911508,433.2198725011863,121.72603991386896,0.3918340550330759,0.0706001210983338,0.2149344548059244,0.0650902545243814,0.5968291643521398,0.0479981193827705,14.83770459309098,0.5467544859278097,0.3949830176700818,4,0.5423036297853069,2.123507650965958,3
yxngstxr,t,155,59.27741935483871,17.906585990711047,0.5290322580645161,0.2580645161290322,79.10967741935484,99.70967741935485,-20.6,1.8774193548387097,0.2709677419354839,0.1354838709677419,0.4024390243902439,0.217391304347826,0.3741935483870968,0.1219512195121951,0.0695652173913043,0.5555555555555556,0.0903225806451612,0.6951219512195121,0.1219512195121951,2.587096774193548,0.0580645161290322,1.2258064516129032,0.9548387096774194,0.3483870967741935,0.0,2071.198024212193,118.07866607310012,461.9008168481252,104.69485407432614,0.8968160302572583,0.0570540021803744,8701.941025358861,1029.07448268114,342.5944808716874,72.26160431722286,0.3707167695353681,0.0943728040903625,0.1529769263499307,0.0512412738108948,0.583449071922623,0.0411990716172369,10.905773255508176,0.5165228307693914,0.3786751026383773,2,-5.181962482134764,-1.528276692782439,2
z4kr,t,144,59.86805555555556,15.67876161319343,0.5763888888888888,0.3472222222222222,88.59027777777777,97.0,-8.409722222222221,2.7777777777777777,0.2222222222222222,0.0833333333333333,0.1204819277108433,0.0957446808510638,0.1319444444444444,0.1204819277108433,0.0744680851063829,0.5882352941176471,0.1111111111111111,0.3132530120481928,0.3975903614457831,3.118055555555556,0.1041666666666666,1.6666666666666667,0.9375,0.3680555555555556,0.0416666666666666,2202.161820183612,147.20763054551193,514.4714105015198,107.60756767754606,0.9585004278873936,0.0961200510430192,9294.679014119884,1526.7139602719708,378.19094072483887,115.24059565774638,0.2997178861372672,0.110586405489941,0.117850706701987,0.0500296213224461,0.5769212671233964,0.0564537427854828,14.516842551036932,0.5509173681504295,0.4209207715074859,2,-6.672016615465528,0.7951812038345148,2
zero,t,78,74.58974358974359,17.420938397520548,0.5897435897435898,0.2051282051282051,88.92307692307692,108.17948717948718,-19.25641025641025,4.67948717948718,0.1794871794871795,0.0256410256410256,0.0,0.0,0.0,0.1304347826086956,0.1774193548387097,0.3529411764705882,0.1153846153846153,0.8043478260869565,0.0,1.5384615384615383,0.1923076923076923,0.2948717948717949,0.4743589743589743,0.5769230769230769,0.0,2044.00153878765,113.74600457580732,497.46672785469815,107.79322772751134,0.9476854850287044,0.0910748773010197,8442.51146816072,672.9335903416186,371.4929184782812,94.23985209935462,0.4223728141848531,0.0513675826287057,0.2451258738082833,0.0683211577642808,0.6056430808122458,0.0284089736861303,15.078668878386877,0.2694337426282511,0.2246845974102456,1,1.4691736437454312,-2.04991202213701,1
zero ,t,182,69.07142857142857,41.21843574698683,0.6483516483516484,0.2527472527472527,86.04395604395604,103.17582417582418,-17.13186813186813,3.241758241758242,0.1978021978021978,0.0054945054945054,0.0,0.0,0.0,0.0508474576271186,0.213235294117647,0.1714285714285714,0.1703296703296703,0.8050847457627118,0.0,1.467032967032967,0.2307692307692307,0.2362637362637362,0.521978021978022,0.478021978021978,0.0,2081.79583072494,114.31575206589154,492.00114006051183,151.19817575166545,0.988004400143874,0.130507284854184,8036.903106049586,1211.5699576719956,338.79495031092495,124.31632097204484,0.4138567138799681,0.0633064085296512,0.2183297237551989,0.0908447297916337,0.5858216736148864,0.0502544658372119,20.149608967411528,0.8361473058816269,0.6571929459604049,1,2.558648453009156,0.8963343296170375,1
zont1x,t,367,70.22615803814713,39.54189754027984,0.6294277929155313,0.3215258855585831,88.12534059945504,95.70299727520435,-7.577656675749319,7.294277929155314,0.2479564032697547,0.0381471389645776,0.2424242424242424,0.3172690763052209,0.3678474114441417,0.1212121212121212,0.1485943775100401,0.4307692307692308,0.1471389645776566,0.7662337662337663,0.0,2.220708446866485,0.444141689373297,0.5694822888283378,0.553133514986376,0.6539509536784741,0.0,2083.003508143785,136.74763365645404,714.1852993926565,132.13848039259466,1.140522017920658,0.1168313007924694,9428.044810765572,1567.139838446156,536.3007369684219,112.39644884640184,0.3604185199546176,0.0855547272687524,0.2338089638520034,0.0858675452123957,0.559437431841094,0.0524327833287059,17.548324730450478,0.9818228021185812,0.6795070513789644,4,1.640757822754775,4.986952782671786,4
zorte,t,367,65.94822888283379,23.28236052827997,0.6130790190735694,0.3188010899182561,96.52861035422345,96.50408719346048,0.0245231607629427,2.0544959128065394,0.215258855585831,0.1008174386920981,0.3155555555555555,0.196,0.326975476839237,0.1022222222222222,0.088,0.5111111111111111,0.1389645776566757,0.3466666666666667,0.4444444444444444,2.119891008174387,0.0790190735694822,0.989100817438692,0.6158038147138964,0.4059945504087193,0.0299727520435967,2089.7147716387403,120.12040111593508,490.02937860015095,89.12318683320453,0.9396471428933534,0.0832054935429714,8479.479182569841,1488.8306823129717,349.95120819678016,78.91180093905665,0.350229934742539,0.0972239054604485,0.1271616015869733,0.0394073645088052,0.5724407514426586,0.0446109737756592,16.469102549539045,0.5630363932046987,0.4302735141539131,2,-5.44824786892302,0.720043285403996,2
zweih,t,266,63.69924812030075,21.31268375435865,0.5375939849624061,0.2781954887218045,80.19548872180451,101.7593984962406,-21.56390977443609,4.654135338345864,0.206766917293233,0.0338345864661654,0.2797202797202797,0.2552083333333333,0.3345864661654135,0.1048951048951049,0.09375,0.4545454545454545,0.1390977443609022,0.7902097902097902,0.0069930069930069,2.421052631578948,0.2556390977443609,0.7744360902255639,0.962406015037594,0.4285714285714285,0.0,2122.833192736296,144.97245362879875,599.5061061017485,151.7451205734577,1.0324435398741945,0.1161511392478858,9511.757408734296,1416.1324102664355,416.5651077153696,133.47254421397562,0.3579556287378471,0.0982508801559641,0.1881004169991632,0.0725430964820049,0.578383857838435,0.0466208097451148,16.51003497040851,0.5603653640706213,0.4208472569042156,4,-0.8703335255372106,1.2351502913718375,4
zywoo,t,286,76.91958041958041,30.506491198672222,0.7307692307692307,0.3951048951048951,112.25174825174824,92.44405594405596,19.807692307692307,0.6608391608391608,0.2167832167832167,0.0699300699300699,0.0,0.0,0.0,0.1339712918660287,0.1387283236994219,0.5384615384615384,0.1818181818181818,0.4976076555023923,0.2727272727272727,1.933566433566433,0.1048951048951049,0.9125874125874126,0.5314685314685315,0.3846153846153846,0.0,2099.8766985442617,156.67929051747038,544.7914573433895,114.25858849703604,0.9099678639822292,0.0905096614800468,9620.866613283324,1851.2698039897605,394.9035550367007,102.2097227473721,0.3136226238578143,0.1111805241041688,0.1391585239984527,0.0577513961814358,0.5543159343690934,0.0592600996562649,16.459022496788027,0.7271571414674514,0.5356805084003932,2,-3.9215770030434425,4.3880411856528605,2
