player_name,side,rounds_played,adr,adr_std,kpr,survival_rate,damage_per_round,damage_taken_per_round,damage_diff_per_round,util_damage_per_round,assists_per_round,flash_assists_per_round,trade_kill_rate,death_traded_rate,trade_participation,opening_kill_rate,opening_death_rate,opening_duel_success,multi_kill_rate,rifle_kill_share,awp_kill_share,grenades_per_round,he_grenades_per_round,flashbangs_per_round,smokes_per_round,fire_nades_per_round,decoys_per_round,avg_distance_to_enemy,avg_distance_to_enemy_std,avg_distance_to_team_centroid,avg_distance_to_team_centroid_std,relative_team_centroid_distance,relative_team_centroid_distance_std,avg_distance_moved_per_round,avg_distance_moved_per_round_std,avg_distance_to_closest_teammate,avg_distance_to_closest_teammate_std,time_near_enemy_rate,time_near_enemy_rate_std,first_contact_rate,first_contact_rate_std,time_stationary_rate,time_stationary_rate_std,kast_std,impact_std,rating_std,cluster,pc1,pc2
 NAF-FLY,ct,80,90.7625,27.68652519274813,0.85,0.475,121.0625,83.675,37.3875,6.2875,0.175,0.025,0.1764705882352941,0.0714285714285714,0.1875,0.0294117647058823,0.0238095238095238,0.6666666666666666,0.2125,0.7352941176470589,0.088235294117647,2.3,0.6,0.3875,0.6625,0.65,0.0,2127.753904679421,116.3762706049134,923.108498358513,196.856107073974,1.1554692905631847,0.0565941852287721,9471.858512599263,1349.8135118361254,603.8928336739534,127.56638668052334,0.2928724195724012,0.0798830335899564,0.1619225987578144,0.052126530130893,0.5717970695429428,0.0352967786292782,8.629652337776964,0.8371161024897437,0.4987554630087287,5,-0.24203231113481083,1.8335118741256784
 karrigan,ct,12,34.5,0.0,0.25,0.5833333333333334,44.16666666666666,58.16666666666666,-14.0,7.5,0.25,0.0,0.0,0.0,0.0,0.0,0.0,0.0,0.0833333333333333,1.0,0.0,3.083333333333333,0.25,1.0833333333333333,0.9166666666666666,0.8333333333333334,0.0,2152.5029622980965,0.0,977.8100510758456,0.0,1.1174977157930506,0.0,11090.669663639588,0.0,682.753728592516,0.0,0.1913345630018817,0.0,0.1023699066569783,0.0,0.5486574206853726,0.0,0.0,0.0,0.0,2,-6.049235324786525,-2.296364623406445
 saffee,ct,86,69.01162790697674,18.79488531076466,0.6511627906976745,0.4418604651162791,98.0,82.66279069767442,15.33720930232558,6.093023255813954,0.127906976744186,0.0348837209302325,0.2142857142857142,0.2291666666666666,0.2674418604651162,0.1607142857142857,0.1458333333333333,0.5625,0.1395348837209302,0.25,0.5,1.6744186046511629,0.4186046511627907,0.3720930232558139,0.5348837209302325,0.3488372093023256,0.0,2040.820841006855,123.1234986749388,678.3079790601648,76.59647550132192,0.9649779902903094,0.1569409925028446,8390.660870082667,1307.3906566789342,554.1913235395076,61.87640785962595,0.307497190450881,0.0654921201153451,0.1469803799338556,0.0242819581937027,0.6254985421006293,0.0443735845198622,13.633970114881226,0.4799191932436655,0.353762860286194,3,-3.6231892281396783,1.317380913653505
 slaxz-,ct,56,79.375,33.089750831372314,0.8214285714285714,0.4285714285714285,111.69642857142856,86.51785714285714,25.178571428571427,6.821428571428571,0.1428571428571428,0.0535714285714285,0.2608695652173913,0.1875,0.3214285714285714,0.1521739130434782,0.09375,0.7,0.1785714285714285,0.2826086956521739,0.4565217391304347,2.0892857142857144,0.4464285714285714,0.5892857142857143,0.6428571428571429,0.4107142857142857,0.0,2068.53349547359,110.51186997388264,744.8913169853622,149.5802664041796,0.9594253045800486,0.1449646621405894,8681.025246296473,1361.3774386647049,504.4872858356558,96.38536467571626,0.3568950551699826,0.0711978288009776,0.1681614874330913,0.0444369950716916,0.6280184786274245,0.0669662443034973,6.810041983035013,0.6592167387306584,0.4731058587186846,3,-1.338052353218889,2.189000765487613
64984,ct,0,0.0,0.0,0.0,0.0,0.0,0.0,0.0,0.0,0.0,0.0,0.0,0.0,0.0,0.0,0.0,0.0,0.0,0.0,0.0,0.0,0.0,0.0,0.0,0.0,0.0,0.0,0.0,0.0,0.0,0.0,0.0,0.0,0.0,0.0,0.0,0.0,0.0,0.0,0.0,0.0,0.0,0.0,0.0,0.0,6,-27.475160680189123,-13.247107361775528
910,ct,285,78.22456140350877,20.5277798178761,0.8105263157894737,0.4385964912280701,112.36842105263158,85.46666666666667,26.901754385964917,4.47719298245614,0.1719298245614035,0.0350877192982456,0.1904761904761904,0.25625,0.2982456140350877,0.1818181818181818,0.1,0.7241379310344828,0.2105263157894736,0.2294372294372294,0.6147186147186147,1.936842105263158,0.3859649122807017,0.6140350877192983,0.5052631578947369,0.4280701754385965,0.0035087719298245,2168.5956152042063,103.30386757252566,810.1281112431035,105.4151859365322,1.042679340238322,0.0808873828913657,8614.582832780256,1457.9594313068658,577.8012366101154,60.75701872262906,0.255325072546248,0.0591343562519754,0.1433284304215417,0.0738540666058271,0.6228765092105938,0.045947414837698,10.026812785210076,0.5592234615828555,0.3836348273697567,3,-2.754686322558392,3.5153355638848502
AW,ct,190,77.72631578947369,32.417924155795035,0.7421052631578947,0.331578947368421,99.72105263157894,103.0421052631579,-3.3210526315789477,5.057894736842106,0.2421052631578947,0.0052631578947368,0.1985815602836879,0.2283464566929134,0.3,0.1063829787234042,0.1259842519685039,0.4838709677419355,0.1684210526315789,0.7021276595744681,0.0,2.889473684210526,0.7473684210526316,0.6210526315789474,0.7368421052631579,0.7842105263157895,0.0,2009.096069462675,129.31567017931056,719.5008515000177,141.16646077908374,0.9407183173731956,0.0961239251308547,9129.769541805574,1167.749978664758,525.4612287672539,84.68071499355817,0.3640069978963404,0.0806705144383583,0.2247090750849142,0.0813357061386367,0.5813118922981637,0.0587480675682167,17.640403063306497,0.6655339372306113,0.5232245531314947,1,1.7373000750786556,-1.7273078407332816
AZUWU,ct,117,61.84615384615385,28.65426746988477,0.5641025641025641,0.3333333333333333,82.02564102564102,99.1880341880342,-17.162393162393162,5.367521367521367,0.2307692307692307,0.0256410256410256,0.1666666666666666,0.1538461538461538,0.1965811965811965,0.1363636363636363,0.1282051282051282,0.4736842105263157,0.1111111111111111,0.7424242424242424,0.0,2.145299145299145,0.6495726495726496,0.3418803418803419,0.6239316239316239,0.5299145299145299,0.0,1906.3968077639952,134.64308399735037,669.8579700848239,184.43391643260853,0.8866984428288417,0.1311000201052718,8621.913644383605,1442.3438703466795,501.0759613811059,119.75924646845424,0.4008583922748532,0.0892520142148678,0.2470349264163138,0.0622117292733699,0.6206468545231955,0.0483128802875989,25.848576757221437,0.5971816396738808,0.5230783909389317,5,0.35008326982382604,-3.0609354265144937
AlekS,ct,53,69.79245283018868,36.60285025949948,0.5471698113207547,0.3018867924528302,83.81132075471699,114.9622641509434,-31.150943396226417,9.716981132075473,0.1698113207547169,0.0566037735849056,0.1724137931034483,0.1891891891891892,0.2264150943396226,0.0,0.1891891891891892,0.0,0.0943396226415094,0.6551724137931034,0.0344827586206896,3.0754716981132075,0.9056603773584906,0.6226415094339622,0.8679245283018868,0.6792452830188679,0.0,2068.167575004688,168.78610926840582,798.7822509589422,244.50736685910584,1.0370898702884426,0.1397233441574944,8734.94184916013,1363.7785740779757,532.9008359882225,112.98534488610166,0.378396838838965,0.0837063491075556,0.2191318245420942,0.0788220948907985,0.6020860908489966,0.0901312834213937,20.311362345475946,1.3401625799658563,0.7384011004146677,1,3.988568913652615,-3.247321594265351
Aleksib,ct,182,59.67032967032967,29.979964170710076,0.4945054945054945,0.467032967032967,70.45054945054945,75.56593406593407,-5.115384615384615,9.0989010989011,0.2912087912087912,0.0714285714285714,0.2111111111111111,0.2886597938144329,0.2582417582417582,0.1444444444444444,0.134020618556701,0.5,0.0714285714285714,0.5666666666666667,0.0,2.8956043956043955,0.6428571428571429,0.8461538461538461,0.7362637362637363,0.6703296703296703,0.0,2095.6841289850863,186.99237396199564,716.9997158590842,190.3908647022093,0.9896295620750796,0.1428856201570083,9405.460659646087,1780.715009500511,489.7188125447375,118.17977409303636,0.3135905553536623,0.1036509448937735,0.1947200935656576,0.0772287615679367,0.5474227832412294,0.0602168776589438,12.990335598899408,0.6716710210059561,0.5059043393743917,0,1.7679223610623331,-1.3458091787720152
BELCHONOKK,ct,150,78.33333333333333,22.69621891395412,0.6666666666666666,0.4066666666666667,96.19333333333331,91.85333333333334,4.34,5.573333333333333,0.2133333333333333,0.0066666666666666,0.25,0.2247191011235955,0.3,0.1,0.1685393258426966,0.4,0.1733333333333333,0.82,0.01,2.1,0.5266666666666666,0.3733333333333333,0.7,0.5,0.0,2050.2817610164407,172.26885444049935,801.9325214152158,216.14296930286997,1.066747101043555,0.1925621104685033,9100.037220581467,792.1033760080321,581.3414318668013,127.63610278449516,0.3179491170301242,0.0792491684728251,0.2256446080506016,0.0799775221675731,0.577207065070647,0.0431114548737114,19.49635374116112,0.6873842705567381,0.5557826083694734,5,1.2889977378516493,-1.1380035604797882
Bart4k,ct,69,68.89855072463769,23.21479513414739,0.4782608695652174,0.391304347826087,81.4927536231884,91.68115942028986,-10.18840579710145,2.4057971014492754,0.2608695652173913,0.0434782608695652,0.1212121212121212,0.1428571428571428,0.144927536231884,0.1515151515151515,0.0238095238095238,0.8333333333333334,0.0869565217391304,0.6363636363636364,0.0,2.1594202898550723,0.3623188405797101,0.6086956521739131,0.5942028985507246,0.5942028985507246,0.0,2062.559300162371,146.68471762314545,794.0152055347648,137.05706650179,1.0633028245128635,0.1157525713275225,7851.116630278218,1359.9782863042526,525.0203729062645,106.2596456249865,0.3483944221709174,0.0739974428575776,0.180938799225536,0.0905315221524094,0.6011672740316529,0.0579568492847203,23.219813478347792,0.5187394238465086,0.5261260553857251,5,-0.7848544032384408,-0.7900299201620642
Boombl4,ct,131,84.09923664122137,26.840951741850684,0.7633587786259542,0.4045801526717557,100.81679389312976,89.6412213740458,11.17557251908397,5.351145038167939,0.2748091603053435,0.0458015267175572,0.16,0.2179487179487179,0.2519083969465648,0.18,0.0256410256410256,0.9,0.1984732824427481,0.68,0.02,2.687022900763359,0.5572519083969466,0.6641221374045801,0.8396946564885496,0.6259541984732825,0.0,1969.8822338358225,136.42063945028812,624.7322086522508,146.23627567287215,0.9126468647063568,0.106409604651474,10153.42926968555,2112.535722760872,502.9183713578664,110.69927067477782,0.3775015286030515,0.1077581810047882,0.2333214612932323,0.0797138494621406,0.4973309230879188,0.0851094734856132,18.75288996469677,0.64691248386002,0.5327399455988607,0,1.6111581140326563,0.05987038940325985
Bymas,ct,117,77.36752136752136,27.524687157444948,0.7521367521367521,0.4615384615384615,93.02564102564102,84.47863247863248,8.547008547008547,3.495726495726496,0.1794871794871795,0.0085470085470085,0.1818181818181818,0.1428571428571428,0.2136752136752136,0.1136363636363636,0.1746031746031746,0.4761904761904761,0.2136752136752136,0.7840909090909091,0.0,1.931623931623932,0.3333333333333333,0.5897435897435898,0.3931623931623931,0.6153846153846154,0.0,2006.744397188302,114.21366329097374,748.176809824768,230.51386299475868,0.968434386677877,0.1204141726654961,9125.809702886903,1318.5698069632022,585.7290447123785,150.79471173427967,0.3432594926701594,0.0959852276173685,0.2179637743632489,0.0730801195248883,0.5963280690739086,0.0484196182319172,23.890601982130026,0.8251828048562526,0.6329936649646071,5,0.22761965638170312,-0.1916040093971206
C4LLM3SU3,ct,56,73.375,37.76713800333516,0.75,0.5178571428571429,91.46428571428572,71.08928571428571,20.375,4.678571428571429,0.125,0.0357142857142857,0.2142857142857142,0.1481481481481481,0.2321428571428571,0.0714285714285714,0.074074074074074,0.6,0.1785714285714285,0.6190476190476191,0.0,1.8392857142857144,0.3928571428571428,0.2678571428571428,0.6071428571428571,0.5714285714285714,0.0,2149.14701015556,153.22051282050222,842.9726528001096,212.9465750604008,1.0811386629555677,0.1000198273554655,8519.12614336072,1505.084777550515,598.5553502211824,118.30549259713176,0.2974957313325631,0.1162015672653966,0.1624658839764658,0.0970657980404413,0.5972022485958064,0.0567269157881036,11.07633446520938,1.0296589241103091,0.5236027588749467,5,-0.09028378867441542,1.345085321780178
Chr1zN,ct,86,69.62790697674419,17.2844691166649,0.6395348837209303,0.3255813953488372,87.81395348837209,94.15116279069768,-6.337209302325581,10.36046511627907,0.1511627906976744,0.0,0.2727272727272727,0.1551724137931034,0.2790697674418604,0.1636363636363636,0.2413793103448276,0.391304347826087,0.1627906976744186,0.6545454545454545,0.0,2.7209302325581395,0.5348837209302325,0.627906976744186,0.8488372093023255,0.7093023255813954,0.0,2097.5254253656094,131.10724449083375,894.6343131962653,197.69859935607604,1.1017822622994455,0.1484067050706744,9073.424209017672,1362.3018711598977,624.2948390108044,125.67190988260953,0.3543905196363386,0.1040158625209475,0.2081805615186423,0.0956510040921834,0.5841636574702003,0.0506856315314181,19.745421045127834,0.5197933387420715,0.4564671597223742,5,2.533586110300118,-1.7571290170358385
CrePoW,ct,53,51.54716981132076,31.522761470733187,0.3396226415094339,0.1509433962264151,59.905660377358494,110.69811320754717,-50.79245283018868,9.0188679245283,0.3018867924528302,0.0377358490566037,0.1111111111111111,0.3111111111111111,0.3018867924528302,0.2222222222222222,0.3111111111111111,0.2222222222222222,0.0943396226415094,0.5555555555555556,0.0,1.830188679245283,0.4339622641509434,0.3962264150943396,0.5094339622641509,0.4339622641509434,0.0566037735849056,1969.6306575933415,102.6032057610754,766.8159845395747,185.22712515186427,1.0211854792716766,0.0965043463457227,7076.531244707129,484.03549563396007,553.4998267614433,99.89401089831806,0.4470332751788562,0.0533466476686734,0.299203686847769,0.046606876341916,0.668062309743938,0.0316554217083698,15.482633308206282,0.4121557205267968,0.3300598312666906,5,-0.10673332981669782,-5.78650951147381
EliGE,ct,142,82.70422535211267,23.21256667627861,0.7253521126760564,0.3098591549295774,100.08450704225352,93.71830985915491,6.366197183098592,4.542253521126761,0.2957746478873239,0.028169014084507,0.1941747572815534,0.3265306122448979,0.3661971830985915,0.233009708737864,0.0918367346938775,0.7272727272727273,0.1830985915492957,0.8058252427184466,0.0,2.211267605633803,0.5845070422535211,0.5211267605633803,0.5563380281690141,0.5422535211267606,0.0070422535211267,2008.7533473388164,123.13266227987272,672.3249246730703,123.55042239807416,0.9603470410416866,0.1398034722007691,8749.086569147077,959.8351728853912,545.9162619125962,72.03937400422919,0.3519801063534827,0.0900453047832789,0.2273730588795082,0.1109802496952604,0.5843344525388212,0.043599244998769,16.240585388360042,0.6065805684774461,0.4063937988783506,1,0.6185968805407711,-0.8056116250624062
EmiliaQAQ,ct,56,80.03571428571429,16.089046193215047,0.7678571428571429,0.4464285714285714,101.875,93.28571428571428,8.589285714285714,2.946428571428572,0.1428571428571428,0.0,0.1627906976744186,0.1935483870967742,0.2321428571428571,0.1395348837209302,0.0967741935483871,0.6666666666666666,0.25,0.7209302325581395,0.0,1.6964285714285714,0.3571428571428571,0.375,0.5714285714285714,0.3928571428571428,0.0,2031.1065624067492,164.37757614552254,770.5830233813324,246.9640620020602,1.025754516612105,0.1632887636199781,8663.663363702419,1646.745854450725,512.1040512276795,119.518215988972,0.3710998227885897,0.082848806216622,0.2452895768320113,0.1067661018456957,0.6086252680688017,0.0506779637018018,11.486707293408516,0.7949257040755444,0.5008087495459239,5,0.2957397742863852,-0.04869566801816607
Ex3rcice,ct,46,71.76086956521739,17.15819842373168,0.6739130434782609,0.4347826086956521,93.8695652173913,80.6304347826087,13.23913043478261,11.369565217391305,0.2826086956521739,0.0434782608695652,0.2258064516129032,0.3846153846153846,0.3695652173913043,0.1290322580645161,0.1153846153846153,0.5714285714285714,0.1521739130434782,0.7741935483870968,0.032258064516129,2.065217391304348,0.4130434782608695,0.3695652173913043,0.6304347826086957,0.6521739130434783,0.0,2106.4343617158825,158.0249468819703,840.4623141876251,337.1251496207597,1.0963372590771778,0.2474528259433027,8703.587455955962,1266.7060759090946,566.5690121673426,159.65536248185327,0.3132273418495863,0.0740459381648196,0.2236313497849247,0.0232341128863513,0.5869386313696424,0.0273275389226329,10.758287072798389,0.6120438437454188,0.415307268046072,0,1.8273690088862766,-0.7813233225993028
FL4MUS,ct,127,89.8740157480315,34.22778240781172,0.7874015748031497,0.3228346456692913,114.44094488188976,101.76377952755904,12.67716535433071,4.551181102362205,0.2125984251968504,0.0,0.11,0.2790697674418604,0.2755905511811024,0.15,0.1046511627906976,0.625,0.1811023622047244,0.73,0.01,2.204724409448819,0.4960629921259842,0.4330708661417323,0.7795275590551181,0.4960629921259842,0.0,2043.039761573954,172.18320749033143,753.6880737804427,136.76511542713502,1.0775848187484405,0.1298934758911765,8294.389526628192,763.4226236668395,562.0104597299614,85.89159298752509,0.3248444130041442,0.0853927975205597,0.207836754688583,0.090752601408792,0.5809438172853296,0.0429927610481805,14.203117278225106,0.6783739101549336,0.5481630337710737,1,0.49747949495709565,-0.27851327688947664
FalleN,ct,126,72.16666666666667,24.819204245642425,0.6984126984126984,0.4682539682539682,92.26984126984128,77.43650793650794,14.833333333333334,5.746031746031746,0.2222222222222222,0.0396825396825396,0.1931818181818181,0.3880597014925373,0.3412698412698413,0.125,0.1044776119402985,0.6111111111111112,0.1746031746031746,0.6704545454545454,0.0113636363636363,2.523809523809524,0.4444444444444444,0.6507936507936508,0.8412698412698413,0.5873015873015873,0.0,2128.0741188184447,132.6048273975672,857.9755152254021,168.5399524419158,1.1234601455001625,0.1241971039679093,10049.913485378343,988.7296721249172,609.9507117539937,119.84297997586464,0.3114667928374372,0.0713740268871956,0.1772451054760034,0.058954652509214,0.542976766008421,0.0478981006275279,11.129677892498137,0.5940457832302962,0.3721793202456078,0,0.8899903934844666,0.8036458205376295
Gizmy,ct,117,76.82051282051282,28.37507910171257,0.6153846153846154,0.358974358974359,92.7008547008547,93.41880341880342,-0.717948717948718,11.854700854700855,0.2307692307692307,0.0085470085470085,0.1666666666666666,0.2133333333333333,0.2393162393162393,0.1666666666666666,0.16,0.5,0.1282051282051282,0.7361111111111112,0.0,2.7948717948717947,0.6923076923076923,0.6666666666666666,0.8632478632478633,0.5726495726495726,0.0,2038.8845929958204,165.3389189030784,746.9054547683618,184.6256031135873,0.9971907001220472,0.1668051549905882,9595.196269323198,2050.8274412681217,579.1441861989495,98.1629196310908,0.3611669827589769,0.0933053798989377,0.2062829134860497,0.0494266082925462,0.574709359094222,0.0709521462572703,23.39440543773604,0.6559448029900035,0.5673055556921431,0,2.696205270630628,-1.2909655948417476
Graviti,ct,46,85.1086956521739,13.786879833941963,0.8695652173913043,0.3043478260869565,124.7608695652174,92.08695652173913,32.67391304347826,5.086956521739131,0.3260869565217391,0.0652173913043478,0.35,0.375,0.5652173913043478,0.125,0.15625,0.5,0.217391304347826,0.725,0.0,1.891304347826087,0.3260869565217391,0.5217391304347826,0.5652173913043478,0.4782608695652174,0.0,1950.6138307403344,118.34340125497384,669.8594506466377,107.32908655621723,0.9331300704889804,0.1276905269032269,7704.117345124473,878.9428744785597,439.83044664723815,46.34368080028185,0.3839110045904348,0.1504929980017012,0.2586489186510826,0.1491494719385258,0.6342957217928421,0.0620799099960147,7.861650943380504,0.6812058548388047,0.3055308776992275,1,0.9063446506775975,-0.8266343085825815
Grim,ct,87,73.0,20.57971954026015,0.6896551724137931,0.264367816091954,93.52873563218392,107.9080459770115,-14.379310344827584,4.149425287356322,0.1724137931034483,0.0,0.2333333333333333,0.265625,0.3563218390804598,0.2166666666666666,0.125,0.6190476190476191,0.160919540229885,0.6,0.0333333333333333,1.8045977011494247,0.4367816091954023,0.2528735632183908,0.5862068965517241,0.5287356321839081,0.0,1996.1078920629477,144.91896815709984,657.132711602906,219.28633740477733,0.997620919042172,0.1820765600247376,7607.801719970871,437.607207486284,507.0951710042683,171.6911950758477,0.4266126139047206,0.0707067940906583,0.2573757040481145,0.0653573840241128,0.6240515536463226,0.0263010852798475,19.44299084726193,0.5643006306406544,0.4055900527376858,5,0.2531272271981068,-2.4993719896310576
HUASOPEEK,ct,114,70.13157894736842,24.94150664358961,0.6403508771929824,0.4912280701754385,85.76315789473684,69.97368421052632,15.789473684210526,2.9473684210526314,0.2368421052631578,0.0263157894736842,0.1643835616438356,0.4137931034482758,0.3157894736842105,0.2054794520547945,0.2241379310344827,0.5357142857142857,0.131578947368421,0.7671232876712328,0.0,2.456140350877193,0.4473684210526316,0.6491228070175439,0.7456140350877193,0.6140350877192983,0.0,2108.587073889985,156.6242715339445,832.3901728518889,272.34201764240805,1.0867303185319532,0.1609281739071283,8372.101309921887,2308.752977785144,618.0034241496458,124.3922004547246,0.3266450877303898,0.1108599828885189,0.1918536143069601,0.0798088456777066,0.6062401100459224,0.0627780435652703,12.382092716974668,0.5124273149323118,0.3594481709408024,0,2.297939404538474,-0.06884236452125397
HeavyGod,ct,152,89.86184210526316,35.011357924269795,0.8486842105263158,0.4144736842105263,113.65789473684212,87.83552631578948,25.82236842105263,3.7697368421052633,0.2236842105263158,0.0460526315789473,0.1550387596899224,0.247191011235955,0.2763157894736842,0.1007751937984496,0.0898876404494382,0.6190476190476191,0.2302631578947368,0.7441860465116279,0.0,2.6842105263157894,0.5197368421052632,0.6842105263157895,0.756578947368421,0.7236842105263158,0.0,2131.934170063292,196.08418826350868,987.455916782272,156.74849385172632,1.146151252671298,0.0809871716305414,9313.875135391989,1417.0608824610297,600.0213281301252,125.83529181297028,0.3227101122452546,0.0897421848699865,0.1984998041090414,0.0683374569007367,0.5735117044200201,0.0561756617352761,14.265171432377386,0.8702186033304605,0.5596835002171695,0,2.327198005776092,1.5494746028176138
HooXi,ct,88,58.26136363636363,14.177944468343872,0.4772727272727273,0.3977272727272727,74.51136363636364,84.5340909090909,-10.022727272727272,8.909090909090908,0.2045454545454545,0.0454545454545454,0.1666666666666666,0.1886792452830188,0.1931818181818181,0.1666666666666666,0.1132075471698113,0.5384615384615384,0.0909090909090909,0.6904761904761905,0.0,2.522727272727273,0.5568181818181818,0.6136363636363636,0.6363636363636364,0.7159090909090909,0.0,2174.4339239692827,195.99829748114163,818.6367310463555,207.19149495056905,1.1117555096264111,0.1099955006456828,8882.866533802791,1784.911923764535,627.7019750008753,132.28399003641982,0.2806811165578357,0.1282402659086085,0.1905960590605349,0.0661378479943258,0.5674741993873639,0.0427027307022836,15.933046207528776,0.5918955195999113,0.4297129648916662,5,1.2164287322672425,-1.3728052442960588
JBa,ct,107,66.6355140186916,21.707317735570367,0.5981308411214953,0.4018691588785046,81.54205607476635,84.0,-2.457943925233645,5.654205607476635,0.1214953271028037,0.0093457943925233,0.21875,0.21875,0.2616822429906542,0.09375,0.15625,0.375,0.1962616822429906,0.71875,0.0,2.1682242990654204,0.4859813084112149,0.4579439252336448,0.6074766355140186,0.616822429906542,0.0,2090.279156878796,77.50835791136751,900.2098058917652,120.16745687466876,1.0975584281172304,0.0809549428294575,9048.91134123564,1329.1404581269078,571.0784376781161,99.28106977171262,0.3236883312533153,0.0499661449172249,0.213077384383367,0.0643084270129134,0.598127444355457,0.0371797355728915,16.652982597876058,0.404395858165004,0.3824240483072124,5,-0.8295956635207317,-0.9653849031610658
JT,ct,56,77.94642857142857,11.54659707472496,0.7857142857142857,0.375,101.23214285714286,85.48214285714286,15.75,5.375,0.2321428571428571,0.0892857142857142,0.2272727272727272,0.3142857142857143,0.375,0.0454545454545454,0.1428571428571428,0.2857142857142857,0.25,0.75,0.0454545454545454,2.5535714285714284,0.4821428571428571,0.8571428571428571,0.7142857142857143,0.5,0.0,2095.2708331545664,71.68812101468669,757.1407928733167,117.23827902777418,1.0406584416512448,0.1384580445115175,8742.252095507243,1585.7237510580303,497.4500340205991,96.2000568927504,0.3021618042997746,0.0565901131547588,0.1370482376203312,0.043379683935446,0.5779729491385569,0.0458693375627424,10.24470685986158,0.3037621436408708,0.2911074007530788,0,-1.0024762300457135,-0.30680579083531445
JamYoung,ct,63,73.3015873015873,13.3181847279393,0.6349206349206349,0.2857142857142857,89.57142857142857,93.33333333333331,-3.761904761904762,7.936507936507937,0.1746031746031746,0.0317460317460317,0.125,0.1777777777777777,0.2063492063492063,0.175,0.1111111111111111,0.5833333333333334,0.2063492063492063,0.775,0.025,2.746031746031746,0.6031746031746031,0.6507936507936508,0.8253968253968254,0.6666666666666666,0.0,2028.313217915589,72.38577158939363,699.3080097840012,201.81667983426092,0.9915178054303364,0.1589303225642649,10460.539948743572,1135.46049350523,508.5864830988676,81.95934807006837,0.361851533412451,0.0268757920280608,0.2320716124344241,0.0747498944573319,0.5577488330412511,0.041703792350668,16.25679592646725,0.4401662200787182,0.2408462443944502,0,0.1360031235349355,-2.0117386515377076
Jame,ct,150,89.13333333333334,29.28223514207421,0.8666666666666667,0.52,121.74666666666668,73.3,48.446666666666665,6.46,0.18,0.04,0.1692307692307692,0.2638888888888889,0.2733333333333333,0.2307692307692307,0.1111111111111111,0.7894736842105263,0.2333333333333333,0.123076923076923,0.6384615384615384,2.16,0.5866666666666667,0.6066666666666667,0.6133333333333333,0.3533333333333333,0.0,2096.809389574264,119.67718924326591,690.2337808304196,85.22677489484899,0.9621641190267464,0.1148134139755476,9369.06999487674,1563.5651279751428,541.5772809030502,53.0902216372825,0.2567369208756652,0.0471019425468949,0.1461196532324956,0.0413397904178604,0.5875360893722433,0.043369291793467,15.410562299208044,0.9192712642804882,0.5760083989016099,3,-2.490526102315728,5.121256753895005
Jee,ct,63,48.98412698412698,19.84637940451214,0.5079365079365079,0.3809523809523809,70.92063492063492,96.5079365079365,-25.58730158730159,1.0,0.0793650793650793,0.0634920634920634,0.3125,0.1538461538461538,0.2539682539682539,0.03125,0.1282051282051282,0.1666666666666666,0.1269841269841269,0.15625,0.6875,1.7142857142857142,0.3492063492063492,0.4603174603174603,0.5079365079365079,0.3968253968253968,0.0,2152.8371157706883,84.04101348558606,745.4115661825444,154.86271707304806,1.0490126829533837,0.1196657838499326,8697.910409053991,1428.3167347061087,541.7694404016813,137.986851683882,0.2834474172664699,0.0522586449477614,0.1340818875345423,0.0683088622942954,0.6593773688783807,0.0712893887205655,13.82601020590772,0.3743814187072839,0.298948638586845,5,-3.322448844312014,-0.20369491104322954
KSCERATO,ct,126,95.0079365079365,36.64654135174366,0.8492063492063492,0.4126984126984127,114.53174603174604,89.0079365079365,25.52380952380953,6.849206349206349,0.2857142857142857,0.0476190476190476,0.1588785046728972,0.2972972972972973,0.3095238095238095,0.1495327102803738,0.081081081081081,0.7272727272727273,0.2142857142857142,0.8691588785046729,0.0093457943925233,2.6666666666666665,0.7777777777777778,0.5,0.8095238095238095,0.5793650793650794,0.0,1978.9676733097049,213.32019161046745,646.5565415131701,139.54083375474275,0.8879705566168297,0.0923623296761208,9947.194762227831,1054.7464125565753,500.1230049256704,71.83707124635927,0.3378727322110377,0.1093447698633971,0.201065927483716,0.081115730756463,0.539854646995883,0.0444409043406049,8.057422177979447,0.8230786988158814,0.6050683954488744,0,1.5742995141622207,0.22430477956143346
Krabeni,ct,83,109.71084337349396,35.42212566646084,0.927710843373494,0.253012048192771,135.3975903614458,104.59036144578312,30.80722891566265,12.16867469879518,0.253012048192771,0.0,0.1168831168831168,0.2258064516129032,0.2771084337349397,0.2207792207792207,0.1612903225806451,0.6296296296296297,0.2289156626506024,0.8181818181818182,0.0,2.27710843373494,0.5783132530120482,0.3253012048192771,0.7349397590361446,0.6385542168674698,0.0,2006.297966009315,88.67394804790781,775.3144221761871,101.99186350202032,1.0765010477571042,0.1459226803814486,8896.158695501848,1187.6154037504336,607.2708928030439,80.18384776865896,0.3861046741791489,0.0727213591582556,0.2918798493495176,0.1091741426995844,0.5816605449427473,0.0569903501383342,10.424390353098689,0.6689850051765954,0.4635680600578029,0,2.2536486283468125,-0.3963433760666351
Kvem,ct,56,116.14285714285714,16.959902060559017,1.0357142857142858,0.3392857142857143,154.07142857142858,90.89285714285714,63.17857142857143,5.732142857142857,0.3035714285714285,0.0,0.1724137931034483,0.4594594594594595,0.4821428571428571,0.1896551724137931,0.1891891891891892,0.6111111111111112,0.3214285714285714,0.7586206896551724,0.0862068965517241,1.9464285714285716,0.5178571428571429,0.4642857142857143,0.375,0.5892857142857143,0.0,1910.658314204404,121.1922580741268,625.6292127058662,159.32293634801252,0.9071533642400011,0.0934776647316799,7572.439056673697,576.5141307585935,521.3788647939506,120.5041330400234,0.3985130285906073,0.0546545742141915,0.2731248662202042,0.0578924744446786,0.6231993686661503,0.0449756909173276,7.031763947091012,0.4264463982873402,0.3275225795781117,0,0.06818988614720776,0.584608677403743
LNZ,ct,81,71.5925925925926,29.05217144979149,0.7160493827160493,0.4691358024691358,90.06172839506173,79.25925925925925,10.802469135802468,8.987654320987655,0.1604938271604938,0.037037037037037,0.2241379310344827,0.3488372093023256,0.345679012345679,0.1206896551724138,0.0465116279069767,0.7777777777777778,0.1358024691358024,0.5862068965517241,0.0517241379310344,2.54320987654321,0.6419753086419753,0.5802469135802469,0.6419753086419753,0.6790123456790124,0.0,2143.492597961408,172.21041793454214,756.847551828649,241.0627818010008,1.040716184742579,0.2047109536227341,9067.264545531963,1692.7160851280637,548.4559182412584,190.2728508416572,0.3207994187884935,0.1059833828159104,0.1852865013446719,0.1287995977150544,0.577051912254767,0.0691376112280157,14.776687734461415,0.5893030308739855,0.4088427358341642,0,2.7782783548591565,0.21532592989680835
Lake,ct,107,75.77570093457943,29.13045938353708,0.5981308411214953,0.308411214953271,93.98130841121495,99.62616822429906,-5.644859813084112,4.336448598130841,0.2710280373831775,0.0,0.15625,0.3513513513513513,0.3364485981308411,0.234375,0.1756756756756756,0.5357142857142857,0.1495327102803738,0.78125,0.0,2.02803738317757,0.5794392523364486,0.4859813084112149,0.5700934579439252,0.3925233644859813,0.0,2074.267612144633,179.12439617335,728.5315856730576,141.05566451376356,0.9331857412755862,0.1251346817080174,9225.01597066739,1408.474390430503,488.5415727253006,102.9752826086543,0.3237392086057775,0.0692601107875383,0.1990673129046915,0.0548742276600209,0.6045457333023282,0.0547963163149289,23.448077953388697,0.7309735734325955,0.5524459414594707,1,0.6458377330410872,-0.8882147786996167
Lucky,ct,46,86.43478260869566,8.42660029861347,0.6956521739130435,0.3695652173913043,100.7608695652174,78.3695652173913,22.39130434782609,16.369565217391305,0.3478260869565217,0.0217391304347826,0.28125,0.4137931034482758,0.4565217391304347,0.21875,0.1724137931034483,0.5833333333333334,0.1304347826086956,0.75,0.03125,2.3043478260869565,0.6956521739130435,0.4565217391304347,0.4565217391304347,0.6956521739130435,0.0,2013.3435957359095,120.1981804966808,689.8882341196999,235.3085609793669,0.9459848853235238,0.1508118351341647,8114.644522337809,494.16400698181815,528.103158564795,123.19127963874762,0.3709748747599687,0.0332863410961101,0.1828042560784908,0.0659027547951932,0.6133708896564588,0.034479870899955,12.24744871391589,0.6078927399906445,0.3561750838345553,0,0.9594520432097892,-1.4088505382681287
MAJ3R,ct,129,76.27906976744185,21.498474991373985,0.6976744186046512,0.4186046511627907,95.2248062015504,79.0,16.224806201550386,8.5968992248062,0.2635658914728682,0.0387596899224806,0.2111111111111111,0.2933333333333333,0.3178294573643411,0.1444444444444444,0.1866666666666666,0.4814814814814814,0.1472868217054263,0.7666666666666667,0.0444444444444444,2.5426356589147288,0.6124031007751938,0.5813953488372093,0.8449612403100775,0.5038759689922481,0.0,2024.5843552796348,217.49140954401705,770.5711307375472,256.1992221803073,1.010425788404273,0.146734059359453,8932.676150848238,1575.8897992262962,581.9105786637552,154.5539576463389,0.3567872037325731,0.1264580852572779,0.2117188662349421,0.0417971017827634,0.5965856076442082,0.0600781143179752,11.861252059185093,0.4797975923549737,0.3745457740413691,0,2.344452130912303,-1.1998435976011241
MATYS,ct,152,73.04605263157895,39.6471982430744,0.625,0.4144736842105263,92.10526315789474,87.38815789473684,4.717105263157895,7.052631578947368,0.2565789473684211,0.0328947368421052,0.2,0.2696629213483146,0.2828947368421052,0.1157894736842105,0.2022471910112359,0.3793103448275862,0.1644736842105263,0.6736842105263158,0.0,2.164473684210526,0.631578947368421,0.4473684210526316,0.506578947368421,0.5723684210526315,0.006578947368421,2097.087880806431,203.58498839553693,866.0522433181311,177.63050606581902,1.045522125275682,0.1184287684305112,8969.730967299503,1071.732206322666,586.6000237843716,154.1579011118017,0.306547128339412,0.0788503461465524,0.2202924937373888,0.0573463169678678,0.5746761119826569,0.0465628716816291,21.78162304705741,1.0338601588181318,0.668805007384467,5,1.7649322431948036,-0.2995184274196092
MaSvAl,ct,190,78.48947368421052,31.68999803984384,0.7210526315789474,0.4052631578947368,101.02631578947368,81.50526315789473,19.521052631578947,5.363157894736842,0.3473684210526316,0.1,0.145985401459854,0.2654867256637168,0.2631578947368421,0.145985401459854,0.1769911504424778,0.5,0.1842105263157894,0.6642335766423357,0.0145985401459854,2.9894736842105263,0.6736842105263158,0.7368421052631579,0.8578947368421053,0.7210526315789474,0.0,2121.9389288498296,152.80018936487951,941.8106281723634,133.4358078790548,1.150569740079851,0.105948688534774,9702.225491108258,1101.5381525398952,631.8330655696531,118.7634911569013,0.3220028616738662,0.0749869295814065,0.1868334602598449,0.0722078324534441,0.5510095147448056,0.049116460493842,14.683093622399069,0.7323187648351652,0.4976408003040698,0,2.3998153149420913,0.6758176048048641
Magnojez,ct,131,89.62595419847328,23.955638824203103,0.7862595419847328,0.4045801526717557,113.45801526717555,86.35114503816794,27.106870229007637,10.603053435114504,0.2519083969465648,0.0458015267175572,0.2135922330097087,0.2179487179487179,0.2977099236641221,0.1844660194174757,0.1282051282051282,0.6551724137931034,0.2061068702290076,0.6699029126213593,0.0776699029126213,2.6793893129771,0.8244274809160306,0.5343511450381679,0.6793893129770993,0.6335877862595419,0.0076335877862595,2004.838696276612,119.13568669480328,670.01780756004,120.56248610233273,0.9940402675925598,0.1377956608401677,9493.24211338072,1729.4462410817866,519.7391144848834,84.77741792712328,0.3291152877917551,0.0867705208588432,0.1994604745974518,0.0628543126246316,0.55478048495219,0.0805327319930412,19.184565694972186,0.5861887667242819,0.4653067679495259,0,1.370813212445148,0.36816493788497984
Maka,ct,46,90.21739130434784,24.46549109725022,0.9130434782608696,0.4565217391304347,121.21739130434784,77.91304347826087,43.30434782608695,8.717391304347826,0.1521739130434782,0.0434782608695652,0.1666666666666666,0.2,0.2608695652173913,0.1428571428571428,0.0,1.0,0.217391304347826,0.3095238095238095,0.4285714285714285,3.391304347826087,0.717391304347826,1.1956521739130437,0.8478260869565217,0.6086956521739131,0.0217391304347826,2203.9759611098084,71.2834687886599,692.2545965795013,44.361874996285785,0.9445829214588036,0.1003913814472667,9656.00338333208,1278.760244292566,549.9550730162515,40.03343641695956,0.2311249820572421,0.0288734289047613,0.1072380745393226,0.0515646049372211,0.5901760293713297,0.0332153981393346,17.91828158096682,0.5033652376753881,0.4976906301677186,3,-1.777513501943767,4.309843129606395
MalbsMd,ct,68,89.23529411764706,24.259730579249595,0.9558823529411764,0.4705882352941176,113.02941176470588,75.33823529411765,37.69117647058823,7.073529411764706,0.1911764705882352,0.0147058823529411,0.1692307692307692,0.3055555555555556,0.3235294117647059,0.1846153846153846,0.1111111111111111,0.75,0.2794117647058823,0.8,0.0,2.323529411764706,0.5588235294117647,0.4117647058823529,0.7058823529411765,0.6470588235294118,0.0,1911.920622567302,135.0101875824327,702.991498469005,215.90751831237608,0.9473319786502404,0.1439968888435677,8889.367934325644,590.3888047422075,458.1608730676471,112.73416853481504,0.443762165948956,0.0826871521683334,0.281307979436339,0.0472286991302225,0.5780516867322669,0.0451098303391623,15.08003340206538,0.5876416992238266,0.4223596843133186,0,0.9297788582166974,-0.09515705943141269
MartinezSa,ct,110,79.4090909090909,27.1569666812702,0.7272727272727273,0.5272727272727272,125.34545454545454,70.80909090909091,54.53636363636364,4.381818181818182,0.1818181818181818,0.0545454545454545,0.175,0.2115384615384615,0.2272727272727272,0.3125,0.173076923076923,0.7352941176470589,0.1727272727272727,0.225,0.6375,1.5727272727272728,0.3727272727272727,0.3272727272727272,0.4181818181818181,0.4545454545454545,0.0,2104.898549840048,95.53966264834752,722.1971514411958,118.70727303827412,1.0051595575989425,0.1578443160175566,8510.52131845572,1439.960475688718,556.4923799101495,83.47047477517893,0.27220876899267,0.057078283979617,0.1364830206538608,0.0611371052589922,0.6398630967555249,0.0581700967173696,18.39379794597237,0.6248007576083666,0.5201194194783125,3,-2.8519350556571075,4.6360028233044295
Mercury,ct,63,68.95238095238095,26.5721945938914,0.6349206349206349,0.2857142857142857,85.36507936507937,101.57142857142856,-16.206349206349206,4.015873015873016,0.2222222222222222,0.0476190476190476,0.2,0.2,0.2698412698412698,0.225,0.2,0.5,0.1587301587301587,0.7,0.0,1.6031746031746033,0.3174603174603174,0.3968253968253968,0.4285714285714285,0.4603174603174603,0.0,1972.746903315228,148.34666495095723,684.5073087369672,151.36837986034814,0.9860764973600163,0.1849019883917082,8541.856263510672,1597.0763554963614,570.2061455598503,138.9369527490702,0.3838777725238432,0.1049213737113996,0.214669361357752,0.0342846149024104,0.6324203349646272,0.0587824388052115,7.956505192157906,0.4338166010054178,0.2913690421193119,5,-0.388611001884777,-2.181909171812045
MoDo,ct,93,73.65591397849462,19.201826966426577,0.6989247311827957,0.3763440860215054,111.63440860215054,81.43010752688173,30.204301075268816,4.301075268817204,0.1290322580645161,0.021505376344086,0.1846153846153846,0.1896551724137931,0.2473118279569892,0.2153846153846154,0.0862068965517241,0.7368421052631579,0.1612903225806451,0.2,0.5538461538461539,1.978494623655914,0.4623655913978494,0.5483870967741935,0.5591397849462365,0.4086021505376344,0.0,2159.015726064681,115.41005243290354,757.4259277187925,112.43049281625213,1.0117087994735046,0.1091156458355586,8780.963313459484,950.418673772197,512.7827344420816,54.81538144214547,0.2418328764758361,0.0511689189992263,0.1377449072191862,0.0354560113762553,0.6236066419680466,0.0597459145128884,19.368917333647897,0.5252545073777674,0.4247092291932818,3,-3.552898579226106,2.9525225078006696
Moseyuh,ct,63,79.73015873015873,23.1665811227996,0.7142857142857143,0.3015873015873015,99.6984126984127,95.2063492063492,4.492063492063492,4.015873015873016,0.1428571428571428,0.0,0.2222222222222222,0.2045454545454545,0.3015873015873015,0.1555555555555555,0.1818181818181818,0.4666666666666667,0.2063492063492063,0.6222222222222222,0.0,2.2063492063492065,0.5238095238095238,0.4761904761904761,0.6825396825396826,0.5238095238095238,0.0,2012.7795796883645,262.3433617554923,659.6286300569857,222.42274572983032,0.9336820456632728,0.1585639268755649,8860.998944884628,1886.772859243792,496.0123048542892,110.37094350639538,0.3655209210028138,0.1475653297899779,0.2420142525128817,0.0869223241073826,0.6148238223319399,0.0700085378359463,10.706265987921196,0.3125000402239882,0.2834898906659971,0,1.510122862134468,-2.20428645068852
Mzinho,ct,139,82.27338129496403,21.03799745713522,0.7697841726618705,0.39568345323741,111.2158273381295,85.24460431654676,25.97122302158273,6.517985611510792,0.2302158273381295,0.0287769784172661,0.205607476635514,0.2976190476190476,0.3381294964028777,0.1121495327102803,0.0833333333333333,0.631578947368421,0.2086330935251798,0.7757009345794392,0.0,2.338129496402878,0.5251798561151079,0.4748201438848921,0.6474820143884892,0.6906474820143885,0.0,2099.2574410612065,124.340134021886,839.5271089599745,197.1279897052152,1.0815288555158251,0.0771235732837249,9198.178535583113,1096.1909639189562,616.8223758953563,89.07299002141889,0.2975507199979378,0.0662434633935562,0.1845177437354438,0.0589468013574947,0.5506860365295088,0.0246867434649765,12.090099748867146,0.5367153614116847,0.3438330079441487,0,0.0677684450346316,0.46276820298790117
NAF,ct,62,70.19354838709677,45.1137507963226,0.6290322580645161,0.3870967741935484,93.62903225806453,80.24193548387096,13.387096774193548,4.967741935483871,0.2096774193548387,0.0,0.1794871794871795,0.2368421052631578,0.2580645161290322,0.1538461538461538,0.131578947368421,0.5454545454545454,0.0967741935483871,0.6923076923076923,0.1025641025641025,1.9193548387096773,0.4354838709677419,0.3064516129032258,0.5483870967741935,0.6129032258064516,0.0161290322580645,2201.7152103474164,145.0163819481497,904.7376037539916,243.94479770906736,1.2146048438659158,0.1618539373552901,8219.131630147565,1637.1585589620272,634.0241146388529,184.471556230601,0.3072116015935613,0.1030271488670532,0.2030036432164006,0.1304365955769038,0.5654297752710431,0.0781598993502654,21.26458416434565,1.435804009278851,0.8020425064655285,5,2.890954433356954,0.816994161775073
Neityu,ct,70,83.62857142857143,19.93709163411024,0.7571428571428571,0.3857142857142857,101.35714285714286,89.28571428571429,12.071428571428571,5.3,0.2285714285714285,0.0285714285714285,0.2075471698113207,0.2790697674418604,0.3285714285714285,0.2075471698113207,0.1395348837209302,0.6470588235294118,0.1857142857142857,0.8113207547169812,0.0,2.4,0.6571428571428571,0.3142857142857143,0.7571428571428571,0.6714285714285714,0.0,1969.642582040539,187.96881855811077,776.9513267397226,272.8699570084904,1.0577470127347255,0.1969831911574625,9509.317608408672,539.7568739688852,558.3203552436258,134.2715929055799,0.3730251413767395,0.1204984617436547,0.2748684534929123,0.0869076824815726,0.5475709998860901,0.0324304694307042,12.85751028281578,0.512820350351557,0.3816720497178548,0,2.526251548509654,-1.6048446812489165
NertZ,ct,152,77.11184210526316,22.63839488737933,0.6842105263157895,0.4276315789473684,94.32894736842104,90.3157894736842,4.0131578947368425,7.092105263157895,0.2368421052631578,0.0131578947368421,0.1826923076923076,0.2183908045977011,0.25,0.25,0.160919540229885,0.65,0.1842105263157894,0.7980769230769231,0.0096153846153846,2.361842105263158,0.6578947368421053,0.5460526315789473,0.6118421052631579,0.5460526315789473,0.0,2034.1948711328523,230.0205679115381,780.6823768285317,202.76017399408985,0.9598245613660358,0.1233530372076944,8684.886448513065,1275.0558035196898,567.7780914400906,169.18984367993627,0.3166752546041138,0.0665604702030394,0.2417136257123051,0.0615542083174418,0.5959306506955764,0.0546333977312051,19.047458472562887,0.5292683058340444,0.4684309175067132,0,1.510404683325024,-0.6892144068394513
NiKo,ct,350,76.45428571428572,21.60592588510704,0.7,0.4142857142857143,96.12571428571428,84.73714285714286,11.388571428571428,8.434285714285714,0.3057142857142857,0.06,0.1714285714285714,0.2585365853658536,0.2714285714285714,0.1959183673469387,0.1121951219512195,0.676056338028169,0.1828571428571428,0.8285714285714286,0.0,2.5342857142857143,0.5971428571428572,0.5742857142857143,0.7914285714285715,0.5714285714285714,0.0,2003.722538865272,122.55276481092824,640.3004176992138,119.81169938512062,0.8883653214953313,0.1519902415945627,8681.821532295351,990.3325329982904,510.5360242906476,59.76512983975677,0.3427727521294412,0.0671667166929263,0.1851253344647919,0.0534294512135994,0.5838141872626947,0.0447403452292037,12.357606809360194,0.4769329282363745,0.380236600427062,0,-0.3518522757569367,-0.8124566358532418
PR,ct,176,84.56818181818181,28.064817112060847,0.8068181818181818,0.4090909090909091,108.9715909090909,90.23295454545456,18.738636363636363,7.392045454545454,0.1875,0.0113636363636363,0.176056338028169,0.2307692307692307,0.2784090909090909,0.176056338028169,0.1634615384615384,0.5952380952380952,0.1875,0.7183098591549296,0.0,2.414772727272727,0.5965909090909091,0.5170454545454546,0.7159090909090909,0.5852272727272727,0.0,2145.068578781003,171.18484610259227,802.3191913406471,138.86332400619952,1.102314082087358,0.1238390454060455,9469.529254644818,1734.9699860669707,568.7516736492374,88.92662057095582,0.2959075791189166,0.0786233004204574,0.1804809980275166,0.077750016827913,0.5431927027407718,0.0672364042492027,16.80602664503225,0.7598887637343976,0.5688158059960184,0,1.438002910698676,0.8176931226555388
REZ,ct,176,81.78977272727273,50.41192337005945,0.7159090909090909,0.3352272727272727,102.88636363636364,92.01704545454544,10.869318181818182,6.573863636363637,0.2613636363636363,0.034090909090909,0.1984126984126984,0.2393162393162393,0.3011363636363636,0.1904761904761904,0.1538461538461538,0.5714285714285714,0.1590909090909091,0.7619047619047619,0.0079365079365079,2.147727272727273,0.4659090909090909,0.5795454545454546,0.6136363636363636,0.4886363636363636,0.0,1978.738362759989,203.74908249400087,603.195340010003,117.47568973805394,0.880991372612263,0.1338915754456554,8387.072587389393,1671.2410355257543,481.1332914465521,92.07008153144962,0.3918399814641299,0.1019476100583991,0.2619272915708523,0.0940760686136384,0.5956460535553846,0.0700150430403833,17.77628775531649,1.2373957256027937,0.7662019878542342,1,1.914418904472634,-0.43811240501525156
Rainwaker,ct,117,71.31623931623932,24.89667385986653,0.5641025641025641,0.4444444444444444,85.06837606837607,85.35042735042735,-0.282051282051282,2.6923076923076925,0.1709401709401709,0.017094017094017,0.1515151515151515,0.1384615384615384,0.1623931623931624,0.106060606060606,0.1692307692307692,0.3888888888888889,0.1196581196581196,0.7424242424242424,0.0,1.9743589743589745,0.4700854700854701,0.4188034188034188,0.6666666666666666,0.4188034188034188,0.0,2090.136335338644,136.00281103548443,929.069069210069,177.25674624636767,1.1779094923132394,0.0895347754527573,8244.214502847437,1511.0662759188522,694.2731852632952,105.2621092044666,0.2957658572876294,0.0992067476431383,0.1821704809720001,0.0511755770394946,0.6272175746922195,0.0585974967694103,20.67427197710808,0.4852907991400323,0.4556237871946228,5,-0.4141064226569614,-0.4295472314846113
S1ren,ct,131,63.16793893129771,25.081148242855004,0.5648854961832062,0.3893129770992366,76.56488549618321,87.0,-10.435114503816791,3.0229007633587788,0.1908396946564885,0.0458015267175572,0.2567567567567567,0.2,0.2671755725190839,0.2027027027027027,0.1125,0.625,0.0839694656488549,0.6621621621621622,0.0,1.9083969465648856,0.5572519083969466,0.3282442748091603,0.5419847328244275,0.4809160305343511,0.0,2023.948175819916,176.5404925786649,716.8082942492389,325.4024963642794,0.978352042703809,0.2263521385074051,8935.764633816909,1168.596083644038,527.3899595808854,154.5974866793086,0.3820951039261209,0.1288842713932513,0.203674022532913,0.0650751597250053,0.5567505977769699,0.0502454687270233,12.23370335907257,0.4172463976624465,0.3145118021539788,5,0.5718951361473784,-2.4239494501726395
SHOCK,ct,93,78.90322580645162,31.75223092990664,0.7311827956989247,0.3655913978494624,99.34408602150538,91.3763440860215,7.967741935483871,2.3978494623655915,0.3010752688172043,0.021505376344086,0.2058823529411764,0.288135593220339,0.3333333333333333,0.1470588235294117,0.0338983050847457,0.8333333333333334,0.1827956989247312,0.7205882352941176,0.0147058823529411,2.5806451612903225,0.4408602150537634,0.5806451612903226,0.8602150537634409,0.6989247311827957,0.0,2147.6230382955227,217.13062821869443,894.7850387294611,222.8737963032082,1.1522148486640822,0.1464783625498514,9116.363639210298,1225.0984172319131,594.985505765219,195.9288771636897,0.3051317795779042,0.1199583439714365,0.1768337575071057,0.0765111683398265,0.5652049729408501,0.0544882246462129,13.601268906456044,0.6684945959772453,0.4285427273832901,0,2.875053651752299,0.488465048590362
ScrunK,ct,61,58.114754098360656,11.47705344293222,0.4262295081967213,0.3442622950819672,68.37704918032787,88.0,-19.62295081967213,4.885245901639344,0.1311475409836065,0.0,0.1538461538461538,0.3,0.2622950819672131,0.2307692307692307,0.1,0.6,0.0327868852459016,0.6538461538461539,0.0,2.459016393442623,0.4262295081967213,0.7377049180327869,0.6557377049180327,0.639344262295082,0.0,2103.1281067706213,141.6491873406172,1011.4200039328414,286.9096243789302,1.156944313172752,0.1960584857179013,9289.60281006869,1368.9331775346218,743.7541201078645,177.328098192377,0.2789054163296136,0.1048612553437489,0.1658064785245033,0.0368817585280987,0.5458213543089868,0.0632912196317673,13.900392061769317,0.4003985477293961,0.2476717114593694,5,1.1691339584089147,-1.4702058555838673
Senzu,ct,61,74.19672131147541,27.674772809258823,0.6721311475409836,0.3114754098360656,98.34426229508196,102.21311475409836,-3.868852459016393,3.721311475409836,0.1967213114754098,0.0163934426229508,0.1463414634146341,0.1904761904761904,0.2295081967213114,0.1463414634146341,0.1428571428571428,0.5,0.1475409836065573,0.5365853658536586,0.0975609756097561,1.2295081967213115,0.3770491803278688,0.2622950819672131,0.2950819672131147,0.2950819672131147,0.0,1955.4813877594584,163.5013422727774,792.9547280763101,109.7277598096828,0.9508888447160634,0.1649116575707532,8438.244594961941,859.7348293475136,552.9530417145414,69.15466359676995,0.3536573209881938,0.1129128157925876,0.283372424324025,0.0624993749269478,0.6121781048472406,0.0531134105483793,16.953874555211932,0.7342087577794205,0.5135474694695947,5,-1.4880216510647442,-1.2884354296311689
Snappi,ct,41,70.41463414634147,21.94207599736347,0.4634146341463415,0.2439024390243902,81.95121951219512,97.02439024390245,-15.073170731707316,10.560975609756095,0.3658536585365853,0.024390243902439,0.0526315789473684,0.2580645161290322,0.2195121951219512,0.1052631578947368,0.1612903225806451,0.2857142857142857,0.048780487804878,0.5789473684210527,0.0,2.292682926829268,0.8536585365853658,0.2195121951219512,0.6097560975609756,0.6097560975609756,0.0,2016.2316453774065,150.7846942172079,693.4475260010133,118.06196425829896,0.9990158238553932,0.1145170308403458,8088.909311889194,1589.6109390979743,517.9495443438049,29.85485973172988,0.3978204166182483,0.1381408449862289,0.2345627488017128,0.1129265779558194,0.6070989093097404,0.084743172228363,15.358373274198984,0.5139412052949247,0.4175319548989281,1,1.3166589624830956,-4.398697302386098
Snax,ct,176,65.5965909090909,29.23448632491651,0.5681818181818182,0.3295454545454545,81.89204545454545,90.0284090909091,-8.136363636363637,6.727272727272728,0.2102272727272727,0.0170454545454545,0.13,0.2203389830508474,0.2215909090909091,0.18,0.1949152542372881,0.4390243902439024,0.125,0.76,0.0,2.221590909090909,0.5738636363636364,0.5,0.5852272727272727,0.5625,0.0,2044.6935360321788,151.5869090111779,708.9481289442202,154.7753181525738,1.015577371462985,0.1629870667366588,8055.865232456702,1660.2209409574002,562.5708685309725,93.85878929221822,0.3389697811332038,0.0798204488794141,0.2156959644048626,0.0815032509270042,0.6058697070210456,0.0760342082660826,17.593243539609823,0.6383487828766273,0.5122073189134255,5,0.7618647104725071,-1.9855102181478586
Sonic,ct,87,70.39080459770115,22.604912589230068,0.6091954022988506,0.2758620689655172,86.06896551724138,104.70114942528735,-18.632183908045977,6.609195402298851,0.2068965517241379,0.0229885057471264,0.3396226415094339,0.2063492063492063,0.3563218390804598,0.1320754716981132,0.3015873015873015,0.2692307692307692,0.1379310344827586,0.7735849056603774,0.0,2.689655172413793,0.6551724137931034,0.8275862068965517,0.5402298850574713,0.6551724137931034,0.0114942528735632,1988.5044905007924,131.04359648114743,556.2773647791488,68.63468665082634,0.9145584545243634,0.1551214077525219,7874.330348684799,1112.8489265712064,485.1940320780268,67.85665811758018,0.3893160527176881,0.0631418026643881,0.1888829563583886,0.0593905237717035,0.6176902914153061,0.0414310391582457,21.391777465173547,0.4731562170660225,0.4540541666263462,1,0.28702096361415447,-3.4524920625906614
Spinx,ct,335,74.52537313432836,20.03722815086409,0.6955223880597015,0.417910447761194,93.63880597014924,86.0179104477612,7.62089552238806,5.53134328358209,0.244776119402985,0.0298507462686567,0.2145922746781116,0.2974358974358974,0.3223880597014925,0.2017167381974249,0.1794871794871795,0.573170731707317,0.1552238805970149,0.8025751072961373,0.0,1.913432835820896,0.4895522388059701,0.4119402985074626,0.4597014925373134,0.5522388059701493,0.0,1977.0540289869975,197.6318849270236,681.4162953989259,139.01927426469535,0.955424620480766,0.1502100504452786,8155.915174924664,1330.2129322184933,521.1116150735552,115.4702911208714,0.3901530134386822,0.1040449632229603,0.243854586796426,0.0712651478852874,0.6099199770449667,0.0503668620173735,15.042425311646712,0.6013162024529779,0.4379500235872862,1,0.6532828498471557,-1.3872645011472515
Staehr,ct,88,87.0909090909091,28.13015104981059,0.7727272727272727,0.3522727272727273,109.5681818181818,90.20454545454544,19.363636363636363,10.818181818181818,0.2386363636363636,0.034090909090909,0.2058823529411764,0.2982456140350877,0.3522727272727273,0.1470588235294117,0.1228070175438596,0.5882352941176471,0.1704545454545454,0.8382352941176471,0.0,3.022727272727273,0.875,0.7954545454545454,0.6818181818181818,0.6704545454545454,0.0,2023.190985549032,110.50716149126384,571.9520824747643,129.1984687112855,0.8624644667643462,0.1482009286757213,8886.344806552393,1721.4053968301728,478.3611943339016,40.43524214072802,0.328138598342357,0.0887289723152586,0.194112264480587,0.0477324262602454,0.5612222968371477,0.0644375423701131,13.11626498495112,0.6817365211804517,0.4574032537520772,0,1.2182319824431804,-0.8606658046869272
Starry,ct,56,68.23214285714286,29.92515741472877,0.5357142857142857,0.375,85.58928571428571,83.69642857142857,1.8928571428571428,4.196428571428571,0.3214285714285714,0.0178571428571428,0.2333333333333333,0.2285714285714285,0.2678571428571428,0.1666666666666666,0.1714285714285714,0.4545454545454545,0.125,0.5,0.1333333333333333,2.25,0.6071428571428571,0.625,0.4821428571428571,0.5357142857142857,0.0,2045.4561969142069,88.44713887919553,730.1613205814491,223.04716948897723,1.0030857007073493,0.1202260473110043,8197.651037208481,1627.306411532868,482.0519939883396,95.60190230555712,0.33527499819595,0.0939359100769301,0.2076743417986624,0.0455443072690942,0.6287738269693816,0.0496929007035667,23.814483610392006,0.7609692284624042,0.6400145695017592,1,0.11606954667499647,-0.6814054389721981
SunPayus,ct,152,76.4342105263158,27.38019042256597,0.7763157894736842,0.5197368421052632,114.40789473684212,66.40789473684211,48.0,1.5394736842105263,0.2105263157894736,0.0592105263157894,0.135593220338983,0.2876712328767123,0.2434210526315789,0.2203389830508474,0.0958904109589041,0.7878787878787878,0.1644736842105263,0.2288135593220339,0.6271186440677966,2.2828947368421053,0.4539473684210526,0.7368421052631579,0.6776315789473685,0.4144736842105263,0.0,2174.9967084666846,149.2820950413657,778.5896402433785,106.05823578131876,0.974093913912742,0.1376697174216014,8502.689084007103,1349.8518103165295,630.5219540597478,115.9259507676868,0.2352185648801974,0.0703139264812828,0.1465754937571665,0.0410913506739039,0.6291752135472558,0.0475063027670722,18.904190096424035,0.7301294183423913,0.5874190910449035,3,-1.8643708527292442,4.8971735701554815
Swisher,ct,107,80.8411214953271,22.22938735891508,0.6915887850467289,0.3644859813084112,96.85981308411216,94.0,2.8598130841121496,9.289719626168225,0.2990654205607476,0.0373831775700934,0.2297297297297297,0.1911764705882352,0.2803738317757009,0.1621621621621621,0.1617647058823529,0.5217391304347826,0.1401869158878504,0.7027027027027027,0.0,2.9906542056074765,0.8317757009345794,0.7009345794392523,0.7663551401869159,0.6915887850467289,0.0,2072.637264728916,219.20607128295515,764.6685751940674,121.7688040096392,0.9810880305420828,0.0727752489077199,10062.211628219282,1927.0573756977492,528.1927742388449,73.7913728648034,0.3491787574455815,0.1135042668708642,0.2323323265929366,0.046832408381734,0.5710192557676536,0.0421813986745783,19.429106504765294,0.4987858783391482,0.445344600682329,0,2.369798297026211,-1.4239093813027421
TH0R,ct,53,83.33962264150944,28.514226468749087,0.7735849056603774,0.3584905660377358,115.09433962264151,90.37735849056604,24.71698113207547,3.5283018867924527,0.1698113207547169,0.0377358490566037,0.2195121951219512,0.1470588235294117,0.2641509433962264,0.2682926829268293,0.0,1.0,0.1886792452830188,0.1951219512195122,0.5609756097560976,1.8867924528301887,0.320754716981132,0.8113207547169812,0.5660377358490566,0.1886792452830188,0.0,2170.6632357658614,96.10225885926928,726.2741258971776,138.43979736210932,1.0084956764377877,0.128007080084897,9336.6913095117,490.9828226086116,511.1974649149069,94.30073851873576,0.3010219815038721,0.0741614365788221,0.1333806301495629,0.0768570963877762,0.5898425954709308,0.0187409250701957,10.155681172737976,0.6001958978039926,0.3842285685681839,3,-3.522980500622922,3.6312002747114396
Tauson,ct,176,71.01704545454545,36.12713233191331,0.6590909090909091,0.3977272727272727,87.42045454545455,85.78977272727273,1.630681818181818,3.3181818181818183,0.1931818181818181,0.0113636363636363,0.1724137931034483,0.2358490566037736,0.2556818181818182,0.0862068965517241,0.1226415094339622,0.4347826086956521,0.1761363636363636,0.6896551724137931,0.0,2.0795454545454546,0.5340909090909091,0.2897727272727273,0.6704545454545454,0.5852272727272727,0.0,2122.3682594511088,172.62284171541907,811.111701511347,258.6886801570876,1.0606034755794758,0.2035300480333563,8777.182213449867,1713.8731173919496,573.0949641358501,144.49592832111597,0.3239208072503465,0.1022091649837633,0.1816464853574809,0.1005598615846147,0.5843971559547053,0.0868108051037531,24.843806671815805,1.0745255956815796,0.7077742525754868,5,2.4336060056861206,-0.25189323147765136
TeSeS,ct,350,75.33714285714285,21.581324612935656,0.6857142857142857,0.3771428571428571,96.87428571428572,89.47714285714285,7.397142857142857,3.862857142857143,0.2285714285714285,0.02,0.2416666666666666,0.2477064220183486,0.32,0.125,0.1330275229357798,0.5084745762711864,0.1714285714285714,0.7083333333333334,0.0083333333333333,2.38,0.5514285714285714,0.3971428571428571,0.7914285714285715,0.64,0.0,2004.2435206903715,158.8252933411385,850.3182971869362,246.09203547483247,1.069301401062633,0.1598692782989614,8397.520219328246,917.5234944976268,555.451341990902,129.27233392628565,0.3647950238522773,0.078109231979673,0.2136950862599118,0.0638552976505306,0.6032354233966177,0.0357137454158589,13.575746333822831,0.5266737081392799,0.3665073493104938,5,1.1413440461170072,-1.4150820212485884
Techno4K,ct,285,73.55087719298245,37.04306557190196,0.6947368421052632,0.4175438596491228,90.82456140350877,85.2701754385965,5.554385964912281,6.894736842105263,0.2140350877192982,0.0210526315789473,0.1616161616161616,0.2108433734939759,0.2350877192982456,0.1414141414141414,0.1144578313253012,0.5957446808510638,0.1824561403508772,0.7171717171717171,0.005050505050505,2.1403508771929824,0.5052631578947369,0.3859649122807017,0.6175438596491228,0.631578947368421,0.0,2057.832165256078,162.24815269968894,824.5725262580484,227.6855418090448,1.0225964621901713,0.1568783323398383,9537.677550393091,1366.1752021355137,565.0654281881106,100.52316939961806,0.3643201844233862,0.0946370773338147,0.2244229792771754,0.0497351471449972,0.5454367031258469,0.0491827358792938,16.583949941323958,0.8638178057357733,0.5618854966564126,5,1.2313104263223715,-0.4133217595194363
Twistzz,ct,70,88.7,21.95208942150532,0.8857142857142857,0.3714285714285714,111.37142857142857,100.94285714285714,10.428571428571429,7.385714285714286,0.2,0.0428571428571428,0.1612903225806451,0.2727272727272727,0.3142857142857143,0.1290322580645161,0.2045454545454545,0.4705882352941176,0.2285714285714285,0.8064516129032258,0.0,2.8857142857142857,0.5714285714285714,0.9857142857142858,0.7,0.6285714285714286,0.0,2011.1450085645345,96.41933713984132,732.7648996225719,91.8442417786716,1.0592215343015028,0.1511892962267203,8617.907179926251,1259.1267548229714,562.8442232394657,106.5064082166321,0.3268286511198381,0.0593061190270662,0.1901481191929851,0.0555108868251096,0.5956107822589648,0.0569895082112074,8.838968381883346,0.6731006990194023,0.3394384086461819,0,0.9392490913749683,-0.3427545418803026
V$m,ct,86,85.59302325581395,32.209742580243294,0.8255813953488372,0.3488372093023256,113.6046511627907,92.90697674418604,20.69767441860465,4.744186046511628,0.1744186046511628,0.0,0.0985915492957746,0.2678571428571428,0.2558139534883721,0.0985915492957746,0.1785714285714285,0.4117647058823529,0.2209302325581395,0.8309859154929577,0.0,2.5348837209302326,0.4767441860465116,0.6744186046511628,0.7209302325581395,0.6627906976744186,0.0,1999.725840706478,134.23425171413217,752.7707391019571,156.62992368193113,1.03700839309219,0.1127356270412582,8793.138214739785,1798.2305172021415,559.4189641542741,115.72119143953088,0.3703901258814001,0.1015031927376921,0.2012772654078339,0.0798349859587549,0.5892864428041747,0.0651624454924604,10.79204586574084,0.6366686658532561,0.523090854074242,0,1.487369090698103,-0.6584256792091047
Wicadia,ct,129,92.70542635658914,17.361567905101683,0.9069767441860463,0.3953488372093023,116.68217054263566,92.62015503875968,24.06201550387597,4.829457364341085,0.1705426356589147,0.0232558139534883,0.2136752136752136,0.282051282051282,0.3643410852713178,0.1709401709401709,0.0897435897435897,0.7407407407407407,0.2403100775193798,0.6581196581196581,0.0598290598290598,2.085271317829457,0.5581395348837209,0.3565891472868217,0.5426356589147286,0.627906976744186,0.0,1911.764953511155,181.28827243782663,727.9298449278076,177.5633954430248,0.9691456723792132,0.0936086004073418,9533.835030604429,2253.5957863671656,534.8093456070814,98.05553758810956,0.4111393189319017,0.1307657285460753,0.2830921251135169,0.0635743563209835,0.5607947272220655,0.0763300595323666,11.959723216858668,0.5471570057021008,0.4488836363598222,0,1.690858767527215,0.044504270650755295
X5G7V,ct,85,74.10588235294118,12.416003791307922,0.5411764705882353,0.3176470588235294,88.47058823529412,93.7764705882353,-5.305882352941176,4.729411764705882,0.4235294117647059,0.0823529411764705,0.1956521739130435,0.2241379310344827,0.2588235294117647,0.1304347826086956,0.1379310344827586,0.4285714285714285,0.0941176470588235,0.7391304347826086,0.0,3.4705882352941178,1.1058823529411763,0.7529411764705882,0.8588235294117647,0.7529411764705882,0.0,2008.0949304043236,116.2504268263775,625.9711633406729,165.5433054253852,0.9005372928011891,0.1636792305252585,11021.252601506178,2551.169350169351,541.900244903927,88.84615825795566,0.3399861323885982,0.0848698323559492,0.199959034411418,0.069343419993272,0.5359476902026865,0.0704969669924984,6.215934047817402,0.1768073696624612,0.1411183936550798,0,2.425822345309412,-3.3066590048967766
XANTARES,ct,129,91.015503875969,21.00371190004869,0.8449612403100775,0.3720930232558139,113.93023255813954,85.37984496124031,28.550387596899224,8.263565891472869,0.2480620155038759,0.0310077519379844,0.2752293577981651,0.3209876543209876,0.4341085271317829,0.146788990825688,0.1234567901234567,0.6153846153846154,0.2248062015503876,0.7798165137614679,0.036697247706422,2.0775193798449614,0.5736434108527132,0.4186046511627907,0.5271317829457365,0.5581395348837209,0.0,1975.20900355305,144.42757986851336,633.4840104112731,71.81955268491696,0.9016481232656696,0.1427429508052783,9213.565799519409,1174.378855128076,485.23589882148286,58.59470911170257,0.3323532542404742,0.1059553861682422,0.1913187884952777,0.0443465817053741,0.5863986304562373,0.0364738157364585,8.57789291805279,0.5871522832312787,0.3385100864323736,0,-0.5349975315957232,-0.07034813237336554
YEKINDAR,ct,126,90.0079365079365,33.88173228028528,0.8095238095238095,0.3888888888888889,110.34126984126983,88.48412698412699,21.857142857142858,7.420634920634921,0.2619047619047619,0.0634920634920634,0.1666666666666666,0.2857142857142857,0.3095238095238095,0.2156862745098039,0.1168831168831168,0.7096774193548387,0.238095238095238,0.803921568627451,0.0294117647058823,2.523809523809524,0.5079365079365079,0.7301587301587301,0.6825396825396826,0.6031746031746031,0.0,1949.6745476144572,113.00769144088042,703.0445070728106,85.61161482183226,0.9883753604514316,0.1417507888649207,9475.342340139232,833.0477046142981,590.2821608114335,60.25720726828779,0.3726824239300865,0.0604194230269033,0.2666411096795958,0.1055819585973352,0.5591074484647287,0.0423823439048544,7.900712929996708,0.5708038723342446,0.4088486084582704,0,0.8672542630668142,0.3130996859298422
Zero,ct,63,83.47619047619048,15.597805287770305,0.6349206349206349,0.365079365079365,100.42857142857144,88.9047619047619,11.523809523809524,8.428571428571429,0.3174603174603174,0.0317460317460317,0.25,0.3,0.3492063492063492,0.175,0.125,0.5833333333333334,0.1269841269841269,0.7,0.0,2.0476190476190474,0.4603174603174603,0.365079365079365,0.6825396825396826,0.5396825396825397,0.0,2067.361274839895,206.14607050713656,762.3970595004108,248.51283278120064,1.0397109685930157,0.156476145432855,9360.755624352936,1797.878117572981,487.09335315646206,85.21671134470888,0.3601738996247048,0.0849318958017876,0.1771628861603997,0.0716764508673038,0.5887534962284936,0.052556324022209,4.553685130462407,0.4269122666536917,0.2031725217553208,0,0.9404588391806741,-1.4379406994548953
ZywOo,ct,122,87.90163934426229,28.87894278482885,0.9344262295081968,0.4672131147540984,132.39344262295083,73.65573770491804,58.73770491803279,5.172131147540983,0.1967213114754098,0.0245901639344262,0.1140350877192982,0.2769230769230769,0.2540983606557377,0.1929824561403508,0.0615384615384615,0.8461538461538461,0.2295081967213114,0.1666666666666666,0.543859649122807,1.9344262295081969,0.3934426229508196,0.5081967213114754,0.6147540983606558,0.4180327868852459,0.0,2124.249255368008,186.29958861306952,744.1940059727034,138.5268634311808,0.9994827730111332,0.1271704389190495,8962.031414269331,1411.2804021756697,580.4635419832709,66.83455453980504,0.2258870432612318,0.0944812470237726,0.1221082102588379,0.0660198670065466,0.5990428374275996,0.0707038286709018,25.238992827376865,0.8990670841717328,0.6202199047272245,3,-1.5377183437623636,5.326732086202865
afro,ct,117,78.19658119658119,29.43557839599121,0.7863247863247863,0.3846153846153846,108.85470085470084,87.21367521367522,21.64102564102564,6.444444444444445,0.2222222222222222,0.1025641025641025,0.1739130434782608,0.2638888888888889,0.2991452991452991,0.2391304347826087,0.1805555555555555,0.6285714285714286,0.1965811965811965,0.2391304347826087,0.5434782608695652,2.230769230769231,0.5128205128205128,0.6752136752136753,0.6495726495726496,0.3846153846153846,0.0085470085470085,2119.5943984112764,77.89564056768369,720.756162740251,107.73008740064162,0.969795435232771,0.0729298618287994,8173.946458318133,2080.2984716952883,564.186338658443,69.09219694717201,0.2955956238056083,0.0775120413818601,0.1466034289807146,0.0508441428173736,0.645905630372314,0.0701581613831267,24.22032517198338,0.7163693955263013,0.6397576880032056,3,-1.0364824455571853,3.218061285083518
alex,ct,110,79.0,28.193390968118678,0.7727272727272727,0.4727272727272727,98.44545454545457,80.3,18.145454545454545,9.254545454545454,0.2181818181818181,0.0272727272727272,0.2705882352941176,0.2758620689655172,0.3545454545454545,0.1647058823529411,0.0344827586206896,0.875,0.1727272727272727,0.8117647058823529,0.0235294117647058,2.6,0.7,0.5363636363636364,0.6545454545454545,0.7090909090909091,0.0,1994.522814681775,174.97095145770737,621.5244411660457,153.31350816249494,0.8957329206835049,0.1846584586834697,9853.817500591018,2146.29136769695,512.8296505933973,71.65089502857312,0.3391997239613981,0.0811084179983803,0.15255635302575,0.0439515861325252,0.552982657603567,0.093436849915608,14.0116794315966,0.6575685019848283,0.4482562286939631,0,1.4747768845738953,0.6206509876807077
alex666,ct,215,75.95813953488373,16.1238861499771,0.6511627906976745,0.386046511627907,89.67906976744186,86.54883720930232,3.130232558139535,5.265116279069767,0.3162790697674418,0.041860465116279,0.2071428571428571,0.2121212121212121,0.2651162790697674,0.1428571428571428,0.106060606060606,0.5882352941176471,0.1395348837209302,0.7428571428571429,0.0,2.525581395348837,0.5116279069767442,0.5906976744186047,0.8511627906976744,0.5720930232558139,0.0,2116.5305730529794,184.10761425979052,771.5622049498274,170.06569175940297,1.066316813363869,0.0970040576561972,8401.655104256606,1557.019502706558,526.915043047374,111.59279963462537,0.315528987335784,0.1094237047047911,0.1598874854729731,0.0621896699934325,0.5889045720592222,0.041820047112102,12.6209791654639,0.4248052811649895,0.2683294481120204,0,0.34930911160093553,-1.2430668693570197
apEX,ct,122,83.52459016393442,72.4974844061812,0.6065573770491803,0.3688524590163934,100.5655737704918,96.3032786885246,4.262295081967213,17.434426229508198,0.4508196721311475,0.0655737704918032,0.1621621621621621,0.2597402597402597,0.2622950819672131,0.1891891891891892,0.1688311688311688,0.5185185185185185,0.1393442622950819,0.7432432432432432,0.0,2.19672131147541,0.8442622950819673,0.4508196721311475,0.4836065573770491,0.4180327868852459,0.0,1993.6380199121677,231.9602580765324,635.7814248810131,130.02890243375208,0.8937723362108417,0.1494201479782359,8526.102789062164,1400.0431269782996,513.0200862621832,65.7722797660574,0.3138550549938203,0.0772997307684222,0.2058494118389683,0.0676012590097446,0.6048153590398104,0.0777890386534087,17.330162607278364,0.8137873513345744,0.6338150419212624,1,2.2571248492562663,-0.7624856156887848
arT,ct,272,80.05514705882354,37.3630587922214,0.7279411764705882,0.3823529411764705,102.53676470588236,93.7279411764706,8.808823529411764,6.091911764705882,0.3014705882352941,0.0330882352941176,0.2171717171717171,0.2678571428571428,0.3235294117647059,0.1818181818181818,0.1488095238095238,0.5901639344262295,0.1948529411764706,0.6717171717171717,0.0505050505050505,2.235294117647059,0.5220588235294118,0.5404411764705882,0.6580882352941176,0.5147058823529411,0.0,1997.2568243619344,136.33288033541973,682.8180586737625,173.99878015368267,0.9461471833331314,0.1387498298065941,8888.593651715026,1619.2519538902047,544.8370345479075,108.2673564940322,0.374521271184041,0.0864461860999531,0.2245928747413284,0.0672361921864587,0.5754536939295045,0.0677848729661438,16.339734474974257,0.8432976570100904,0.5664055960316671,1,1.5069556818331327,-0.128901416789825
b1t,ct,182,88.12087912087912,21.65719649805269,0.8681318681318682,0.445054945054945,115.43406593406591,81.46153846153847,33.972527472527474,5.818681318681318,0.2142857142857142,0.0164835164835164,0.2151898734177215,0.2673267326732673,0.3351648351648351,0.1582278481012658,0.1188118811881188,0.6756756756756757,0.2307692307692307,0.7721518987341772,0.0253164556962025,2.593406593406593,0.5769230769230769,0.5989010989010989,0.7747252747252747,0.6428571428571429,0.0,2160.164893318032,136.3239318522982,863.9757145724108,161.60980499934402,1.148686699717168,0.1122555453718786,8984.004412955484,1110.1598348618547,572.9996578210922,109.16763211393952,0.3129956675345347,0.0769675335687913,0.1799975662957141,0.0609968013293105,0.5499325088816364,0.0504283163006366,15.09177642948073,0.6443091848760988,0.3940900735223273,0,1.1281043589786464,1.4264774904648136
bLitz,ct,285,87.9859649122807,22.17764131813077,0.6736842105263158,0.3859649122807017,106.63508771929824,91.93333333333334,14.701754385964913,17.91578947368421,0.3824561403508772,0.0456140350877193,0.25,0.2742857142857143,0.3368421052631579,0.1770833333333333,0.2514285714285714,0.4358974358974359,0.175438596491228,0.7395833333333334,0.03125,2.6280701754385967,0.8350877192982457,0.5964912280701754,0.6350877192982456,0.5614035087719298,0.0,2030.456845912414,126.91492538931269,654.1004401639793,114.57681379493653,0.881698274175702,0.1167790390571075,9247.169881905642,1515.8880959490082,542.7405259594226,66.05069453337512,0.3271594885724404,0.0567891068563572,0.1961962939691365,0.0575852242583341,0.56553101741319,0.0636666199689692,10.298846479057705,0.4600966824972513,0.3433048512873715,0,1.2467035345373294,-1.386636207395853
beastik,ct,93,69.88172043010752,29.06483848970276,0.6021505376344086,0.3333333333333333,81.48387096774194,95.12903225806453,-13.64516129032258,8.376344086021506,0.4086021505376344,0.075268817204301,0.1785714285714285,0.2096774193548387,0.2473118279569892,0.1785714285714285,0.2096774193548387,0.4347826086956521,0.0967741935483871,0.8214285714285714,0.0,2.4301075268817205,0.6021505376344086,0.6881720430107527,0.6774193548387096,0.4623655913978494,0.0,2054.3987976871445,244.69593981457228,612.0729713818884,195.7046764510697,0.870666516933816,0.209842706364119,8251.535391621153,1926.1349326668271,533.9953211113353,107.7485363660168,0.3217624471039185,0.0762703061602561,0.2135665408195822,0.061170304751569,0.604787635151661,0.0925783694212348,15.463476161274576,0.5919612290076954,0.5296716987183202,1,2.0266762267196383,-2.6270273755949796
biguzera,ct,199,85.49246231155779,27.31500723332851,0.7889447236180904,0.4221105527638191,104.72361809045226,85.90452261306532,18.81909547738693,7.35678391959799,0.2613065326633166,0.0452261306532663,0.1401273885350318,0.217391304347826,0.236180904522613,0.1528662420382165,0.1043478260869565,0.6666666666666666,0.1809045226130653,0.7070063694267515,0.0063694267515923,2.6683417085427137,0.542713567839196,0.9095477386934674,0.7085427135678392,0.5025125628140703,0.0050251256281407,1981.2876767655944,139.26947278398498,619.4292192655265,115.0772306649584,0.8709872686747505,0.1503946933314156,9533.276061566185,1525.4358755889468,518.5314790270293,86.92111399724233,0.3442192716926622,0.0837370671912721,0.1875168300580235,0.058046802246963,0.5505168007622054,0.0607750999559546,16.653124910708954,0.6635746935216714,0.4382826964019572,0,0.06900588401256837,-0.029661607922373857
br0,ct,54,79.18518518518519,28.04168328768762,0.7407407407407407,0.2222222222222222,101.4074074074074,112.44444444444444,-11.037037037037036,1.0555555555555556,0.1111111111111111,0.0,0.3,0.2142857142857142,0.3888888888888889,0.05,0.1666666666666666,0.2222222222222222,0.1666666666666666,0.75,0.0,2.074074074074074,0.3888888888888889,0.6481481481481481,0.6111111111111112,0.4259259259259259,0.0,2130.071271168996,91.9369073686378,669.4710725124567,57.8402069592125,1.0513266552666198,0.1144092521167183,7959.699601999031,2258.8329460871164,469.6806297349789,68.30163796463428,0.3220653101548713,0.039094877398447,0.1422835670467865,0.0488335898258245,0.5990821383919596,0.0980710311590816,21.357725380413537,0.7601114211223647,0.5337885154095202,1,-0.8230717664044828,-1.1504265187055593
brnz4n,ct,81,71.8395061728395,34.00598166671765,0.6172839506172839,0.345679012345679,90.24691358024693,86.80246913580247,3.4444444444444446,4.148148148148148,0.345679012345679,0.037037037037037,0.26,0.320754716981132,0.3703703703703703,0.22,0.1132075471698113,0.6470588235294118,0.1234567901234567,0.56,0.0,2.506172839506173,0.4074074074074074,0.6172839506172839,0.8271604938271605,0.654320987654321,0.0,2023.8356715199773,218.25355248634935,803.8841428144232,157.60638340917936,1.1003562088856422,0.0903902435100463,7887.562191549089,1451.6082087614118,489.77822800336185,112.70516037781724,0.3810509394806117,0.0956667677632622,0.2333931137757065,0.1235199646586822,0.600009301954521,0.0616345709132752,31.260983167444085,0.8501273413819223,0.6659879057978892,1,2.910037049709218,-0.3568076767065411
broky,ct,70,73.77142857142857,21.13927166884759,0.7428571428571429,0.4428571428571428,122.2,81.47142857142858,40.72857142857143,5.614285714285714,0.3285714285714285,0.1428571428571428,0.25,0.2307692307692307,0.3142857142857143,0.0961538461538461,0.1025641025641025,0.5555555555555556,0.1428571428571428,0.173076923076923,0.5769230769230769,2.557142857142857,0.6,0.9,0.6428571428571429,0.4142857142857143,0.0,2111.5977984633537,89.31794981560653,673.9535507115789,29.9493486660452,0.9516814646790352,0.1145153959925397,9605.971906252766,1102.0444489730726,498.0046245235927,40.02204824847877,0.2564795486745598,0.0506326527308089,0.1116369190472102,0.0448197705732225,0.5824660340445663,0.0316608127266377,14.495809595975707,0.5545728116319447,0.4122062180529534,3,-3.0022617713644797,3.119611501295402
cairne,ct,41,59.65853658536585,17.943020239319853,0.5853658536585366,0.2682926829268293,74.70731707317073,99.1219512195122,-24.414634146341463,2.975609756097561,0.1463414634146341,0.0,0.2916666666666667,0.2333333333333333,0.3414634146341463,0.125,0.1333333333333333,0.4285714285714285,0.0975609756097561,0.7083333333333334,0.0,2.1463414634146343,0.5121951219512195,0.4146341463414634,0.7560975609756098,0.4634146341463415,0.0,2095.332651165301,82.75118653974589,719.7575498714692,47.667533668899786,1.0292685569039708,0.1412911678134012,8658.263593602984,764.4696912805136,492.4808797088344,113.17142913029338,0.34430579836016,0.0444991135603537,0.2198224620279691,0.0470903703826022,0.5922819501711556,0.0294082016274088,16.786605477486805,0.5218080745510429,0.3303978248663555,5,-1.5038655578134035,-2.8026358053961298
cmtry,ct,83,68.8433734939759,20.01749461386063,0.6506024096385542,0.4216867469879518,107.48192771084338,85.42168674698796,22.06024096385542,5.132530120481928,0.2409638554216867,0.036144578313253,0.2407407407407407,0.2083333333333333,0.2771084337349397,0.2407407407407407,0.1458333333333333,0.65,0.1325301204819277,0.1851851851851851,0.5925925925925926,2.240963855421686,0.4939759036144578,0.5903614457831325,0.7108433734939759,0.4457831325301205,0.0,2188.521724623889,101.02689890296962,766.3086532447484,78.42917974224399,1.03862401631689,0.0838711365506791,8330.724248155375,1036.8103753505634,598.6018289394427,63.40083328550394,0.2489198363315925,0.0584106300098763,0.1217168362259469,0.0346208843217774,0.6403142601581082,0.033556175655575,12.910258136232322,0.3470813478550083,0.3174250515135454,3,-2.996268219150788,2.6066741557921347
cobrazera,ct,285,72.9719298245614,22.440019360813373,0.6982456140350877,0.3649122807017544,97.8561403508772,90.84561403508772,7.010526315789473,4.47719298245614,0.2245614035087719,0.0280701754385964,0.2211055276381909,0.2651933701657458,0.3228070175438596,0.1457286432160804,0.154696132596685,0.5087719298245614,0.1649122807017544,0.7085427135678392,0.0703517587939698,1.9578947368421051,0.4666666666666667,0.4350877192982456,0.5894736842105263,0.4666666666666667,0.0,2032.3576637835552,165.59470380118913,784.438999256269,190.3435041298327,0.9979644790492548,0.1496896345886902,8840.204789733803,1321.7117734476424,547.021844184905,115.97350480292866,0.3793429185647452,0.0936558591883692,0.2422388823136027,0.0908921050784039,0.589699755732647,0.0546601404274672,13.5331031796765,0.5962957259582021,0.4175461687135959,5,0.8275548442896195,-1.1224679815516216
controlez,ct,69,80.3623188405797,30.689588769541,0.7391304347826086,0.3333333333333333,97.52173913043478,89.01449275362319,8.507246376811594,6.434782608695652,0.2318840579710145,0.0289855072463768,0.2352941176470588,0.1739130434782608,0.2898550724637681,0.1372549019607843,0.1521739130434782,0.5,0.2318840579710145,0.6274509803921569,0.0,1.7536231884057971,0.4347826086956521,0.4347826086956521,0.4782608695652174,0.4057971014492754,0.0,2029.3802993886236,193.63216969117664,715.8721877679787,140.75533036418028,0.9771242890789952,0.0798115840973237,8287.114667071397,1937.1325240590195,528.4698937211037,79.85170745160272,0.3701087525111544,0.1111160476956727,0.2142274416722854,0.0727034073272521,0.5893485455412947,0.0996908446309865,21.163074548935924,0.8442880378261476,0.6791729250496025,1,0.548690679298241,-0.11558091249049202
corn,ct,53,64.79245283018868,35.09571898025086,0.6037735849056604,0.3396226415094339,76.30188679245283,102.24528301886792,-25.943396226415093,6.886792452830188,0.1886792452830188,0.0943396226415094,0.3125,0.2285714285714285,0.3396226415094339,0.09375,0.0571428571428571,0.6,0.1698113207547169,0.625,0.0,1.7924528301886793,0.4339622641509434,0.4339622641509434,0.490566037735849,0.4339622641509434,0.0,2101.56944640106,151.2994265379041,738.9898467244765,165.57296923377416,0.9526287670599558,0.0922573807987643,9331.571998250494,1315.8418310548464,483.2921267217853,77.71368890487541,0.3863636851568376,0.0750276514312081,0.1781738976300975,0.0696665782324485,0.5553788753754152,0.0566279152437423,20.21616718465348,0.7762791862468037,0.6354798148611949,1,-0.18223828999785038,-0.8389238050875261
daps,ct,33,57.72727272727273,26.157967590047893,0.4242424242424242,0.2727272727272727,65.75757575757575,98.06060606060606,-32.303030303030305,1.5151515151515151,0.1515151515151515,0.0303030303030303,0.1428571428571428,0.1666666666666666,0.1818181818181818,0.1428571428571428,0.0833333333333333,0.5,0.0909090909090909,0.7142857142857143,0.0,1.0909090909090908,0.1818181818181818,0.2727272727272727,0.3636363636363636,0.2727272727272727,0.0,1918.1124272012728,123.23855666293596,721.0129266588079,91.2382118622638,1.108064468077172,0.1488933917126498,7234.366134505817,1697.0085364515069,562.7731145381404,119.41675277250252,0.4243870072178731,0.0563738021937043,0.2653953703919548,0.0880728292810218,0.6309543570175233,0.0469889525470124,24.592796345238156,0.4636483539744864,0.4553064603311773,5,-2.190081684867491,-2.9731094959555087
dav1g,ct,110,74.64545454545454,31.93270547313197,0.6181818181818182,0.3818181818181818,89.31818181818181,92.3181818181818,-3.0,2.5545454545454547,0.2636363636363636,0.0363636363636363,0.1911764705882352,0.3529411764705882,0.3363636363636363,0.1470588235294117,0.1764705882352941,0.4545454545454545,0.1545454545454545,0.6764705882352942,0.0147058823529411,2.309090909090909,0.3636363636363636,0.6909090909090909,0.7181818181818181,0.5363636363636364,0.0,1914.604443084449,140.481635793504,684.4641752915486,212.17264082306687,0.955189319147186,0.146132986136877,8571.620840609427,1415.7616020058854,517.0818191826849,100.71362992674044,0.4150908377327525,0.1019172030407691,0.2297573453758305,0.0768808256023118,0.610134517484751,0.064365158781013,10.1957676609514,0.5884844772843132,0.4742927888495489,1,1.2277815071764178,-1.7159301259693074
dem0n,ct,83,76.13253012048193,28.92541428737336,0.7108433734939759,0.4216867469879518,96.53012048192772,83.21686746987952,13.313253012048191,2.27710843373494,0.1325301204819277,0.0,0.2203389830508474,0.125,0.2289156626506024,0.0508474576271186,0.1666666666666666,0.2727272727272727,0.180722891566265,0.8135593220338984,0.0,1.819277108433735,0.4096385542168674,0.4096385542168674,0.5060240963855421,0.4939759036144578,0.0,2093.652934520719,162.36428095564978,705.409671700981,140.8614066330462,0.9514889080646932,0.1005417986559341,9446.790040510885,1020.481426790146,529.0912416769804,100.14706506504764,0.3028176392658371,0.0741928067467166,0.1567362123283706,0.0461341272574343,0.5539905025142566,0.0315536047043174,12.886764357826602,0.7406136837576112,0.4625467795139274,5,-2.1733788516351096,-0.8330607579548341
dgt,ct,114,79.01754385964912,33.23792238704643,0.7894736842105263,0.5877192982456141,99.10526315789474,73.8859649122807,25.219298245614038,7.254385964912281,0.1929824561403508,0.0350877192982456,0.2777777777777778,0.3829787234042553,0.3771929824561403,0.1777777777777777,0.1489361702127659,0.6956521739130435,0.2105263157894736,0.8777777777777778,0.0111111111111111,2.2280701754385963,0.631578947368421,0.5263157894736842,0.5350877192982456,0.5350877192982456,0.0,2071.2542296645893,96.2422139054891,619.316954053444,71.49442311092119,0.8880245741028522,0.156823237599594,9921.3522611063,1808.4899420685251,517.3850266183338,53.26419016444834,0.300958208558176,0.0679353915866192,0.1793975311963211,0.0524051838412738,0.5244206390024639,0.0764181357847607,12.53633170650332,0.9689028255063712,0.7267729529823066,1,0.4269783902885924,2.1151753504752433
donk,ct,161,104.72049689440992,24.40766109811993,1.0869565217391304,0.4161490683229814,141.2111801242236,83.69565217391305,57.51552795031056,3.813664596273292,0.2732919254658385,0.0124223602484472,0.1828571428571428,0.351063829787234,0.4037267080745341,0.2057142857142857,0.1276595744680851,0.75,0.3105590062111801,0.7714285714285715,0.0228571428571428,2.291925465838509,0.7515527950310559,0.4906832298136646,0.4906832298136646,0.5403726708074534,0.0186335403726708,1950.122747893929,116.20829954640864,699.0140124150347,189.9430686395316,0.9538366732069994,0.1148319835744893,9573.957904121036,1356.029820836101,506.0213641564797,50.550218641544014,0.3461157700372383,0.0870425985341592,0.2164911369225876,0.0717004822533182,0.5592596259971151,0.0447329052843085,9.2937908656869,0.639104662269597,0.3652681102613369,0,0.6012454390817602,1.6422841314535113
dumau,ct,272,85.2095588235294,30.663363684776847,0.7683823529411765,0.4301470588235294,105.96323529411764,83.62867647058823,22.334558823529413,8.834558823529411,0.2610294117647059,0.0404411764705882,0.1818181818181818,0.2838709677419355,0.3014705882352941,0.1722488038277512,0.1870967741935484,0.5538461538461539,0.1985294117647058,0.7416267942583732,0.0047846889952153,2.7463235294117645,0.7316176470588235,0.6286764705882353,0.6764705882352942,0.7095588235294118,0.0,2027.816236331517,189.10706938509645,703.1026238972759,175.03325221422958,0.9510951975132612,0.1134851804824221,8983.810081442862,1747.1388430747113,518.5908610445119,99.59511331612065,0.3809441245575025,0.1248633558686656,0.2569300300617345,0.0908299239794593,0.5877960830503611,0.0553629602703634,13.10783185372178,0.7761439042989327,0.4982593421367804,0,2.945650687157129,-0.5780164751509207
dziugss,ct,83,76.06024096385542,20.69035667001538,0.6867469879518072,0.4096385542168674,91.44578313253012,87.3132530120482,4.132530120481928,5.686746987951807,0.2771084337349397,0.0481927710843373,0.175438596491228,0.2448979591836734,0.2650602409638554,0.175438596491228,0.1428571428571428,0.5882352941176471,0.180722891566265,0.7368421052631579,0.0,2.4457831325301207,0.5180722891566265,0.5903614457831325,0.7590361445783133,0.5783132530120482,0.0,2104.733872353743,177.9771496468586,774.4506718144435,204.252404603236,1.0428518440682044,0.1585288779559775,9231.130906238386,1088.494875314141,555.7961162140274,92.87641994931182,0.3241229961827967,0.0914644242461614,0.1933952402750599,0.0436173310548326,0.5562749468704574,0.0536828980944666,7.808271824284185,0.3113049030245394,0.2105391025652845,0,0.42223082485601987,-1.1096389967514813
electroNic,ct,26,72.11538461538461,53.06714135667709,0.7307692307692307,0.3461538461538461,94.07692307692308,94.23076923076924,-0.1538461538461538,6.153846153846154,0.1538461538461538,0.0769230769230769,0.2631578947368421,0.2941176470588235,0.3846153846153846,0.1052631578947368,0.1176470588235294,0.5,0.1923076923076923,0.6842105263157895,0.0,2.0384615384615383,0.5,0.5769230769230769,0.6538461538461539,0.3076923076923077,0.0,2129.263177906893,38.811623384945385,769.2731234429889,43.78945042574736,0.8624310482182527,0.0174561992883767,9245.016922588808,386.2164413868707,590.5347260115511,92.76397568051642,0.2745891991126935,0.0770648863482483,0.197559807203584,0.0626594077741691,0.5908280923750219,0.0162068055905191,14.448005259103352,0.9677916059734102,0.628164005925926,1,-1.5460319390800583,0.9773126694503506
electronic,ct,35,62.08571428571429,25.28595716261557,0.6,0.3714285714285714,75.42857142857143,85.25714285714285,-9.82857142857143,2.771428571428572,0.1428571428571428,0.0571428571428571,0.1904761904761904,0.2727272727272727,0.2857142857142857,0.1428571428571428,0.1363636363636363,0.5,0.1428571428571428,0.5714285714285714,0.0,1.9428571428571428,0.4285714285714285,0.4571428571428571,0.6571428571428571,0.4,0.0,1986.198967732921,131.59665189800896,622.9587757445618,191.54402151216445,0.7900579998778076,0.1266775809745121,8490.975710436032,1104.76487670477,522.1108725136991,92.43834731048116,0.3356186849506697,0.0497956600289723,0.2253465225145177,0.0480598127186108,0.580530740412066,0.0511042175806516,5.24294058004913,0.4016468377712772,0.2409531159776961,5,-2.4218567852398687,-2.2085128502084914
esenthial,ct,215,61.73953488372093,23.15678790673396,0.6,0.4093023255813953,80.8093023255814,82.72093023255815,-1.911627906976744,3.469767441860465,0.1348837209302325,0.0046511627906976,0.2325581395348837,0.2283464566929134,0.2744186046511628,0.1085271317829457,0.1574803149606299,0.4117647058823529,0.1302325581395348,0.7364341085271318,0.0,2.1348837209302327,0.5906976744186047,0.1860465116279069,0.6837209302325581,0.6744186046511628,0.0,2158.0334270939697,173.95706501185524,760.4663391663457,189.88102326028795,1.0447269237747616,0.1484152062679081,8826.718655339115,1330.045250265333,511.9135237149759,112.34367839808785,0.3222484363771974,0.1077528215566418,0.1723820666649814,0.077883272569522,0.5619089630773838,0.065735682030637,15.79034493058659,0.6850010953285711,0.4871707184326394,5,0.5720892112266059,-1.5984395732165453
fame,ct,85,90.69411764705882,12.007657220690351,0.8470588235294118,0.4117647058823529,118.30588235294118,84.10588235294118,34.2,4.4,0.2235294117647059,0.0352941176470588,0.2083333333333333,0.22,0.3058823529411765,0.2083333333333333,0.12,0.7142857142857143,0.2117647058823529,0.7916666666666666,0.0,2.070588235294118,0.3529411764705882,0.4705882352941176,0.5411764705882353,0.7058823529411765,0.0,1963.7435058612032,109.15286106773156,663.9243975355527,146.15394200705194,0.927210070689264,0.0971729910032176,9685.263702980074,931.7799215373072,466.45639339703854,112.54089652828758,0.3686173713645607,0.086836941319908,0.2212672728691299,0.0595123427568486,0.5724458115591057,0.0262069998665497,14.85750987976224,0.4732291929368042,0.3783568289645581,0,-0.9215213659626731,-0.046469834152382226
flameZ,ct,122,76.51639344262296,20.38288711645105,0.7622950819672131,0.3934426229508196,94.85245901639344,91.09836065573772,3.7540983606557377,4.680327868852459,0.180327868852459,0.0245901639344262,0.2688172043010752,0.1621621621621621,0.3032786885245901,0.1720430107526881,0.1621621621621621,0.5714285714285714,0.1967213114754098,0.7634408602150538,0.0,2.6475409836065573,0.5409836065573771,0.8032786885245902,0.6639344262295082,0.639344262295082,0.0,1958.6076776169216,172.18064512101674,745.2462785984616,235.69889188467133,0.9829592205290018,0.1558731812027731,8560.34687426939,1333.3171180968034,547.6832233968654,166.62699750595976,0.3437154368354951,0.1278250698340964,0.238825668348201,0.09872577519433,0.5875119007347862,0.0718714397407537,15.690295055219542,0.5419009422805399,0.4445220510038514,0,2.229530804834187,-1.2970872307074055
flashie,ct,12,42.25,0.0,0.5,0.3333333333333333,60.75,81.08333333333333,-20.33333333333333,2.1666666666666665,0.25,0.0833333333333333,0.0,0.375,0.25,0.1666666666666666,0.125,0.5,0.1666666666666666,0.5,0.0,2.4166666666666665,0.5,0.4166666666666667,0.9166666666666666,0.5833333333333334,0.0,2040.5211221772413,0.0,1115.8992028122502,0.0,1.144431613452228,0.0,7565.400881150872,0.0,746.4307133402544,0.0,0.3358805957934365,0.0,0.1958016204272035,0.0,0.6718765024808279,0.0,0.0,0.0,0.0,4,-4.227189087961058,-1.4651866169400893
frozen,ct,70,84.91428571428571,29.452838869930872,0.8428571428571429,0.3714285714285714,107.52857142857142,90.12857142857143,17.4,2.1714285714285717,0.1428571428571428,0.0142857142857142,0.1864406779661017,0.2954545454545454,0.3428571428571428,0.1864406779661017,0.0909090909090909,0.7333333333333333,0.2142857142857142,0.8305084745762712,0.0169491525423728,1.7571428571428571,0.5,0.2714285714285714,0.5571428571428572,0.4285714285714285,0.0,2051.792856120137,102.3398117615228,721.2914326271471,108.21012392051604,0.9979106966216464,0.0628341857691702,9099.290920950712,859.817265153535,474.1354721793493,57.63726141267569,0.3225058194233854,0.0709176184325332,0.188935194843559,0.0797807652708594,0.5535868149165317,0.0506093930308197,11.573159449878204,0.6896136087852158,0.5267651624734727,1,-1.620547751768775,0.6395684150394865
huNter-,ct,152,82.21052631578948,36.73386411970712,0.7631578947368421,0.4539473684210526,99.57894736842104,84.15131578947368,15.427631578947368,6.559210526315789,0.2763157894736842,0.0592105263157894,0.2586206896551724,0.2409638554216867,0.3289473684210526,0.1206896551724138,0.1686746987951807,0.5,0.1907894736842105,0.7672413793103449,0.0172413793103448,2.625,0.506578947368421,0.7894736842105263,0.8289473684210527,0.5,0.0,2065.5552136967126,178.575488254865,675.917656431232,95.8170550876845,0.874408146774258,0.1328991356866512,9463.739434492963,1656.2979860750634,514.9711349634235,40.83221653487716,0.3087686059891286,0.0665492597396456,0.1929185826840981,0.0691770673601109,0.5584947455651715,0.0733369775092866,28.32321636993085,0.9709897302848682,0.7720367240335377,1,1.346733016974657,0.9274553690620723
hypex,ct,176,73.75,39.78652808036335,0.7159090909090909,0.3977272727272727,104.14204545454544,82.00568181818181,22.13636363636364,2.823863636363636,0.2215909090909091,0.0454545454545454,0.3095238095238095,0.2830188679245283,0.3920454545454545,0.1111111111111111,0.0943396226415094,0.5833333333333334,0.1647727272727272,0.2539682539682539,0.5634920634920635,1.431818181818182,0.3181818181818182,0.3693181818181818,0.4147727272727273,0.3295454545454545,0.0,2133.1338987917875,168.2500945003203,665.3704320400001,126.47748480659196,0.9405136982579164,0.1046775437741034,8351.953080183186,1492.123524267062,490.2359112360075,78.72325773859208,0.2709273433136708,0.062204952180418,0.1602492606392874,0.0635006388280623,0.6113348826647941,0.0631342599902799,20.03352594080692,1.095954210989642,0.665229365450934,3,-2.2177908265169832,2.894379903173259
iM,ct,182,80.96153846153847,23.541251491666767,0.7582417582417582,0.412087912087912,100.66483516483515,80.43956043956044,20.225274725274726,3.131868131868132,0.2472527472527472,0.0384615384615384,0.1956521739130435,0.3364485981308411,0.3461538461538461,0.1594202898550724,0.102803738317757,0.6666666666666666,0.1648351648351648,0.8260869565217391,0.0,2.1153846153846154,0.4505494505494505,0.6263736263736264,0.6483516483516484,0.3901098901098901,0.0,2034.148268284392,177.7250058765853,601.9408212198234,102.79005291352804,0.8737864401264156,0.096465693465324,9058.04921960986,1248.5261467499563,500.3726169098508,88.4560114866799,0.3482018139662989,0.1068604940765004,0.2047042317673256,0.0741820282781738,0.5463551020959097,0.0587980238860332,16.669359192939908,0.5885782394813196,0.4157092114679164,1,-0.5106045850373339,-0.23576397471403956
insani,ct,81,125.53086419753086,43.3419851637857,1.0740740740740742,0.3703703703703703,152.77777777777777,93.80246913580248,58.97530864197531,8.950617283950617,0.382716049382716,0.0123456790123456,0.1954022988505747,0.3137254901960784,0.4074074074074074,0.2413793103448276,0.0588235294117647,0.875,0.3086419753086419,0.7701149425287356,0.0,2.2098765432098766,0.7037037037037037,0.5555555555555556,0.3950617283950617,0.5555555555555556,0.0,1927.593793250845,179.76973371973665,615.960462769086,190.3199123549144,0.8937268459613501,0.1979629551252702,8330.431314900685,2020.1584207969668,515.3300649095274,172.57923887178725,0.389946602566864,0.0801322288447616,0.2467831776770071,0.0689159888625283,0.5838294623215885,0.0895869528376678,15.623881361081692,1.24154953979479,0.9025798596490094,1,3.8582541740557663,2.6887942311335142
jL,ct,335,72.91641791044776,26.7389237197517,0.6805970149253732,0.4925373134328358,94.31641791044775,73.95820895522388,20.35820895522388,7.695522388059701,0.2955223880597015,0.026865671641791,0.2587719298245614,0.2823529411764706,0.3194029850746269,0.0789473684210526,0.1176470588235294,0.4736842105263157,0.1850746268656716,0.6754385964912281,0.0394736842105263,2.456716417910448,0.6567164179104478,0.4417910447761194,0.6985074626865672,0.6597014925373135,0.0,2180.626764440652,185.3820500956464,841.1765690866426,163.64623343490032,1.121807660660629,0.1144818421044437,9827.33992206662,1419.4497873884982,573.4172982441257,126.510249085087,0.287805314360486,0.0823716850736585,0.1440644371212354,0.0607448603574471,0.5467623595623191,0.0473550800619374,15.111416396746623,0.6133286747039527,0.4596270245117605,0,1.255992767898325,0.6269435363461509
jabbi,ct,88,79.52272727272727,10.968705573967236,0.8181818181818182,0.3977272727272727,113.6590909090909,85.61363636363636,28.045454545454547,4.011363636363637,0.1704545454545454,0.034090909090909,0.2222222222222222,0.2075471698113207,0.3068181818181818,0.1666666666666666,0.0377358490566037,0.8571428571428571,0.2386363636363636,0.6388888888888888,0.1388888888888889,1.9204545454545452,0.5113636363636364,0.5227272727272727,0.4431818181818182,0.4431818181818182,0.0,2019.6942533499796,98.813469172203,688.120602788962,189.93097210035864,0.9474382810177666,0.1419049824918567,8127.7549394779935,1760.9896889497113,495.6721333888557,104.4423198793984,0.3330751900669271,0.1119383060471613,0.2060023775479759,0.0478232820106657,0.5891859356484581,0.0612298420975623,10.393492741038722,0.4584139075743626,0.3630221951044267,0,-1.3546668426872488,0.8720661008221897
jcobbb,ct,70,72.54285714285714,45.015525708356414,0.5428571428571428,0.3714285714285714,85.17142857142858,93.52857142857142,-8.357142857142858,5.1,0.3428571428571428,0.0,0.2368421052631578,0.2045454545454545,0.2571428571428571,0.131578947368421,0.1590909090909091,0.4166666666666667,0.1,0.6578947368421053,0.0263157894736842,2.157142857142857,0.4714285714285714,0.2428571428571428,0.8142857142857143,0.6285714285714286,0.0,1919.72670661199,108.3089156551542,672.3428956557091,195.70363589365115,0.9334392916630792,0.1133096643143098,9119.65442707337,1169.353052877719,456.4710010665541,97.19223017886752,0.3691960082683319,0.1050799745235656,0.2344113134233332,0.1143141412158404,0.5585211769072146,0.0429328812921094,11.690128660013944,1.0558509109995138,0.6874601748791287,1,1.063424566212068,-2.4106940287418688
karrigan,ct,338,62.298816568047336,20.082307578578934,0.5443786982248521,0.3698224852071006,76.4585798816568,85.59467455621302,-9.136094674556212,7.710059171597633,0.2337278106508875,0.0177514792899408,0.1684782608695652,0.2816901408450704,0.2692307692307692,0.1304347826086956,0.1502347417840375,0.4285714285714285,0.0946745562130177,0.6684782608695652,0.0,2.6923076923076925,0.591715976331361,0.6272189349112426,0.742603550295858,0.7307692307692307,0.0,2060.022116294464,217.6043606923488,847.8125549514023,232.10407396796697,1.0839885295838747,0.1507491737421624,8477.556255282478,1230.9257765836408,619.7616766676147,152.29798623802867,0.3439571109960017,0.1356153914973617,0.2194390421913772,0.0962304719053483,0.6053777354389792,0.0533308450727888,11.8172327439125,0.3696944281439026,0.2993760172626428,5,2.5188857348122577,-2.727544791487283
kashl1d,ct,85,63.71764705882353,17.497363554161723,0.6705882352941176,0.4352941176470588,112.88235294117646,91.96470588235294,20.91764705882353,2.552941176470588,0.1411764705882353,0.0352941176470588,0.175438596491228,0.3333333333333333,0.3058823529411765,0.1052631578947368,0.125,0.5,0.1411764705882353,0.2105263157894736,0.6140350877192983,2.4823529411764707,0.4,0.8470588235294118,0.7058823529411765,0.5294117647058824,0.0,2195.186622558422,121.11902823904528,745.9883217121863,110.30488169067888,1.030406481915726,0.0569710314733231,9618.769458633662,1297.6832211204996,559.856787754112,83.01609108073923,0.2394515516435252,0.0829843421680397,0.1325871152012176,0.0467687166594425,0.5965065304056049,0.0436800837080572,11.61750947032353,0.4038000020938114,0.2881893667181209,3,-2.282114886514414,2.3163997482022523
kensizor,ct,215,88.22325581395349,23.299008345057363,0.7441860465116279,0.2930232558139535,108.02325581395348,102.52558139534884,5.497674418604651,6.697674418604652,0.386046511627907,0.041860465116279,0.21875,0.3026315789473684,0.3767441860465116,0.20625,0.0921052631578947,0.7021276595744681,0.2046511627906976,0.75,0.0,1.6883720930232555,0.4186046511627907,0.3395348837209302,0.4604651162790698,0.4651162790697674,0.0046511627906976,1998.8261984534809,102.86500423062054,645.8933958784141,142.83059574675164,0.9249643222689028,0.1088082350910764,8360.478328825444,1048.8173157934125,496.0722882374081,67.72048345817045,0.3994559565685834,0.0656673064770392,0.2581554566156314,0.0759047130758258,0.591170723112609,0.0491438473129077,14.280993795763374,0.5859754954124095,0.4280959461023337,1,-0.1980916386147431,-1.1610327011860366
kisserek,ct,93,83.24731182795699,27.68604911812716,0.6989247311827957,0.3010752688172043,103.0537634408602,91.89247311827955,11.161290322580646,4.666666666666667,0.2688172043010752,0.043010752688172,0.1538461538461538,0.2461538461538461,0.2795698924731182,0.2,0.1384615384615384,0.5909090909090909,0.1505376344086021,0.7230769230769231,0.0,2.247311827956989,0.5268817204301075,0.5161290322580645,0.5913978494623656,0.6021505376344086,0.010752688172043,2106.750965893368,121.52288840674738,818.4875232422914,155.6283473613756,1.0725417585833283,0.1538147454477926,8565.88616719474,1861.4721833154624,591.1201432562208,109.9302547985084,0.3264621236900362,0.0683215435406693,0.2280481582500723,0.0590972836625098,0.5917136265491807,0.0593695169980063,14.421624093907342,0.7437819866029569,0.4245658045460995,5,1.0530392241847337,-0.4095532346546942
kl1m,ct,81,69.17283950617283,45.14473104088846,0.7654320987654321,0.5555555555555556,101.37037037037037,67.70370370370371,33.666666666666664,3.419753086419753,0.1975308641975308,0.0493827160493827,0.3064516129032258,0.1944444444444444,0.3209876543209876,0.0806451612903225,0.1388888888888889,0.5,0.2222222222222222,0.5,0.3064516129032258,1.6049382716049383,0.382716049382716,0.382716049382716,0.5308641975308642,0.3086419753086419,0.0,2104.194718229,216.4669603902525,699.6084062325696,80.1338406128347,0.986440761500158,0.1744224260467952,8006.313916751979,1231.749082078829,540.7800609036851,162.74814694310243,0.2749651636439463,0.0299212715209564,0.13811356206694,0.0665756877988364,0.596687027114301,0.0692203572785798,20.01716203450713,1.0254365108596808,0.8097585310286448,3,-1.3012089622864942,3.216845094433145
krazy,ct,61,56.01639344262295,21.792990111258664,0.5409836065573771,0.3934426229508196,70.77049180327869,94.77049180327867,-24.0,1.9344262295081969,0.1147540983606557,0.0163934426229508,0.2424242424242424,0.1081081081081081,0.1967213114754098,0.1212121212121212,0.1621621621621621,0.4,0.0983606557377049,0.5151515151515151,0.0909090909090909,2.0163934426229506,0.4098360655737705,0.3114754098360656,0.6721311475409836,0.6229508196721312,0.0,2158.8283573920035,65.32005831734193,1009.2023749972946,179.0444712003305,1.1451940688032352,0.0800233136515059,8881.24524263537,994.2145570434742,656.5422070330266,122.24554883744968,0.254511590192705,0.0418391875955292,0.1705025467633995,0.054559151838881,0.5945966815206,0.043683180444165,18.585329216377325,0.537607408980267,0.5325468274421548,5,-1.46628637331746,-0.7048543085567059
kyousuke,ct,350,89.09714285714286,25.999575843352872,0.8314285714285714,0.38,118.41142857142856,89.49142857142857,28.92,4.182857142857143,0.22,0.0028571428571428,0.2336769759450171,0.2350230414746544,0.34,0.1615120274914089,0.1474654377880184,0.5949367088607594,0.22,0.7525773195876289,0.0584192439862542,1.9314285714285715,0.6314285714285715,0.3485714285714286,0.48,0.4714285714285714,0.0,1995.7864917182485,117.06038893820616,728.7015484425018,140.6925753117645,0.9741453895852448,0.1188715599806134,8542.640026409574,1025.872448203733,530.7823497120613,80.42070901189534,0.3327226387922126,0.0733507877405133,0.2215581415021882,0.0564386430294042,0.5925588541850183,0.046611549224818,13.210700444035655,0.5557759259334653,0.396592167148371,1,-0.762240939066654,0.11735845167808542
latto,ct,272,87.69117647058823,22.63506689794735,0.8345588235294118,0.4485294117647059,110.88235294117646,85.67279411764706,25.209558823529413,8.352941176470589,0.2610294117647059,0.0220588235294117,0.2202643171806167,0.32,0.3602941176470588,0.1277533039647577,0.1333333333333333,0.5918367346938775,0.1948529411764706,0.7533039647577092,0.0,2.6544117647058822,0.6764705882352942,0.6176470588235294,0.7095588235294118,0.6507352941176471,0.0,2072.8101893924418,195.5212339688144,738.6155056928023,200.73567050698117,0.9820581111661728,0.1078256720343379,8581.552935905002,1396.2416879888583,507.9030433671775,94.66650577196664,0.3292453061146909,0.1213572177166419,0.1889086039077616,0.0738877325785745,0.6006411948319175,0.0504589425457891,9.952760717227497,0.5796118462603711,0.3764323587651966,0,1.7907239377661897,-0.21457761083129484
lauNX,ct,83,63.71084337349398,22.68373130248362,0.5903614457831325,0.3614457831325301,79.13253012048193,92.59036144578312,-13.457831325301203,2.783132530120482,0.180722891566265,0.0,0.1632653061224489,0.2452830188679245,0.253012048192771,0.1224489795918367,0.0566037735849056,0.6666666666666666,0.1686746987951807,0.7551020408163265,0.0,2.397590361445783,0.5903614457831325,0.4698795180722891,0.8192771084337349,0.5180722891566265,0.0,2008.3561594911148,212.98312647965204,629.2250594077791,107.2809121165484,0.8905341837931247,0.0725072858641649,9442.698853527716,1351.1936407017815,450.44671527370434,43.59555936058614,0.3455143407273844,0.0914688187092925,0.2362718618211049,0.0843236568596037,0.5584111181907062,0.0602408798973638,8.199567860863045,0.5994520348090581,0.3380357728709107,1,-0.5356116843504427,-2.1518605647087954
luchov,ct,114,107.24561403508773,41.64086674726709,1.0,0.4035087719298245,140.99122807017545,94.33333333333331,46.6578947368421,9.271929824561404,0.2807017543859649,0.0614035087719298,0.219298245614035,0.3235294117647059,0.4122807017543859,0.1491228070175438,0.1029411764705882,0.7083333333333334,0.2894736842105263,0.7368421052631579,0.0,2.798245614035088,0.7807017543859649,0.6403508771929824,0.6666666666666666,0.7105263157894737,0.0,1994.9999169190105,133.39554440763965,681.9904392515361,151.57342181722663,0.9345543536822944,0.0739089122772819,8783.057806518958,1773.4683532795775,493.2584596932568,64.0642785271637,0.3786385492321855,0.1009479241558597,0.2564178855648609,0.1220244721438394,0.5913528437957405,0.0500427922396475,12.14791403871157,1.1303470359475587,0.7250390881603237,1,3.4595885239574207,1.8615878969821098
m0NESY,ct,350,84.56857142857143,27.021057662049422,0.8828571428571429,0.48,138.09142857142857,79.89714285714285,58.19428571428571,3.662857142857143,0.1685714285714285,0.0571428571428571,0.1488673139158576,0.2637362637362637,0.2685714285714285,0.2006472491909385,0.1208791208791208,0.7380952380952381,0.22,0.1391585760517799,0.6601941747572816,1.9885714285714289,0.4542857142857143,0.58,0.5314285714285715,0.4228571428571429,0.0,2111.016400444412,116.66206749835146,743.2340872891868,109.65807925973456,0.9830585480760292,0.115560040533181,9185.628500237122,1631.2637707839165,552.8482631926994,71.88149178923277,0.2743635383571404,0.0852378000660482,0.16420449952246,0.049773659201097,0.5940576577889025,0.0672323216885557,14.542346774647871,0.6712342256575862,0.5140611615000301,3,-2.0688736784267303,4.860278887612613
magixx,ct,161,83.26708074534162,29.002529083175475,0.6583850931677019,0.4161490683229814,102.472049689441,83.1304347826087,19.341614906832294,15.53416149068323,0.3726708074534161,0.0372670807453416,0.1509433962264151,0.3723404255319149,0.3167701863354037,0.160377358490566,0.0851063829787234,0.68,0.1614906832298136,0.6037735849056604,0.0188679245283018,2.937888198757764,0.84472049689441,0.577639751552795,0.8385093167701864,0.6770186335403726,0.0,1959.306384755844,143.77891764539407,672.3734723481344,151.227184601294,0.9285076754229286,0.1610818112486844,9434.393121252093,1133.024368835051,531.4140482585003,122.6990680806587,0.374637367371601,0.1207864447381432,0.2444517732432633,0.0732231006518946,0.5678910359697555,0.0327942894174535,12.273544408555283,0.5859430637381572,0.3986052446296393,0,2.704578524120445,-1.1235590743300408
makazze,ct,182,81.02197802197803,24.720460372677127,0.6813186813186813,0.412087912087912,100.12087912087912,85.76373626373626,14.357142857142858,8.631868131868131,0.3351648351648351,0.0219780219780219,0.1451612903225806,0.2429906542056074,0.2417582417582417,0.2177419354838709,0.1308411214953271,0.6585365853658537,0.1483516483516483,0.7661290322580645,0.0080645161290322,2.571428571428572,0.7417582417582418,0.5439560439560439,0.7087912087912088,0.5769230769230769,0.0,1986.501100961717,140.52203005757227,709.5643450332415,121.16108380044383,0.9781074345645436,0.0889857010885244,9189.1545930441,1006.1967511006512,487.4479658129735,60.368165935116,0.3758907575671478,0.088974837551267,0.2717432515561985,0.0685387023583213,0.5534683452925527,0.0460197523290475,13.048606246205225,0.490237697195946,0.381388839918531,0,0.6267583626456198,-1.4187748092068277
malbsMd,ct,62,89.6774193548387,46.662630360248535,0.8870967741935484,0.3064516129032258,123.88709677419357,98.6774193548387,25.20967741935484,6.258064516129032,0.1129032258064516,0.0,0.2,0.2558139534883721,0.3548387096774194,0.1818181818181818,0.1162790697674418,0.6666666666666666,0.1935483870967742,0.6545454545454545,0.0,2.4838709677419355,0.4516129032258064,0.6774193548387096,0.7741935483870968,0.5806451612903226,0.0,2076.041350616652,261.8011631106238,700.0541367490594,222.63996344361573,0.9553533997703674,0.1549083865622631,7876.0497117228815,1404.9694385872797,483.05377570268735,151.4603290281899,0.3542332891414866,0.1479023444520461,0.2107954812720133,0.0573012951953354,0.5750969261908048,0.076365783632172,16.134356520092773,0.8528338115975945,0.6206466269240709,1,2.6380822096041325,0.1866889408648029
max,ct,112,72.55357142857143,34.292752748956936,0.6160714285714286,0.4553571428571428,89.25,77.98214285714286,11.267857142857142,5.571428571428571,0.25,0.0535714285714285,0.1884057971014492,0.3442622950819672,0.3035714285714285,0.2463768115942029,0.1639344262295081,0.6296296296296297,0.1517857142857142,0.7391304347826086,0.0144927536231884,2.4732142857142856,0.5714285714285714,0.5446428571428571,0.7946428571428571,0.5625,0.0,2134.713569159338,143.9646388525319,841.7959682139116,197.89890100091108,1.0902864060506408,0.1403360493461015,9016.38674535534,1852.8075632256343,569.0697744801749,128.96387289837847,0.3274289050489404,0.0918286194597579,0.2323332437531076,0.1160933276268035,0.5956755399649427,0.0575149102857482,17.659331555419147,0.7600856613766875,0.6307263409407802,0,2.905069314029563,0.6989031032387377
meyern,ct,114,77.3157894736842,65.36745142003534,0.7894736842105263,0.5964912280701754,117.859649122807,73.1140350877193,44.74561403508772,3.0701754385964914,0.087719298245614,0.0175438596491228,0.2111111111111111,0.3695652173913043,0.3157894736842105,0.0888888888888888,0.0869565217391304,0.6666666666666666,0.2280701754385964,0.2555555555555555,0.5333333333333333,2.12280701754386,0.3947368421052631,0.6754385964912281,0.5701754385964912,0.4824561403508772,0.0,2168.085735996712,90.04075804547142,722.3519960781344,149.1342122577712,0.9973964069263354,0.110372701338141,9892.99199142394,2090.358755346896,574.4049688126133,88.90194485311416,0.247502638737784,0.0357057382994828,0.1436594231293018,0.0749732272921115,0.5479595894393596,0.0503379500603016,14.505066171967057,0.8414621032363271,0.6083029673496975,3,-1.2683979915905377,5.367713828135877
mezii,ct,121,75.61157024793388,29.96709716978692,0.6528925619834711,0.4132231404958678,95.83471074380164,85.13223140495867,10.702479338842975,6.710743801652892,0.2479338842975206,0.0165289256198347,0.1772151898734177,0.323943661971831,0.3057851239669421,0.1392405063291139,0.1267605633802817,0.55,0.1652892561983471,0.7848101265822784,0.0,2.008264462809917,0.4793388429752066,0.4628099173553719,0.5289256198347108,0.5371900826446281,0.0,2054.1407536192705,226.66053672532496,739.8896151382527,230.8040545255016,0.969087085180902,0.1650255351224055,9359.792179390624,1475.7630492096075,526.2703850659632,136.46637505890314,0.2998966175702094,0.0742177883776716,0.1971358815863471,0.0875615270399469,0.5726820866431073,0.0682699427160314,13.000062433562194,0.6874927229639208,0.5215440915245411,0,1.256220241247816,-0.5331078105431857
misutaaa,ct,46,82.41304347826087,20.415922888946447,0.8043478260869565,0.3260869565217391,105.28260869565216,88.34782608695652,16.934782608695652,4.8478260869565215,0.2608695652173913,0.0,0.1351351351351351,0.3225806451612903,0.3260869565217391,0.1891891891891892,0.1612903225806451,0.5833333333333334,0.1956521739130435,0.8108108108108109,0.0,1.9565217391304348,0.4347826086956521,0.3478260869565217,0.6956521739130435,0.4782608695652174,0.0,2111.728599334865,131.1016474728924,787.583348995028,143.080430857912,1.079964863651539,0.1663682159767744,8593.49995397749,910.5232057714604,518.7778714337803,130.78251286091657,0.3396370918298519,0.0442028190611557,0.2276774009461792,0.0993820802816686,0.6037067063931234,0.0237891038773822,12.247448713915889,0.8939340486486311,0.5933845661113014,5,0.5705146950384283,-0.23907745848022954
mo0N,ct,190,71.89473684210526,28.532141261730818,0.7,0.4157894736842105,102.54736842105264,83.15789473684211,19.389473684210525,6.878947368421053,0.1894736842105263,0.0473684210526315,0.18796992481203,0.2252252252252252,0.2631578947368421,0.1729323308270676,0.1801801801801801,0.5348837209302325,0.1578947368421052,0.1729323308270676,0.5413533834586466,2.136842105263158,0.5210526315789473,0.5210526315789473,0.7052631578947368,0.3842105263157894,0.0052631578947368,2129.258366444088,125.53597683161406,802.3480520786478,102.75776460291856,1.031073042609712,0.0656042497089375,9079.395997529666,1178.8757484015682,605.6081262493703,55.98779913562939,0.269776067474411,0.0791535219920801,0.160870553090808,0.0667743832693626,0.58731710372814,0.0518540803631174,15.026899030637288,0.8470353533246641,0.6251587057242096,3,-1.6199168280429468,2.541477320220898
molodoy,ct,126,90.33333333333331,21.71794192431068,0.9047619047619048,0.4841269841269841,135.02380952380952,83.56349206349206,51.46031746031746,3.968253968253968,0.1587301587301587,0.0317460317460317,0.2105263157894736,0.2,0.2936507936507936,0.2105263157894736,0.1692307692307692,0.6857142857142857,0.2142857142857142,0.1491228070175438,0.6140350877192983,2.1587301587301586,0.6349206349206349,0.4523809523809524,0.5396825396825397,0.5317460317460317,0.0,2081.871482357457,150.58455841416907,738.6500811924507,140.74337337633858,1.0108410525738891,0.1462073842531192,8850.543898961687,1009.6822041893674,580.9929650216856,98.68154703112144,0.2726218945049949,0.0628307185532514,0.1301102573133431,0.0486604507091864,0.6218157590387462,0.0628255426693725,14.363603069511838,0.7049545438237204,0.5845628682826636,3,-1.4221020789734724,4.210962635750734
mopoz,ct,110,78.81818181818181,20.480588521154356,0.7545454545454545,0.3909090909090909,98.87272727272727,90.22727272727272,8.645454545454545,6.390909090909091,0.1818181818181818,0.0,0.1566265060240964,0.1791044776119403,0.2272727272727272,0.1325301204819277,0.1492537313432835,0.5238095238095238,0.2,0.6987951807228916,0.0,2.709090909090909,0.5909090909090909,0.6363636363636364,0.7454545454545455,0.7363636363636363,0.0,1889.6838976353365,167.76174378429084,737.4561872156327,184.90291131647857,1.0150091486477333,0.1063913895384356,8859.65564532793,1891.4580598554544,540.1261300947702,103.72044894440332,0.4442737479685088,0.115817011991148,0.2923073865542439,0.0616903717031484,0.5968932212103013,0.0731462181473638,17.75693222308709,0.5969883186028091,0.4613842058279372,0,2.3033278967803144,-1.8137776420502911
mzinho,ct,146,83.94520547945206,32.88581667295998,0.7602739726027398,0.363013698630137,108.9109589041096,91.25342465753424,17.65753424657534,5.890410958904109,0.1986301369863013,0.0342465753424657,0.2162162162162162,0.2258064516129032,0.3082191780821918,0.1711711711711711,0.075268817204301,0.7307692307692307,0.2054794520547945,0.7927927927927928,0.009009009009009,2.410958904109589,0.5342465753424658,0.5958904109589042,0.5958904109589042,0.684931506849315,0.0,2045.965661895374,82.20098293491746,853.3655044862098,123.71018698229209,1.0298630186443196,0.0669694350724414,8115.720543033024,1768.411471039747,565.508839681953,73.85507632591512,0.3382033417580829,0.0635647196910525,0.2026634014798509,0.0344836006554647,0.5917807677881577,0.0710179729344838,17.01397981546416,0.7888477956505626,0.5306241426108976,0,0.361815533260581,0.9730628963835746
n1ssim,ct,272,74.9595588235294,22.10876032501864,0.7242647058823529,0.4264705882352941,94.0,82.86029411764706,11.139705882352942,3.584558823529412,0.1875,0.0220588235294117,0.1624365482233502,0.282051282051282,0.2794117647058823,0.1522842639593908,0.1089743589743589,0.6382978723404256,0.1727941176470588,0.7309644670050761,0.015228426395939,2.4154411764705883,0.5220588235294118,0.4705882352941176,0.7536764705882353,0.6654411764705882,0.0036764705882352,2131.351693557533,145.45235281198157,897.562681573256,211.01147780318135,1.1469622573626537,0.1185362366696115,8156.942362210634,1102.4694027285757,630.1328393352603,128.5912197270894,0.3211281918307782,0.0760830220769498,0.1877374384703335,0.0832359268797901,0.606774240094765,0.0633558510836655,15.821871027392197,0.6433740590380991,0.512942810829574,5,1.33288266014719,0.3538290118446665
nealan,ct,53,79.60377358490567,21.470467922203134,0.7358490566037735,0.2830188679245283,111.50943396226415,104.75471698113208,6.754716981132075,6.113207547169812,0.1509433962264151,0.0,0.2307692307692307,0.1578947368421052,0.2830188679245283,0.1025641025641025,0.2105263157894736,0.3333333333333333,0.1320754716981132,0.7692307692307693,0.0,1.849056603773585,0.4716981132075472,0.5094339622641509,0.4339622641509434,0.4339622641509434,0.0,2062.713767807224,108.84608163103488,715.8737997706551,175.47405590902318,0.9806002069421584,0.2300344210463195,8534.672233140434,1284.724250510688,526.6250858515612,185.7697876641288,0.3510089672915339,0.0595673990003641,0.1701099608304763,0.0874946727448317,0.6112069289345798,0.0885641246137684,14.557958523728557,0.3940951015606184,0.2619997226509173,5,0.029910353820267403,-2.188228468253212
nicx,ct,56,64.625,17.118145999540285,0.5535714285714286,0.3928571428571428,81.17857142857143,92.625,-11.446428571428571,8.607142857142858,0.2142857142857142,0.0,0.1935483870967742,0.2352941176470588,0.25,0.1935483870967742,0.1470588235294117,0.5454545454545454,0.1428571428571428,0.8387096774193549,0.0,1.9642857142857144,0.5535714285714286,0.3928571428571428,0.4464285714285714,0.5714285714285714,0.0,2079.5403262581417,125.0790266279315,848.5399006285501,167.46274466969902,1.1242315775802043,0.094744698921993,8111.870374156117,1005.7309938863132,533.756640811417,95.84202401649392,0.3412623970860042,0.1174806166281737,0.23008803247792,0.0905852033141995,0.6111724074502932,0.0321140482009487,26.10073610640214,0.486729797414962,0.4646549745610226,5,0.4497847535655144,-1.7269143111681486
nilo,ct,86,74.38372093023256,28.38552700011226,0.7093023255813954,0.3720930232558139,97.94186046511628,88.13953488372093,9.80232558139535,5.0813953488372094,0.2093023255813953,0.0116279069767441,0.1147540983606557,0.2592592592592592,0.2441860465116279,0.1311475409836065,0.074074074074074,0.6666666666666666,0.1627906976744186,0.7704918032786885,0.0,1.4534883720930232,0.3953488372093023,0.1744186046511628,0.5,0.3837209302325581,0.0,2040.0289155447688,108.87674764410228,646.9923879420625,78.51912795942022,0.8564999986316902,0.1325604701206071,8992.72486459572,1193.12899840325,521.8364558689615,61.78880054300128,0.3375996643296262,0.0715866892852324,0.2172536252491156,0.0806476615089344,0.5563146366176859,0.0474337856554496,12.7020772930926,0.7535606830941461,0.5490151478396811,1,-2.12520806131063,-0.5825370297214761
nin9,ct,69,77.17391304347827,32.081850264138794,0.7101449275362319,0.391304347826087,102.02898550724638,83.57971014492753,18.44927536231884,4.826086956521739,0.2318840579710145,0.0144927536231884,0.0612244897959183,0.1666666666666666,0.144927536231884,0.2244897959183673,0.1666666666666666,0.6111111111111112,0.144927536231884,0.2244897959183673,0.4897959183673469,2.057971014492753,0.6086956521739131,0.5507246376811594,0.4347826086956521,0.463768115942029,0.0,2028.296496385298,154.46593421915244,674.7633494820066,82.23659580490401,0.9636549419102596,0.1343916308962568,7858.469578764167,1216.1276848374716,598.7888227916537,137.83104308331772,0.2881080610945514,0.1411285679781422,0.1769679516134339,0.0857244518584654,0.610144898948662,0.0637404012420185,36.69244695976527,0.815491444417639,0.7421952243616966,3,-0.7762552069122719,1.6676173539915418
nitr0,ct,87,61.49425287356322,28.23381177483264,0.5057471264367817,0.2758620689655172,72.11494252873563,100.94252873563218,-28.82758620689655,4.287356321839081,0.2068965517241379,0.0,0.2272727272727272,0.2857142857142857,0.3218390804597701,0.0681818181818181,0.0793650793650793,0.375,0.1379310344827586,0.5681818181818182,0.0454545454545454,2.160919540229885,0.5977011494252874,0.264367816091954,0.6551724137931034,0.6436781609195402,0.0,1979.1010923285448,179.81079008376005,622.544858460283,175.57114149326392,0.96820051876219,0.1337392944543442,7369.426594653363,885.4351923422579,459.3215063433031,82.04308210202957,0.4609869373605926,0.1136563662443951,0.2386345238729056,0.0694405384130722,0.6267193676774444,0.0486643838349045,18.757820092961374,0.624709622007307,0.4512250413781654,1,0.5200048270729034,-3.9858265880757764
nota,ct,150,82.95333333333333,23.399090301287156,0.7066666666666667,0.34,104.35333333333334,93.96,10.393333333333333,9.206666666666669,0.3,0.0266666666666666,0.1792452830188679,0.3131313131313131,0.3333333333333333,0.2169811320754717,0.1717171717171717,0.575,0.16,0.8018867924528302,0.0,2.2133333333333334,0.6,0.3733333333333333,0.6466666666666666,0.5933333333333334,0.0,1961.204248688027,142.35209133746702,578.7465293114798,97.545844038757,0.8336245972464892,0.1247656114315073,8784.035213938982,1399.2401434084593,456.742015842697,63.62574748865362,0.3560593336412539,0.0706674287403218,0.2422352793331319,0.0962325277000841,0.591491483304505,0.0435776332648649,13.397949041434886,0.4942935508540601,0.38291701357869,1,0.23704458264193543,-1.93346743430385
npl,ct,215,91.73953488372094,24.766750673088573,0.8465116279069768,0.3488372093023256,115.65116279069768,100.09302325581396,15.55813953488372,7.469767441860465,0.3069767441860465,0.0372093023255813,0.2417582417582417,0.2428571428571428,0.3627906976744186,0.1263736263736263,0.1714285714285714,0.4893617021276595,0.2232558139534883,0.7527472527472527,0.0,1.832558139534884,0.6046511627906976,0.3069767441860465,0.4046511627906977,0.5162790697674419,0.0,1984.5569157412417,122.74117313557322,646.5386898530818,128.54713785607672,0.9499150895984706,0.1802080149856995,8359.792374944549,1612.104789107677,566.1962957812553,87.26602975712316,0.3862838712562244,0.0943928336820343,0.2351316597295289,0.0672953906762486,0.596463629454436,0.0750192416423179,15.25372621745704,0.725302774100484,0.5050884967441701,1,1.1265817961258335,-0.7862211132130063
oSee,ct,87,61.367816091954026,22.44005718563325,0.5862068965517241,0.2988505747126437,98.82758620689656,100.0919540229885,-1.264367816091954,2.4942528735632186,0.160919540229885,0.057471264367816,0.2549019607843137,0.1639344262295081,0.264367816091954,0.2549019607843137,0.0983606557377049,0.6842105263157895,0.1149425287356321,0.1764705882352941,0.6274509803921569,1.5977011494252873,0.3103448275862069,0.4827586206896552,0.5402298850574713,0.264367816091954,0.0,2170.058940882209,142.45494151518204,674.8327504813997,83.91402933401024,1.0467722130627166,0.0790985910662562,7286.5401352483395,993.9835112077876,543.0316682051623,78.77601585996919,0.2811506415832145,0.0861337661050288,0.1261256680946029,0.0952822108385846,0.6514590946822383,0.0484271730591133,24.40555738233804,0.558982608261248,0.5096348973652564,3,-3.310182827931923,1.8997968680643433
phzy,ct,88,69.45454545454545,39.214352373828206,0.6363636363636364,0.375,100.0909090909091,88.30681818181819,11.784090909090908,4.363636363636363,0.2159090909090909,0.0454545454545454,0.1964285714285714,0.3636363636363636,0.3522727272727273,0.2321428571428571,0.1636363636363636,0.5909090909090909,0.1363636363636363,0.3214285714285714,0.4642857142857143,1.875,0.3409090909090909,0.7386363636363636,0.5113636363636364,0.2840909090909091,0.0,2162.486808468039,172.4706396670898,683.6867239457043,107.8625023726274,0.9531980079604284,0.1344842064767918,6947.473231203761,726.190087019399,510.229989876312,53.91392228691777,0.2619691265338523,0.0888369530282194,0.1435408137338905,0.0728998696696252,0.66220447678307,0.0447997766409691,16.91984571851416,0.9337830890663548,0.6163725724696767,3,-1.9156916273233138,2.231889462144693
piriajr,ct,199,72.62311557788945,40.62755528422105,0.7035175879396985,0.4321608040201005,92.40201005025126,82.13065326633166,10.271356783919598,2.778894472361809,0.1909547738693467,0.0050251256281407,0.1642857142857142,0.247787610619469,0.2562814070351759,0.2142857142857142,0.1946902654867256,0.5769230769230769,0.135678391959799,0.75,0.0071428571428571,2.221105527638191,0.457286432160804,0.4170854271356783,0.6582914572864321,0.6884422110552764,0.0,2056.5642264374774,144.48055791839408,868.3258390606256,241.39120915219905,1.1277578429066708,0.1588439445629151,9432.160741722812,1588.0285416147904,646.228612172092,147.631473334219,0.3362997424916839,0.0993662795608228,0.2104719476049876,0.0773410997971098,0.5640115488318466,0.062935490706124,20.34504331257292,0.9700645549884964,0.6753895162717439,5,2.523647058082063,0.43980513345421324
qw1nk1,ct,85,94.16470588235296,29.947876753610675,0.9294117647058824,0.4235294117647059,122.61176470588236,89.91764705882353,32.694117647058825,5.08235294117647,0.2,0.0117647058823529,0.2658227848101265,0.2448979591836734,0.388235294117647,0.1518987341772152,0.1632653061224489,0.6,0.2,0.7468354430379747,0.0,2.494117647058824,0.4352941176470588,0.6235294117647059,0.8470588235294118,0.5882352941176471,0.0,2030.200408191578,183.82838880707055,749.8729376431187,167.95552606351072,1.0470043298498828,0.1658734674708277,10081.107955537704,1334.2114282553694,512.1697028134331,140.62571550978436,0.3625597265223524,0.1024787097435705,0.2319450432577203,0.0963968651339378,0.5615963340589503,0.0480313834483251,15.258985114160696,0.6808610667926698,0.4799722231415615,0,2.541208245178549,0.49030028872617193
ropz,ct,122,71.54098360655738,26.32305592328646,0.7459016393442623,0.5163934426229508,89.54918032786885,66.95901639344262,22.59016393442623,4.950819672131147,0.1557377049180328,0.0081967213114754,0.1868131868131868,0.2203389830508474,0.2459016393442623,0.1318681318681318,0.1525423728813559,0.5714285714285714,0.2049180327868852,0.7142857142857143,0.0439560439560439,1.6557377049180328,0.360655737704918,0.2459016393442623,0.5327868852459017,0.5163934426229508,0.0,2127.4963663459826,154.8750745593684,884.4376633647871,168.33711083007032,1.15519630561769,0.1367100760088833,7885.212871992157,1477.2265272851632,647.9206580189104,127.59502036413336,0.2811768636049542,0.095666178153498,0.2375704747560436,0.1325185708587525,0.6096961557747689,0.055261033037526,14.274661387725164,0.6749661072853912,0.5996944658104324,5,0.36068402693386703,1.0564488983967553
ryu,ct,88,72.98863636363636,27.730062192615968,0.6704545454545454,0.3863636363636363,93.4431818181818,84.9090909090909,8.534090909090908,3.465909090909091,0.1818181818181818,0.034090909090909,0.3050847457627119,0.2407407407407407,0.3522727272727273,0.1864406779661017,0.2222222222222222,0.4782608695652174,0.1704545454545454,0.6440677966101694,0.0,2.113636363636364,0.4431818181818182,0.4204545454545454,0.625,0.625,0.0,2077.9777316097243,167.09446796225953,821.3097529689519,151.01656699880152,1.1251437346310735,0.1019690852625403,7650.662776497763,1437.3545066413355,540.8601553198228,83.3047938828542,0.3652273218708863,0.0595444928940291,0.2657484851770115,0.1003571835945023,0.601242299955252,0.0761454964804319,12.334345783860924,0.7638367072725585,0.4977535403787964,5,1.1915336284904245,-0.5506490879898884
s1mple,ct,61,76.57377049180327,34.202020681458066,0.6721311475409836,0.360655737704918,103.8360655737705,89.91803278688525,13.918032786885243,5.163934426229508,0.1639344262295081,0.0,0.2439024390243902,0.1794871794871795,0.2786885245901639,0.1951219512195122,0.2564102564102564,0.4444444444444444,0.180327868852459,0.2926829268292683,0.5365853658536586,1.901639344262295,0.4754098360655737,0.4918032786885246,0.4590163934426229,0.4754098360655737,0.0,2103.009072408005,75.8151884624548,770.9412320458175,94.75020134005447,0.9260672446293126,0.0584955402090213,9023.11701199925,1495.0206788457378,577.8394764024785,74.54362508873841,0.2517234481352413,0.0790502091275791,0.1668155458749359,0.055955051771455,0.6109123672526644,0.0657489498741637,23.236050033601263,0.8927701471903536,0.5525297608810162,3,-1.884000004890921,1.980877480311571
s1n,ct,107,72.62616822429906,27.257622506524537,0.6822429906542056,0.4579439252336448,91.98130841121495,80.85981308411215,11.121495327102805,7.289719626168225,0.2710280373831775,0.0841121495327102,0.2191780821917808,0.1551724137931034,0.2336448598130841,0.2191780821917808,0.0862068965517241,0.7619047619047619,0.1682242990654205,0.7123287671232876,0.0,2.94392523364486,0.6355140186915887,1.0467289719626167,0.6915887850467289,0.5700934579439252,0.0,2111.031536687177,124.73698296374002,782.1753543157822,170.81249631707533,0.9969851040929812,0.1499058161275754,10768.284233285824,1330.5352081821588,566.3197593318165,116.17716820027138,0.3192778614103238,0.0416877579259388,0.1908259808842839,0.0604797328619477,0.5472322973038246,0.0495960133854346,19.740930449622557,0.6032568207857205,0.5706995008074196,0,1.2003634844532058,1.189612923659042
s1zzi,ct,215,71.74418604651163,24.18896370776225,0.7302325581395349,0.3627906976744186,109.28372093023256,89.73488372093023,19.548837209302327,2.6186046511627907,0.1069767441860465,0.0093023255813953,0.1656050955414012,0.2335766423357664,0.2697674418604651,0.2165605095541401,0.1386861313868613,0.6415094339622641,0.1813953488372093,0.1146496815286624,0.6114649681528662,1.158139534883721,0.2093023255813953,0.2093023255813953,0.4790697674418605,0.2604651162790697,0.0,2111.179011940238,92.99826121684627,717.5943976041865,86.98127728726915,1.0140768509940026,0.0757515739853813,7576.106455299956,1086.084322740956,558.9241871809389,59.23323919813197,0.3054561718670661,0.055488324288914,0.1744433315168851,0.0625772919388579,0.6223651271373984,0.0586141229539204,15.36742522920484,0.6809149850280903,0.5133251943348986,3,-4.377689658115933,2.5668047433116556
sFade8,ct,190,84.66315789473684,19.190817507009516,0.7052631578947368,0.3526315789473684,103.35263157894737,95.94736842105264,7.405263157894737,9.689473684210526,0.2894736842105263,0.0421052631578947,0.2164179104477611,0.2682926829268293,0.3263157894736842,0.1940298507462686,0.1382113821138211,0.6046511627906976,0.1631578947368421,0.8208955223880597,0.0074626865671641,2.431578947368421,0.6473684210526316,0.7052631578947368,0.6210526315789474,0.4578947368421052,0.0,1987.583923105109,104.70025817283438,639.7740556311163,77.80786151800152,0.8497296479962352,0.0586373078648207,9178.271461458013,1160.9013609498336,524.5060363972233,59.253066862236615,0.3612985760249442,0.0576351603077652,0.2287646293817089,0.066363978530602,0.5763039982969769,0.0564827462944021,17.105117458718887,0.5206202911833113,0.3862612162663585,1,-0.27321761354457647,-1.0779026255925463
saadzin,ct,272,78.00367647058823,25.965510337496525,0.7573529411764706,0.5367647058823529,106.14338235294116,75.84558823529412,30.297794117647054,6.147058823529412,0.25,0.0551470588235294,0.2233009708737864,0.2698412698412698,0.2941176470588235,0.1650485436893204,0.1269841269841269,0.68,0.1801470588235294,0.1699029126213592,0.5436893203883495,1.8823529411764703,0.3970588235294117,0.5514705882352942,0.4926470588235294,0.4411764705882353,0.0,2141.8739723666185,142.08201623773112,715.0231039669627,120.4586812294592,0.9737372506247852,0.1265723112633078,8635.683743063053,1409.9563365168792,558.2389207051432,77.41090289327813,0.2609342383046798,0.0656174579538873,0.1418310528188419,0.0538036509972811,0.6053032593102059,0.0667924721574736,13.420177340471952,0.5397356726143983,0.3955624246812263,3,-2.3300779718984295,3.2192330268045364
saffee,ct,113,85.86725663716814,25.131364849910497,0.9380530973451328,0.4070796460176991,132.60176991150442,93.03539823008848,39.56637168141593,4.557522123893805,0.168141592920354,0.0530973451327433,0.1792452830188679,0.2238805970149253,0.3008849557522124,0.1132075471698113,0.0895522388059701,0.6666666666666666,0.2123893805309734,0.2169811320754717,0.5471698113207547,1.663716814159292,0.4424778761061947,0.4601769911504424,0.3716814159292035,0.3893805309734513,0.0,2131.382480807392,144.07793972510754,752.0924988097546,116.9167304764914,1.0091171201495526,0.14918216278691,8944.739483704103,1441.69646754875,590.4155713741559,110.31252850728072,0.2597638293153856,0.0877046150589255,0.1492972801495535,0.0668085191459484,0.5943544870122273,0.0588165168761745,8.929115100333258,0.669399069932926,0.4367340461174973,3,-2.0651549348733,3.3780480005431497
sausoL,ct,110,84.02727272727273,20.26663691651696,0.7727272727272727,0.4454545454545454,111.6,85.83636363636364,25.76363636363636,5.236363636363636,0.1818181818181818,0.0181818181818181,0.188235294117647,0.2950819672131147,0.3090909090909091,0.1411764705882353,0.081967213114754,0.7058823529411765,0.209090909090909,0.7529411764705882,0.0117647058823529,2.481818181818182,0.6,0.5181818181818182,0.7363636363636363,0.6272727272727273,0.0,2107.2901845865,96.42811025789216,843.6908847114046,218.1583629741401,1.1289090539225948,0.132729965805263,10275.138604048652,1848.4759257948144,556.7340655613364,106.58735148063748,0.2875176446819301,0.0669595630544956,0.1888958943903147,0.0485973224531062,0.5376209016357903,0.0604682556396547,16.439188349193124,0.5697610312144397,0.374362578311778,0,1.0700703848522297,1.2233730565772065
sdy,ct,56,70.17857142857143,22.323337660864865,0.5178571428571429,0.4107142857142857,81.01785714285714,78.94642857142857,2.071428571428572,1.9107142857142856,0.3571428571428571,0.0535714285714285,0.3793103448275862,0.2424242424242424,0.3392857142857143,0.0689655172413793,0.1515151515151515,0.2857142857142857,0.1071428571428571,0.7931034482758621,0.0,2.107142857142857,0.375,0.5535714285714286,0.5892857142857143,0.5892857142857143,0.0,2013.093340953865,78.26733174903552,686.8651612592512,181.4315541703945,0.947698740228329,0.1287423444478806,8187.7454835027775,1547.1973051805564,500.846909587381,129.85360261144484,0.349842938695804,0.0567765201691529,0.2127381846971388,0.0359326877403811,0.5879103790918586,0.0757435285021013,13.332388477481716,0.6411468673834065,0.4135338426309046,1,-0.44321996606918357,-2.07496417613142
sh1ro,ct,161,78.98757763975155,21.663055146256816,0.782608695652174,0.5714285714285714,105.51552795031056,67.55900621118012,37.95652173913044,6.565217391304348,0.2546583850931677,0.0434782608695652,0.2619047619047619,0.1739130434782608,0.2795031055900621,0.1507936507936507,0.072463768115942,0.7916666666666666,0.1490683229813664,0.2619047619047619,0.4682539682539682,2.3229813664596275,0.4720496894409938,0.7329192546583851,0.6645962732919255,0.453416149068323,0.0,2093.2097561243777,75.76170880573689,731.8071572447471,142.68110147245264,0.9819198494154404,0.0823585629678118,8977.275308875378,1109.4778011821502,550.0655364219548,72.17499130071079,0.2464063052973847,0.0552391298022753,0.1300003664455098,0.0320667734586968,0.5933706636156024,0.0578774003923943,9.552895587288548,0.4736621041503226,0.3366269330142121,3,-3.111362297101595,3.213581906570205
siuhy,ct,142,70.53521126760563,31.293751021340324,0.6338028169014085,0.3450704225352112,88.92957746478874,92.22535211267606,-3.295774647887324,8.17605633802817,0.352112676056338,0.1056338028169014,0.1888888888888888,0.2580645161290322,0.2887323943661972,0.1666666666666666,0.1720430107526881,0.4838709677419355,0.1338028169014084,0.7222222222222222,0.0,2.704225352112676,0.6690140845070423,0.7112676056338029,0.7183098591549296,0.6056338028169014,0.0,2006.7700664707063,152.84324413674628,639.5718472642557,163.83732903182624,0.8899628341049979,0.1106366964265829,8324.266925998314,1222.658193708519,444.4833271415274,68.84221650466569,0.3551712881644204,0.0850852573105501,0.2007167955017361,0.0669520622619219,0.6008164144398378,0.0763857789586119,16.43478143500322,0.7381647768317736,0.5504202024532775,1,1.1777517707285292,-1.7767108704861687
sjuush,ct,41,72.5609756097561,13.19781857442573,0.7317073170731707,0.3414634146341463,94.14634146341464,91.97560975609755,2.1707317073170733,3.3902439024390243,0.2195121951219512,0.048780487804878,0.2333333333333333,0.4074074074074074,0.4390243902439024,0.2,0.1111111111111111,0.6666666666666666,0.1463414634146341,0.5666666666666667,0.1333333333333333,2.024390243902439,0.3902439024390244,0.5853658536585366,0.6341463414634146,0.4146341463414634,0.0,2086.6650167176917,108.56933075763835,751.9894028463718,286.6241109910194,1.029371868016878,0.2008277449761348,7911.78014693713,1631.3433656335571,618.0505452979074,122.68685868343604,0.3588118783414467,0.1338452890399611,0.144806813303277,0.0241779126099244,0.6051507260400535,0.0987982277203879,11.550346047939886,0.5147061796684483,0.3914250647186552,0,0.9288766301127295,0.11720318239247243
sk0R,ct,69,80.18840579710145,39.11870014771919,0.8260869565217391,0.3768115942028985,106.18840579710144,88.8840579710145,17.304347826086957,8.333333333333334,0.144927536231884,0.0144927536231884,0.1578947368421052,0.1860465116279069,0.2463768115942029,0.2280701754385964,0.1395348837209302,0.6842105263157895,0.217391304347826,0.5087719298245614,0.1052631578947368,1.6521739130434785,0.5652173913043478,0.2463768115942029,0.5072463768115942,0.3333333333333333,0.0,2037.436742556632,244.03345526986195,684.7695770390152,131.21660445741955,0.944328155646814,0.0821277928923713,7813.302091144408,968.5352014998113,534.740850061515,124.95137437782232,0.3685082185596128,0.1352130503952226,0.2258069114799945,0.0686395050857252,0.618779287953502,0.0513479376204337,12.46935017864006,0.5722532588230144,0.4538262448615847,1,-0.5110331081967343,0.11991207778918292
slaxz-,ct,51,57.19607843137255,9.535860678978528,0.5490196078431373,0.3137254901960784,96.1372549019608,100.50980392156865,-4.372549019607843,5.803921568627451,0.1372549019607843,0.0588235294117647,0.3214285714285714,0.2857142857142857,0.3725490196078431,0.0357142857142857,0.2285714285714285,0.1111111111111111,0.0784313725490196,0.3928571428571428,0.3928571428571428,2.294117647058824,0.4313725490196078,0.6274509803921569,0.6862745098039216,0.5490196078431373,0.0,2105.529012076218,130.57170988918247,811.766213268798,119.76864301406464,1.0260535571085116,0.1002541633491999,7262.532980049399,1038.6817099401724,586.3854226193928,89.42184113260117,0.2653258424655368,0.03850354968162,0.1608928469384707,0.0294979324204661,0.6686062511233748,0.0451071540314471,14.881216928865411,0.4118100290182355,0.3048794899392196,5,-1.9139804000856955,-1.2171746605909735
snow,ct,199,78.58793969849246,21.909681283291608,0.7537688442211056,0.3869346733668342,103.09547738693468,90.71859296482413,12.376884422110551,4.924623115577889,0.2512562814070351,0.0201005025125628,0.1933333333333333,0.221311475409836,0.2814070351758794,0.1333333333333333,0.1065573770491803,0.6060606060606061,0.1909547738693467,0.6666666666666666,0.0266666666666666,2.090452261306533,0.4924623115577889,0.3819095477386934,0.6030150753768844,0.6130653266331658,0.0,1950.203878906188,130.29807755534122,686.1691153952739,156.13719989511975,0.9291167372498694,0.1314600608705249,8268.739927512563,1263.6265008705109,467.5981113257412,88.07456499956739,0.375944446490497,0.0904038560016985,0.2354708837387769,0.0877943933372887,0.6097584782201803,0.0607953560190831,17.68517864964937,0.6880844206507167,0.4805688634662283,1,0.09494823868562706,-1.0336428213180686
soulfly,ct,129,76.79069767441861,17.44454396645355,0.7054263565891473,0.4108527131782946,95.13178294573645,84.84496124031008,10.286821705426355,3.13953488372093,0.2790697674418604,0.0155038759689922,0.1648351648351648,0.3026315789473684,0.2945736434108527,0.1648351648351648,0.0657894736842105,0.75,0.1705426356589147,0.8131868131868132,0.0,2.124031007751938,0.3100775193798449,0.3255813953488372,0.8527131782945736,0.6356589147286822,0.0,2029.8450869160035,134.89275203353318,873.60500593903,179.86084144296447,1.141048123133741,0.0520684626967822,8520.465641733826,1437.2867100273993,584.7312488231453,116.12888041449968,0.3360761048066175,0.1005921711544571,0.1797393225689876,0.0635500067836091,0.6063581693573775,0.0610591154105595,11.831724808080876,0.5455032063591819,0.3603891938114912,0,0.4267968794891952,0.004435375269625671
stavn,ct,41,68.5609756097561,24.898014819967248,0.7804878048780488,0.4146341463414634,107.17073170731707,102.04878048780488,5.121951219512195,1.048780487804878,0.0,0.0,0.34375,0.125,0.3414634146341463,0.09375,0.0833333333333333,0.6,0.2195121951219512,0.03125,0.71875,1.6829268292682926,0.3658536585365853,0.6341463414634146,0.4390243902439024,0.2439024390243902,0.0,2130.34042645438,53.14449812081575,682.3680777170528,74.49555454522645,0.9881315149691332,0.0636695420547633,8732.454133553656,1553.025788735019,563.9546971790791,81.2342608462355,0.2920091745090261,0.0823076247609718,0.1419377803767691,0.0284670257120442,0.6044779104998563,0.0791501107203679,19.501899242742336,0.7317794949072204,0.605885193761157,3,-3.808049910267421,3.540001995157638
stressarN,ct,93,77.45161290322581,32.46015703171379,0.7526881720430108,0.3548387096774194,96.01075268817203,90.96774193548389,5.043010752688172,5.763440860215054,0.2473118279569892,0.010752688172043,0.2571428571428571,0.2166666666666666,0.3333333333333333,0.1285714285714285,0.0833333333333333,0.6428571428571429,0.1935483870967742,0.7571428571428571,0.0,1.8172043010752688,0.4838709677419355,0.4193548387096774,0.5053763440860215,0.4086021505376344,0.0,1979.7581324890496,204.74780062534944,659.1899434416918,166.0375279885938,0.8928680763452851,0.1552480079242553,8765.951776186626,776.2275175114241,507.459686574527,98.84306144757048,0.3842409789622749,0.1150039469683893,0.2438066362040534,0.0419771646788506,0.5849830803226119,0.0507625742606783,20.59839986831468,0.8412228503854136,0.5040491794319271,1,0.20013945377303188,-1.0297107251677677
susp,ct,86,67.37209302325581,24.843212377773643,0.5930232558139535,0.4534883720930232,81.30232558139535,81.29069767441861,0.0116279069767441,2.4069767441860463,0.1511627906976744,0.0,0.2156862745098039,0.1914893617021276,0.2325581395348837,0.1176470588235294,0.1489361702127659,0.4615384615384615,0.1395348837209302,0.6078431372549019,0.0,1.7325581395348837,0.5,0.2558139534883721,0.5465116279069767,0.4302325581395348,0.0,2101.209289037257,139.59961350253027,945.7278146570088,258.84591969394467,1.1529348642431336,0.1844337504683784,8680.277490290446,1027.4502145701856,608.572609463974,155.34625281411553,0.3232911622746945,0.0924080568747873,0.2108949920521771,0.0890029915425919,0.5844993290104289,0.0515554772886388,13.465511013046386,0.6324161172900032,0.430798753486612,5,0.21535913549992525,-0.7824943331048132
tN1R,ct,161,81.73913043478261,32.29356516081502,0.8198757763975155,0.4720496894409938,105.45341614906832,81.24223602484471,24.211180124223603,5.062111801242236,0.217391304347826,0.0248447204968944,0.2424242424242424,0.3058823529411765,0.3602484472049689,0.1590909090909091,0.1529411764705882,0.6176470588235294,0.186335403726708,0.7803030303030303,0.0,2.732919254658385,0.4968944099378882,0.7204968944099379,0.7701863354037267,0.7453416149068323,0.0,2015.4282029981607,108.68552581200304,811.058241042418,166.77873140570503,1.0547494264885098,0.0985950143228814,8536.742356611114,1274.0419257676656,563.041773024843,105.51798851527184,0.3214469972031245,0.0895541918042255,0.1881582622490938,0.0772515878916863,0.5840789273126442,0.0561264428384749,16.414499792069183,0.7607463694542905,0.5584744489250931,0,1.6277030430029713,0.8908639880030407
tenzy,ct,187,80.80213903743315,38.08594613612748,0.786096256684492,0.3689839572192513,103.91978609625669,93.72727272727272,10.192513368983958,5.021390374331551,0.2245989304812834,0.0106951871657754,0.272108843537415,0.2711864406779661,0.3850267379679144,0.1224489795918367,0.1101694915254237,0.5806451612903226,0.1871657754010695,0.8027210884353742,0.0,1.9732620320855612,0.3689839572192513,0.4919786096256685,0.5828877005347594,0.5294117647058824,0.0,2036.135111000655,128.81621879166397,808.8708162847513,141.48309372843732,1.0264679009850146,0.1145760639483461,9162.74459297061,1323.9985823528189,536.6728428988442,62.61803980020552,0.3573727086022071,0.0561296124419244,0.1990409724746375,0.0455433697784463,0.5689338528022907,0.0413016443171103,26.145651736159685,0.7860486566541109,0.6196052712060107,1,0.27717137090819566,0.40296686612071747
torzsi,ct,335,76.23283582089552,25.461695685943347,0.7910447761194029,0.5194029850746269,115.32835820895522,72.37910447761195,42.94925373134328,3.6029850746268655,0.1462686567164179,0.0417910447761194,0.1660377358490566,0.2360248447204969,0.244776119402985,0.1773584905660377,0.1428571428571428,0.6714285714285714,0.2059701492537313,0.1924528301886792,0.5773584905660377,1.8865671641791044,0.3522388059701492,0.4805970149253731,0.5761194029850746,0.4776119402985074,0.0,2104.6461794213137,114.38192001567886,707.6504690636871,101.37254242155852,1.0010973927800888,0.1056833294507612,8566.216632975225,1305.5340342111394,552.3252055349309,58.75590799725303,0.2886689905591474,0.0789518037656529,0.1632497979661403,0.0581390755497582,0.6154977807999047,0.0488786942456129,13.137822570264465,0.651499905092415,0.4658375880380278,3,-2.9056477769651567,3.615807865979698
try,ct,56,78.60714285714286,21.853790945678163,0.8035714285714286,0.5714285714285714,123.28571428571428,67.67857142857143,55.60714285714285,2.482142857142857,0.1607142857142857,0.0,0.2,0.1666666666666666,0.2321428571428571,0.2444444444444444,0.0833333333333333,0.8461538461538461,0.2142857142857142,0.2,0.6,1.5178571428571428,0.3214285714285714,0.3571428571428571,0.4821428571428571,0.3571428571428571,0.0,2135.3287536416824,109.87679025769424,704.5093873263428,115.64457072528722,0.9802578763002032,0.1071562736265328,9169.895599110465,547.2481879432727,535.1731571911128,47.83565475933072,0.2362342642669924,0.0851789654516618,0.1470006789844056,0.0668116869385024,0.5776453493249221,0.0326152503904093,10.09372804918802,0.5587049758146064,0.2572468341937683,3,-4.776038997116067,4.435583295296333
ultimate,ct,142,77.3943661971831,25.492917695071892,0.795774647887324,0.4507042253521127,113.30281690140843,76.7605633802817,36.54225352112676,1.5774647887323945,0.1338028169014084,0.028169014084507,0.2035398230088495,0.2435897435897435,0.2957746478873239,0.1858407079646017,0.141025641025641,0.65625,0.204225352112676,0.2300884955752212,0.5221238938053098,1.5211267605633805,0.380281690140845,0.3309859154929577,0.5,0.3098591549295774,0.0,2123.7800514062374,96.5622112552225,724.58805289367,134.24032894290323,1.000960787662036,0.1492914275003269,8047.726090007124,1176.6416338324827,542.6848234440047,81.93865429634359,0.2830092063362911,0.0686037511115138,0.1488283167126189,0.0375580398534616,0.6246354435535373,0.0416934024063487,16.378460497066513,0.6795549916928678,0.4735138751503616,3,-3.454553841389792,3.237978760616133
v$m,ct,113,64.65486725663717,22.820084506665395,0.4778761061946903,0.3008849557522124,77.86725663716814,91.93805309734512,-14.070796460176991,3.911504424778761,0.2566371681415929,0.0088495575221238,0.0555555555555555,0.2658227848101265,0.2123893805309734,0.1666666666666666,0.2151898734177215,0.3461538461538461,0.0973451327433628,0.5740740740740741,0.0185185185185185,2.168141592920354,0.3893805309734513,0.4778761061946903,0.7168141592920354,0.584070796460177,0.0,2098.4997701077887,140.70005880889883,874.0897973208572,164.06588206175616,1.116410871989196,0.1028695353652013,8051.384044962073,1121.7737885971824,601.0658136523268,138.64645048740394,0.3481929219659315,0.0821253344754216,0.2311573205730914,0.0657584980196394,0.6227813041478547,0.0718061472027917,17.14386528121557,0.4557911523380897,0.4229499537881956,5,0.4737970441496361,-2.401832807870942
venomzera,ct,81,86.48148148148148,30.576487224558967,0.8765432098765432,0.382716049382716,112.22222222222224,87.8641975308642,24.358024691358025,1.7160493827160497,0.2345679012345679,0.0246913580246913,0.1126760563380281,0.4,0.345679012345679,0.2253521126760563,0.08,0.8,0.1975308641975308,0.7887323943661971,0.0,1.7037037037037035,0.4074074074074074,0.2839506172839506,0.5061728395061729,0.5061728395061729,0.0,2025.7535036046304,167.13037752691304,691.591528543297,66.94979691696197,0.9787599989102524,0.1247293024503441,8687.03027643503,1578.7302751755094,439.8607859656915,69.80782044128192,0.4010993554157456,0.0868859514747019,0.1964236451356744,0.084509707417916,0.5622221058003399,0.0793194007643641,17.072256885146476,0.8473518447746884,0.6855769619619334,1,0.16656298463392608,0.9653500140474185
w0nderful,ct,182,89.63186813186813,25.735311636553952,0.9835164835164836,0.5274725274725275,137.82417582417582,67.0989010989011,70.72527472527473,4.62087912087912,0.2032967032967033,0.0439560439560439,0.2011173184357542,0.3023255813953488,0.3406593406593406,0.2011173184357542,0.1046511627906976,0.8,0.2912087912087912,0.3184357541899441,0.4581005586592179,1.6813186813186811,0.3021978021978022,0.4615384615384615,0.5384615384615384,0.3791208791208791,0.0,2145.154627399528,127.47183767151034,736.194932946054,101.41870915703863,1.0097898635167848,0.1162305281910824,9060.79491323566,1139.3227507310337,533.7825853859622,61.06629527467453,0.2756307891251197,0.0468695532087248,0.1488348568151041,0.0515175712706784,0.5684653251440294,0.0458781025721338,11.726996185356596,0.6264721605540527,0.4274049836776932,3,-2.913231495897245,5.2378608742950235
westmelon,ct,56,75.14285714285714,31.842915951531456,0.6607142857142857,0.3392857142857143,92.85714285714286,95.71428571428572,-2.857142857142857,8.803571428571429,0.3035714285714285,0.125,0.1891891891891892,0.2702702702702703,0.3035714285714285,0.1351351351351351,0.1351351351351351,0.5,0.1607142857142857,0.7027027027027027,0.0,2.875,0.6428571428571429,0.9107142857142856,0.8214285714285714,0.5,0.0,2013.3131725586693,156.52147430548624,620.8347681844183,66.1769848687954,0.8960733705830053,0.1071238331838698,8390.621695348415,1510.6270395142258,464.34281815006113,67.84550018785228,0.4109859849019895,0.1318353854920538,0.2634906093480064,0.0688615713031896,0.6139743867762336,0.0418518088756256,13.608276348795435,0.7924620127593918,0.563297114563232,1,1.7169319266958754,-1.53782156216622
woxic,ct,129,76.92248062015504,21.035518952789555,0.7054263565891473,0.5193798449612403,119.89922480620154,76.0,43.89922480620155,3.968992248062016,0.1472868217054263,0.0310077519379844,0.1538461538461538,0.1612903225806451,0.1860465116279069,0.2307692307692307,0.1290322580645161,0.7241379310344828,0.1472868217054263,0.0769230769230769,0.7582417582417582,1.689922480620155,0.3875968992248062,0.5581395348837209,0.3565891472868217,0.3875968992248062,0.0,2119.834141090893,117.77524265716296,727.555418726368,103.8358903962318,0.9777322928171196,0.0749318592408932,8572.360741479353,876.0760136495684,547.3856721040524,61.46488205054604,0.2444853139832017,0.0829333393431051,0.1341308975872755,0.0666570648427453,0.6288400280784617,0.0387798328884368,8.799901795187159,0.4985264165146747,0.2893551888609662,3,-4.801410267997284,3.826096483948948
xKacpersky,ct,41,92.7560975609756,13.390352905204775,0.8048780487804879,0.2439024390243902,114.92682926829268,114.8048780487805,0.1219512195121951,4.682926829268292,0.3414634146341463,0.024390243902439,0.2727272727272727,0.2258064516129032,0.3902439024390244,0.2424242424242424,0.1612903225806451,0.6153846153846154,0.1463414634146341,0.8484848484848485,0.0,1.975609756097561,0.5853658536585366,0.4146341463414634,0.5121951219512195,0.4634146341463415,0.0,1949.471536205567,128.9680221518273,652.331470065501,133.37357686742942,0.9542122362546568,0.0440062122021758,8027.932756399143,745.3605695766333,502.4951954368338,30.23236917974038,0.3925294390068472,0.1147942015846438,0.2588701954902719,0.0877570644037135,0.6095045575464524,0.038325623704147,11.344765475923408,0.4855482654232795,0.337252798261808,1,-0.08296982719653388,-2.3745134954362164
xeedo,ct,85,74.32941176470588,26.11655473482157,0.7176470588235294,0.4,96.2470588235294,88.08235294117647,8.16470588235294,5.1647058823529415,0.2235294117647059,0.0588235294117647,0.1639344262295081,0.2745098039215686,0.2823529411764706,0.2131147540983606,0.0980392156862745,0.7222222222222222,0.1411764705882353,0.6721311475409836,0.0,2.011764705882353,0.4235294117647059,0.4,0.6235294117647059,0.5647058823529412,0.0,2090.0238770235064,180.895650027828,784.6315976540876,168.04287720234964,1.0948418247439615,0.1920125993932411,10351.876714931172,1872.3798016332128,595.1365166333522,137.56131163185967,0.332731199047082,0.0957542409003375,0.214241534260514,0.0890637153834028,0.5333985609643832,0.0546244583387125,9.026410277429816,0.7843385799624372,0.50918954611746,0,1.6270909266591946,0.371307039053485
xelex,ct,335,76.15820895522388,31.31195308802925,0.7194029850746269,0.4328358208955223,97.31641791044775,82.33432835820895,14.982089552238806,2.8507462686567164,0.2119402985074626,0.035820895522388,0.1701244813278008,0.2947368421052631,0.2895522388059701,0.1410788381742738,0.1105263157894736,0.6181818181818182,0.1761194029850746,0.7468879668049793,0.0041493775933609,2.035820895522388,0.5044776119402985,0.4537313432835821,0.5253731343283582,0.5522388059701493,0.0,2009.0323576715111,142.4170518517193,747.2929408765339,260.29015304351555,1.0058503668183305,0.1718936451841984,8354.844006177182,1599.9007140205324,527.5728356068246,120.6905233079554,0.3548077098548687,0.0835504118736384,0.2209872247728118,0.0556999094088285,0.5947180330919584,0.0564550582316538,17.50831462960571,0.722765241651734,0.5091616988931197,5,0.7004945250935812,-0.20568343685614593
xerolte,ct,69,65.28985507246377,25.186633520460383,0.5362318840579711,0.4202898550724637,83.47826086956522,82.42028985507247,1.0579710144927537,7.623188405797101,0.3478260869565217,0.0579710144927536,0.1621621621621621,0.15,0.1739130434782608,0.081081081081081,0.225,0.25,0.0869565217391304,0.8378378378378378,0.0,2.072463768115942,0.5362318840579711,0.5507246376811594,0.391304347826087,0.5942028985507246,0.0,2115.329418621909,255.5758290941708,806.0244837493979,215.66323438280756,1.051589788851092,0.1378250556018113,8278.234613139988,1465.1347832604715,552.166789348941,136.17871379057863,0.3428786410972083,0.11847353298608,0.20205889600875,0.0829003859509606,0.5910996063389403,0.0666292966751606,23.41945692066871,0.6476237442931934,0.5060885798054912,5,1.5717556541298376,-2.4267929092665703
xertioN,ct,335,108.98507462686568,31.833941276280385,0.9791044776119404,0.4567164179104477,132.3134328358209,81.7820895522388,50.53134328358209,11.576119402985077,0.3194029850746269,0.0298507462686567,0.1646341463414634,0.2912087912087912,0.3194029850746269,0.198170731707317,0.1318681318681318,0.7303370786516854,0.2686567164179104,0.8292682926829268,0.0,2.8328358208955224,0.7940298507462686,0.5402985074626866,0.7522388059701492,0.7432835820895523,0.0029850746268656,2004.5718762708748,176.56972596874422,640.8953626619469,166.24168934637098,0.9158199592601844,0.1450202328607359,9229.710945196266,1384.3506279969895,517.7576104005948,104.46565038269848,0.3480028387514464,0.0925304453824834,0.2278439533433863,0.0712787683713773,0.557920766205629,0.0574810517697556,14.135823228369189,0.838537838939447,0.5934132103805709,0,2.9231044837885825,1.1291939491995628
xfl0ud,ct,86,75.74418604651163,33.9297813433618,0.6046511627906976,0.3604651162790697,89.76744186046511,100.75581395348836,-10.988372093023257,14.33720930232558,0.313953488372093,0.0232558139534883,0.1538461538461538,0.2181818181818181,0.2325581395348837,0.1538461538461538,0.2181818181818181,0.4,0.1860465116279069,0.6730769230769231,0.0192307692307692,2.244186046511628,0.7325581395348837,0.4186046511627907,0.5930232558139535,0.5,0.0,2075.096571605558,129.41919229322713,730.6480513067326,172.2557193176597,0.9452804413577672,0.1986051721526423,8249.11336699985,1535.167212397008,529.0667948071819,117.71132123777866,0.3165432953651358,0.071109681945429,0.1709098630124321,0.0456601817458827,0.6161940121374626,0.0384763063051917,19.74827412878805,0.8176912761555593,0.6331365260731264,1,1.192886465474829,-1.444991330791245
xiELO,ct,150,75.65333333333334,33.462690266154816,0.6933333333333334,0.3933333333333333,97.90666666666668,88.74666666666667,9.16,7.986666666666666,0.2466666666666666,0.02,0.1923076923076923,0.2637362637362637,0.2933333333333333,0.125,0.1208791208791208,0.5416666666666666,0.16,0.6923076923076923,0.0192307692307692,2.46,0.7,0.46,0.6733333333333333,0.6266666666666667,0.0,2003.5428792611535,154.64831841714923,745.5090135554111,169.79562152304908,1.0026979805624003,0.1652327928183183,9592.521996112724,1752.7176610112183,517.7931760850113,89.35246666300345,0.3581942341378258,0.0737638913887061,0.2105081805249218,0.0573876421797972,0.5607945250155708,0.0593262043435513,17.424787079631557,0.76476495926873,0.5414976998820138,0,1.60514947057513,-0.6954846732875264
yuurih,ct,126,67.63492063492063,25.66007380977441,0.6428571428571429,0.4523809523809524,83.84920634920636,87.97619047619048,-4.126984126984127,2.7222222222222223,0.1746031746031746,0.0238095238095238,0.3086419753086419,0.3478260869565217,0.3888888888888889,0.0987654320987654,0.1304347826086956,0.4705882352941176,0.1349206349206349,0.7654320987654321,0.0,2.7301587301587302,0.5714285714285714,0.6825396825396826,0.7777777777777778,0.6984126984126984,0.0,1969.5202740478087,226.89617470082797,747.7555965385607,257.71114363919946,0.9893528848576928,0.188172532131056,8084.527350998249,1381.905776674396,519.4138426346271,91.69678986736028,0.3564068402834038,0.1061296377844519,0.2249376000473415,0.0679192223583906,0.6207464719737535,0.0684216751692201,12.90463133731952,0.5107617274002337,0.3856034619468261,0,2.364945002914508,-1.8509776487116092
yxngstxr,ct,86,76.06976744186046,12.202116726896524,0.7209302325581395,0.3953488372093023,111.3720930232558,85.51162790697674,25.86046511627907,7.197674418604652,0.1976744186046511,0.0232558139534883,0.2096774193548387,0.2115384615384615,0.2790697674418604,0.1935483870967742,0.1153846153846153,0.6666666666666666,0.1860465116279069,0.2419354838709677,0.4838709677419355,1.558139534883721,0.3953488372093023,0.3604651162790697,0.4651162790697674,0.3372093023255814,0.0,2066.1093687442653,70.68222439038561,720.1804636951597,137.63866994194996,0.9435024334679564,0.1218806896563575,7879.381944634556,1378.8878053193346,530.2866080173629,77.14372130920152,0.2982126766505178,0.0876457056919655,0.1927609581676328,0.0762824725104916,0.6325547018764728,0.056746214982139,13.530724513672482,0.314454083187607,0.3137066763674166,3,-3.0830602707041495,1.362785462180036
z4kr,ct,56,80.375,31.229070769254584,0.7142857142857143,0.4464285714285714,102.66071428571428,80.41071428571429,22.25,3.571428571428572,0.3214285714285714,0.1607142857142857,0.075,0.2258064516129032,0.1785714285714285,0.3,0.2258064516129032,0.631578947368421,0.1964285714285714,0.1,0.475,1.9642857142857144,0.3928571428571428,0.7142857142857143,0.625,0.2321428571428571,0.0,2214.317211580998,130.02668949207484,731.4669082383277,118.15133723954332,0.9939477491419916,0.1212996206448062,8414.62365488969,805.1850701946703,547.1439199692102,92.91449094695336,0.2532858121491119,0.1127441279980981,0.1210795880448539,0.0370831018181317,0.6431573679850092,0.0389681801932679,28.218722442667325,1.136754884162222,0.7986526077344523,3,-1.8052847152736151,4.314212678622871
zont1x,ct,161,71.71428571428571,25.64386052998464,0.6273291925465838,0.422360248447205,86.01863354037268,79.80745341614907,6.211180124223603,10.819875776397517,0.2857142857142857,0.0372670807453416,0.1881188118811881,0.3010752688172043,0.2919254658385093,0.1881188118811881,0.0967741935483871,0.6785714285714286,0.1366459627329192,0.7722772277227723,0.0,2.4347826086956523,0.5900621118012422,0.5962732919254659,0.6273291925465838,0.6211180124223602,0.0,2025.962223680716,145.83492285429705,821.2619786663138,200.85149040537905,1.08098231835438,0.1096835436830025,9581.808804884988,1304.3463227529871,573.7099804653344,64.02640245776666,0.328164438943751,0.0838488283714946,0.2209185547406883,0.0780765335913904,0.5685218533733125,0.0624579533484326,11.719892048215204,0.4638875185025177,0.3454256372869405,0,1.205526235649036,-0.6840622909097926
zorte,ct,131,78.0381679389313,27.571450306665184,0.8015267175572519,0.4427480916030534,110.87786259541984,79.93893129770993,30.938931297709924,2.763358778625954,0.1297709923664122,0.0076335877862595,0.1142857142857142,0.1917808219178082,0.1984732824427481,0.2095238095238095,0.1506849315068493,0.6666666666666666,0.1908396946564885,0.2,0.580952380952381,1.5114503816793894,0.3282442748091603,0.3893129770992366,0.4961832061068702,0.2977099236641221,0.0,2134.810516435552,100.22065413579357,708.1367602408045,117.02664118684844,1.0346428762401354,0.1351749150367305,8437.88385128179,1197.0518388210871,561.7079297608176,86.69039818427495,0.268428792866178,0.0428235607053372,0.1525362187923454,0.0491366531460777,0.6252284020809145,0.0433720121993257,16.12259525619931,0.7754624115358789,0.5525193168375993,3,-3.7733316106132473,3.3840111231947256
zweih,ct,150,69.91333333333333,22.65015937230881,0.6866666666666666,0.4266666666666667,91.97333333333331,79.68666666666667,12.286666666666669,5.18,0.12,0.0,0.2233009708737864,0.1976744186046511,0.2666666666666666,0.1359223300970873,0.1046511627906976,0.6086956521739131,0.1333333333333333,0.6699029126213593,0.1067961165048543,2.18,0.3933333333333333,0.5533333333333333,0.6733333333333333,0.56,0.0,2148.710566836366,169.9941598846698,884.4341663692682,174.97990329738036,1.134766202120821,0.119950563099621,10002.321857392752,1270.3749748972682,620.469703822062,148.9805175679432,0.2711808491631375,0.0851650693782619,0.1754922788588487,0.050464106817453,0.5589363456550721,0.0465353710832095,16.987878014119577,0.5636809435134105,0.5105950701476438,5,0.012110941285115837,0.7753191938937984
